ISO-10303-21;
HEADER;
FILE_DESCRIPTION (( 'STEP AP214' ),
    '1' );
FILE_NAME ('CSD16407Q5.STEP',
    '2021-10-03T18:37:10',
    ( '' ),
    ( '' ),
    'SwSTEP 2.0',
    'SolidWorks 2020',
    '' );
FILE_SCHEMA (( 'AUTOMOTIVE_DESIGN' ));
ENDSEC;

DATA;
#1 = AXIS2_PLACEMENT_3D ( 'NONE', #2430, #35, #3263 ) ;
#2 = VECTOR ( 'NONE', #1320, 1000.000000000000000 ) ;
#3 = CARTESIAN_POINT ( 'NONE',  ( -2.999999999999999112, 0.000000000000000000, -0.4300000000000002709 ) ) ;
#4 = CARTESIAN_POINT ( 'NONE',  ( 3.000000000000000000, 0.2500000000000000000, 1.699999999999999734 ) ) ;
#5 = CARTESIAN_POINT ( 'NONE',  ( -2.999999999999999112, 0.000000000000000000, -2.110000000000000320 ) ) ;
#6 = VECTOR ( 'NONE', #2623, 1000.000000000000000 ) ;
#7 = EDGE_CURVE ( 'NONE', #1471, #1469, #1357, .T. ) ;
#8 = CARTESIAN_POINT ( 'NONE',  ( -1.324999999999986855, 0.2500000000000000000, -6.935155275726177751E-15 ) ) ;
#9 = VERTEX_POINT ( 'NONE', #2891 ) ;
#10 = DIRECTION ( 'NONE',  ( 5.234079453378299335E-15, 0.000000000000000000, -1.000000000000000000 ) ) ;
#11 = EDGE_LOOP ( 'NONE', ( #1571, #1166, #1124, #1183 ) ) ;
#12 = AXIS2_PLACEMENT_3D ( 'NONE', #1022, #2100, #3110 ) ;
#13 = CARTESIAN_POINT ( 'NONE',  ( -2.199999999999999289, 1.050000000000000044, -2.100000000000000089 ) ) ;
#14 = ORIENTED_EDGE ( 'NONE', *, *, #2649, .T. ) ;
#15 = LINE ( 'NONE', #1095, #1173 ) ;
#16 = DIRECTION ( 'NONE',  ( -1.000000000000000000, 0.000000000000000000, -0.000000000000000000 ) ) ;
#17 = AXIS2_PLACEMENT_3D ( 'NONE', #3274, #886, #629 ) ;
#18 = LINE ( 'NONE', #2974, #1083 ) ;
#19 = ADVANCED_FACE ( 'NONE', ( #2945, #1575 ), #2108, .F. ) ;
#20 = EDGE_CURVE ( 'NONE', #3378, #730, #3167, .T. ) ;
#21 = VECTOR ( 'NONE', #1624, 1000.000000000000000 ) ;
#22 = DIRECTION ( 'NONE',  ( -0.000000000000000000, 0.000000000000000000, 1.000000000000000000 ) ) ;
#23 = DIRECTION ( 'NONE',  ( -1.000000000000000000, 0.000000000000000000, -7.109522442527915774E-16 ) ) ;
#24 = DIRECTION ( 'NONE',  ( 0.000000000000000000, 0.000000000000000000, 1.000000000000000000 ) ) ;
#25 = VECTOR ( 'NONE', #1324, 1000.000000000000000 ) ;
#26 = ADVANCED_FACE ( 'NONE', ( #1846 ), #288, .F. ) ;
#27 = ORIENTED_EDGE ( 'NONE', *, *, #2500, .F. ) ;
#28 = DIRECTION ( 'NONE',  ( 0.000000000000000000, 0.000000000000000000, -1.000000000000000000 ) ) ;
#29 = EDGE_LOOP ( 'NONE', ( #1718, #665 ) ) ;
#30 = ORIENTED_EDGE ( 'NONE', *, *, #226, .T. ) ;
#31 = VERTEX_POINT ( 'NONE', #2173 ) ;
#32 = DIRECTION ( 'NONE',  ( -1.053902476292106240E-16, 0.000000000000000000, 1.000000000000000000 ) ) ;
#33 = VERTEX_POINT ( 'NONE', #783 ) ;
#34 = CARTESIAN_POINT ( 'NONE',  ( 0.000000000000000000, -0.000000000000000000, -2.209999999999999964 ) ) ;
#35 = DIRECTION ( 'NONE',  ( 7.109522442527951273E-16, 0.000000000000000000, -1.000000000000000000 ) ) ;
#36 = FACE_OUTER_BOUND ( 'NONE', #1418, .T. ) ;
#37 = DIRECTION ( 'NONE',  ( 0.000000000000000000, 0.000000000000000000, -1.000000000000000000 ) ) ;
#38 = DIRECTION ( 'NONE',  ( 1.000000000000000000, 0.000000000000000000, 0.000000000000000000 ) ) ;
#39 = DIRECTION ( 'NONE',  ( 0.7071067811865477948, 0.000000000000000000, 0.7071067811865473507 ) ) ;
#40 = EDGE_CURVE ( 'NONE', #2010, #628, #2908, .T. ) ;
#41 = ORIENTED_EDGE ( 'NONE', *, *, #385, .F. ) ;
#42 = FACE_OUTER_BOUND ( 'NONE', #120, .T. ) ;
#43 = ORIENTED_EDGE ( 'NONE', *, *, #1904, .F. ) ;
#44 = VERTEX_POINT ( 'NONE', #5 ) ;
#45 = ORIENTED_EDGE ( 'NONE', *, *, #2818, .T. ) ;
#46 = CARTESIAN_POINT ( 'NONE',  ( 3.000000000000000000, 0.2500000000000000000, 2.109999999999999876 ) ) ;
#47 = ORIENTED_EDGE ( 'NONE', *, *, #2300, .F. ) ;
#48 = CARTESIAN_POINT ( 'NONE',  ( -2.390000000000000568, 0.2500000000000000000, 0.000000000000000000 ) ) ;
#49 = CARTESIAN_POINT ( 'NONE',  ( 2.250000000000005329, 0.2500000000000000000, -2.249999999999995115 ) ) ;
#50 = DIRECTION ( 'NONE',  ( 0.000000000000000000, -0.000000000000000000, -1.000000000000000000 ) ) ;
#51 = EDGE_CURVE ( 'NONE', #1597, #2177, #251, .T. ) ;
#52 = LINE ( 'NONE', #915, #2566 ) ;
#53 = DIRECTION ( 'NONE',  ( 0.000000000000000000, 0.000000000000000000, -1.000000000000000000 ) ) ;
#54 = CARTESIAN_POINT ( 'NONE',  ( 0.000000000000000000, 0.2500000000000000000, -2.500000000000000000 ) ) ;
#55 = VECTOR ( 'NONE', #1441, 1000.000000000000000 ) ;
#56 = EDGE_CURVE ( 'NONE', #2002, #2458, #1081, .T. ) ;
#57 = EDGE_CURVE ( 'NONE', #1118, #1947, #258, .T. ) ;
#58 = VECTOR ( 'NONE', #1007, 1000.000000000000000 ) ;
#59 = VECTOR ( 'NONE', #2644, 1000.000000000000000 ) ;
#60 = ADVANCED_FACE ( 'NONE', ( #833 ), #1893, .T. ) ;
#61 = ORIENTED_EDGE ( 'NONE', *, *, #2277, .F. ) ;
#62 = LINE ( 'NONE', #919, #2532 ) ;
#63 = ORIENTED_EDGE ( 'NONE', *, *, #2137, .T. ) ;
#64 = PRESENTATION_LAYER_ASSIGNMENT (  '', '', ( #2796 ) ) ;
#65 = VERTEX_POINT ( 'NONE', #306 ) ;
#66 = ORIENTED_EDGE ( 'NONE', *, *, #1485, .F. ) ;
#67 = CARTESIAN_POINT ( 'NONE',  ( -2.390000000000000568, 0.2500000000000000000, 0.000000000000000000 ) ) ;
#68 = EDGE_CURVE ( 'NONE', #3324, #2543, #1381, .T. ) ;
#69 = VERTEX_POINT ( 'NONE', #1116 ) ;
#70 = CARTESIAN_POINT ( 'NONE',  ( -1.074999999999998179, 0.2500000000000000000, -2.209999999999999964 ) ) ;
#71 = DIRECTION ( 'NONE',  ( -0.000000000000000000, -1.000000000000000000, -0.000000000000000000 ) ) ;
#72 = CARTESIAN_POINT ( 'NONE',  ( -2.390000000000000568, 0.2500000000000000000, -2.110000000000000320 ) ) ;
#73 = ADVANCED_FACE ( 'NONE', ( #1943 ), #357, .T. ) ;
#74 = AXIS2_PLACEMENT_3D ( 'NONE', #2550, #1228, #3278 ) ;
#75 = DIRECTION ( 'NONE',  ( -0.000000000000000000, 0.000000000000000000, 1.000000000000000000 ) ) ;
#76 = CARTESIAN_POINT ( 'NONE',  ( 0.000000000000000000, 0.000000000000000000, -2.110000000000000320 ) ) ;
#77 = CARTESIAN_POINT ( 'NONE',  ( 0.000000000000000000, 0.2500000000000000000, 2.209999999999999964 ) ) ;
#78 = VECTOR ( 'NONE', #140, 1000.000000000000000 ) ;
#79 = VECTOR ( 'NONE', #2554, 1000.000000000000000 ) ;
#80 = CARTESIAN_POINT ( 'NONE',  ( -1.324999999999999734, 0.2500000000000000000, 0.000000000000000000 ) ) ;
#81 = ORIENTED_EDGE ( 'NONE', *, *, #1910, .T. ) ;
#82 = UNCERTAINTY_MEASURE_WITH_UNIT (LENGTH_MEASURE( 1.000000000000000082E-05 ), #1599, 'distance_accuracy_value', 'NONE');
#83 = ORIENTED_EDGE ( 'NONE', *, *, #1091, .T. ) ;
#84 = ORIENTED_EDGE ( 'NONE', *, *, #1671, .F. ) ;
#85 = LINE ( 'NONE', #1223, #78 ) ;
#86 = EDGE_LOOP ( 'NONE', ( #2305, #3275, #3251, #985 ) ) ;
#87 = CARTESIAN_POINT ( 'NONE',  ( -2.390000000000000568, 0.2500000000000000000, -0.8400000000000003020 ) ) ;
#88 = CARTESIAN_POINT ( 'NONE',  ( 3.000000000000000000, 0.2500000000000000000, 0.000000000000000000 ) ) ;
#89 = DIRECTION ( 'NONE',  ( 0.000000000000000000, 0.000000000000000000, 1.000000000000000000 ) ) ;
#90 = EDGE_CURVE ( 'NONE', #279, #925, #1979, .T. ) ;
#91 = LINE ( 'NONE', #373, #2847 ) ;
#92 = DIRECTION ( 'NONE',  ( 0.7071067811865477948, 0.000000000000000000, 0.7071067811865473507 ) ) ;
#93 = EDGE_CURVE ( 'NONE', #1967, #3372, #2994, .T. ) ;
#94 = DIRECTION ( 'NONE',  ( -1.000000000000000000, 0.000000000000000000, 0.000000000000000000 ) ) ;
#95 = EDGE_CURVE ( 'NONE', #3018, #2966, #375, .T. ) ;
#96 = ORIENTED_EDGE ( 'NONE', *, *, #857, .F. ) ;
#97 = EDGE_LOOP ( 'NONE', ( #425, #3122, #1242, #1678 ) ) ;
#98 = ORIENTED_EDGE ( 'NONE', *, *, #3370, .F. ) ;
#99 = CARTESIAN_POINT ( 'NONE',  ( -2.390000000000000568, -0.000000000000000000, 0.000000000000000000 ) ) ;
#100 = ORIENTED_EDGE ( 'NONE', *, *, #2210, .T. ) ;
#101 = LINE ( 'NONE', #2736, #1576 ) ;
#102 = DIRECTION ( 'NONE',  ( -0.000000000000000000, 0.000000000000000000, 1.000000000000000000 ) ) ;
#103 = LINE ( 'NONE', #2029, #1864 ) ;
#104 = CARTESIAN_POINT ( 'NONE',  ( 3.000000000000000000, 0.2500000000000000000, 2.109999999999999876 ) ) ;
#105 = DIRECTION ( 'NONE',  ( 0.000000000000000000, -1.000000000000000000, 0.000000000000000000 ) ) ;
#106 = EDGE_CURVE ( 'NONE', #183, #207, #851, .T. ) ;
#107 = DIRECTION ( 'NONE',  ( -0.7071067811865477948, 0.000000000000000000, -0.7071067811865473507 ) ) ;
#108 = MANIFOLD_SOLID_BREP ( 'Pin 1 Mark', #3249 ) ;
#109 = DIRECTION ( 'NONE',  ( -1.000000000000000000, 0.000000000000000000, 0.000000000000000000 ) ) ;
#110 = VECTOR ( 'NONE', #2203, 1000.000000000000000 ) ;
#111 = MANIFOLD_SOLID_BREP ( 'Pin 3', #2529 ) ;
#112 = VECTOR ( 'NONE', #1973, 1000.000000000000000 ) ;
#113 = VECTOR ( 'NONE', #2890, 1000.000000000000000 ) ;
#114 = ADVANCED_FACE ( 'NONE', ( #3008 ), #3268, .T. ) ;
#115 = CARTESIAN_POINT ( 'NONE',  ( -2.999999999999999112, 0.000000000000000000, -1.700000000000000400 ) ) ;
#116 = ORIENTED_EDGE ( 'NONE', *, *, #1527, .T. ) ;
#117 = VECTOR ( 'NONE', #2564, 1000.000000000000000 ) ;
#118 = VECTOR ( 'NONE', #2689, 1000.000000000000000 ) ;
#119 = ORIENTED_EDGE ( 'NONE', *, *, #1360, .F. ) ;
#120 = EDGE_LOOP ( 'NONE', ( #247, #2259, #908, #1453 ) ) ;
#121 = PLANE ( 'NONE',  #1142 ) ;
#122 = ORIENTED_EDGE ( 'NONE', *, *, #1288, .F. ) ;
#123 =( NAMED_UNIT ( * ) SI_UNIT ( $, .STERADIAN. ) SOLID_ANGLE_UNIT ( ) );
#124 = CARTESIAN_POINT ( 'NONE',  ( 3.000000000000000000, 0.000000000000000000, 1.699999999999999734 ) ) ;
#125 = LINE ( 'NONE', #2254, #1477 ) ;
#126 = CARTESIAN_POINT ( 'NONE',  ( -1.074999999999998179, 0.2500000000000000000, -2.500000000000000000 ) ) ;
#127 = CARTESIAN_POINT ( 'NONE',  ( 0.000000000000000000, 0.2500000000000000000, 0.000000000000000000 ) ) ;
#128 = FACE_OUTER_BOUND ( 'NONE', #1538, .T. ) ;
#129 = DIRECTION ( 'NONE',  ( 0.000000000000000000, -1.000000000000000000, 0.000000000000000000 ) ) ;
#130 = ADVANCED_FACE ( 'NONE', ( #128 ), #1929, .T. ) ;
#131 = AXIS2_PLACEMENT_3D ( 'NONE', #144, #406, #2810 ) ;
#132 = VECTOR ( 'NONE', #1216, 1000.000000000000000 ) ;
#133 = VECTOR ( 'NONE', #517, 1000.000000000000000 ) ;
#134 = DIRECTION ( 'NONE',  ( -1.000000000000000000, -0.000000000000000000, -0.000000000000000000 ) ) ;
#135 = VERTEX_POINT ( 'NONE', #894 ) ;
#136 = VECTOR ( 'NONE', #3200, 1000.000000000000000 ) ;
#137 = ORIENTED_EDGE ( 'NONE', *, *, #2948, .T. ) ;
#138 = VERTEX_POINT ( 'NONE', #163 ) ;
#139 = EDGE_CURVE ( 'NONE', #3429, #1568, #1481, .T. ) ;
#140 = DIRECTION ( 'NONE',  ( 0.000000000000000000, 0.000000000000000000, -1.000000000000000000 ) ) ;
#141 = VERTEX_POINT ( 'NONE', #1742 ) ;
#142 = LINE ( 'NONE', #1989, #1015 ) ;
#143 = LINE ( 'NONE', #387, #1954 ) ;
#144 = CARTESIAN_POINT ( 'NONE',  ( -1.500109235373388548E-15, 0.2500000000000000000, 2.109999999999997655 ) ) ;
#145 = CARTESIAN_POINT ( 'NONE',  ( -1.629999999999998117, 0.2500000000000000000, -2.210000000000000409 ) ) ;
#146 = CARTESIAN_POINT ( 'NONE',  ( -2.999999999999999112, 1.050000000000000044, 2.500000000000000000 ) ) ;
#147 = ORIENTED_EDGE ( 'NONE', *, *, #1645, .T. ) ;
#148 = CARTESIAN_POINT ( 'NONE',  ( 3.000000000000000000, 0.2500000000000000000, 2.109999999999999876 ) ) ;
#149 =( NAMED_UNIT ( * ) SI_UNIT ( $, .STERADIAN. ) SOLID_ANGLE_UNIT ( ) );
#150 = VERTEX_POINT ( 'NONE', #429 ) ;
#151 = LINE ( 'NONE', #1764, #700 ) ;
#152 = ORIENTED_EDGE ( 'NONE', *, *, #995, .T. ) ;
#153 = ORIENTED_EDGE ( 'NONE', *, *, #470, .F. ) ;
#154 = DIRECTION ( 'NONE',  ( 1.000000000000000000, 0.000000000000000000, 0.000000000000000000 ) ) ;
#155 = CARTESIAN_POINT ( 'NONE',  ( 2.390000000000000124, 0.2500000000000000000, -0.8400000000000003020 ) ) ;
#156 = EDGE_LOOP ( 'NONE', ( #1419, #3271, #1748, #3160 ) ) ;
#157 = DIRECTION ( 'NONE',  ( 1.000000000000000000, 0.000000000000000000, 0.000000000000000000 ) ) ;
#158 = DIRECTION ( 'NONE',  ( 1.000000000000000000, 0.000000000000000000, 7.109522442527915774E-16 ) ) ;
#159 = PLANE ( 'NONE',  #131 ) ;
#160 = ORIENTED_EDGE ( 'NONE', *, *, #2145, .T. ) ;
#161 = CARTESIAN_POINT ( 'NONE',  ( 3.000000000000000000, 0.2500000000000000000, -1.700000000000000400 ) ) ;
#162 = CARTESIAN_POINT ( 'NONE',  ( -1.324999999999999734, 0.2500000000000000000, -2.209999999999999520 ) ) ;
#163 = CARTESIAN_POINT ( 'NONE',  ( -1.324999999999998845, 0.2500000000000000000, 2.500000000000000000 ) ) ;
#164 = EDGE_LOOP ( 'NONE', ( #3099, #342, #328, #3132 ) ) ;
#165 = CARTESIAN_POINT ( 'NONE',  ( -5.971998851723433710E-16, 0.2500000000000000000, 0.8399999999999978595 ) ) ;
#166 =( NAMED_UNIT ( * ) PLANE_ANGLE_UNIT ( ) SI_UNIT ( $, .RADIAN. ) );
#167 = ORIENTED_EDGE ( 'NONE', *, *, #2745, .F. ) ;
#168 = EDGE_CURVE ( 'NONE', #690, #2163, #3061, .T. ) ;
#169 = MANIFOLD_SOLID_BREP ( 'Housing', #1033 ) ;
#170 = CARTESIAN_POINT ( 'NONE',  ( 0.000000000000000000, 0.000000000000000000, -0.8400000000000003020 ) ) ;
#171 = ORIENTED_EDGE ( 'NONE', *, *, #525, .T. ) ;
#172 = VERTEX_POINT ( 'NONE', #2035 ) ;
#173 = EDGE_CURVE ( 'NONE', #2452, #1204, #3098, .T. ) ;
#174 = VECTOR ( 'NONE', #1705, 1000.000000000000000 ) ;
#175 = VECTOR ( 'NONE', #3207, 1000.000000000000000 ) ;
#176 = CARTESIAN_POINT ( 'NONE',  ( -2.999999999999999112, 0.2500000000000000000, -1.700000000000000400 ) ) ;
#177 = ORIENTED_EDGE ( 'NONE', *, *, #1776, .T. ) ;
#178 =( NAMED_UNIT ( * ) PLANE_ANGLE_UNIT ( ) SI_UNIT ( $, .RADIAN. ) );
#179 = CARTESIAN_POINT ( 'NONE',  ( -2.390000000000000568, -0.000000000000000000, 1.699999999999999734 ) ) ;
#180 = AXIS2_PLACEMENT_3D ( 'NONE', #3194, #241, #1861 ) ;
#181 = EDGE_CURVE ( 'NONE', #647, #2804, #931, .T. ) ;
#182 = LINE ( 'NONE', #1551, #1753 ) ;
#183 = VERTEX_POINT ( 'NONE', #176 ) ;
#184 = DIRECTION ( 'NONE',  ( 0.7071067811865477948, 0.000000000000000000, 0.7071067811865473507 ) ) ;
#185 = CARTESIAN_POINT ( 'NONE',  ( 0.000000000000000000, 0.2500000000000000000, 0.000000000000000000 ) ) ;
#186 = ORIENTED_EDGE ( 'NONE', *, *, #434, .T. ) ;
#187 = CARTESIAN_POINT ( 'NONE',  ( 0.000000000000000000, 0.2500000000000000000, 2.500000000000000000 ) ) ;
#188 = ADVANCED_FACE ( 'NONE', ( #1528 ), #771, .F. ) ;
#189 = DIRECTION ( 'NONE',  ( 0.000000000000000000, 0.000000000000000000, 1.000000000000000000 ) ) ;
#190 = VECTOR ( 'NONE', #2896, 1000.000000000000000 ) ;
#191 = ORIENTED_EDGE ( 'NONE', *, *, #1714, .F. ) ;
#192 = AXIS2_PLACEMENT_3D ( 'NONE', #482, #3126, #3418 ) ;
#193 = STYLED_ITEM ( 'NONE', ( #994 ), #2733 ) ;
#194 = ORIENTED_EDGE ( 'NONE', *, *, #3199, .T. ) ;
#195 = AXIS2_PLACEMENT_3D ( 'NONE', #221, #3116, #1285 ) ;
#196 = CARTESIAN_POINT ( 'NONE',  ( 3.000000000000000000, 0.2500000000000000000, 1.699999999999999734 ) ) ;
#197 = ORIENTED_EDGE ( 'NONE', *, *, #372, .F. ) ;
#198 = LINE ( 'NONE', #3123, #1238 ) ;
#199 = MECHANICAL_DESIGN_GEOMETRIC_PRESENTATION_REPRESENTATION (  '', ( #1819 ), #476 ) ;
#200 = DIRECTION ( 'NONE',  ( -5.234079453378299335E-15, 0.000000000000000000, 1.000000000000000000 ) ) ;
#201 = ORIENTED_EDGE ( 'NONE', *, *, #940, .F. ) ;
#202 = DIRECTION ( 'NONE',  ( -0.000000000000000000, -1.000000000000000000, -0.000000000000000000 ) ) ;
#203 = DIRECTION ( 'NONE',  ( 0.000000000000000000, 0.000000000000000000, 1.000000000000000000 ) ) ;
#204 = VERTEX_POINT ( 'NONE', #2545 ) ;
#205 = LINE ( 'NONE', #3438, #2803 ) ;
#206 = EDGE_CURVE ( 'NONE', #1802, #3410, #227, .T. ) ;
#207 = VERTEX_POINT ( 'NONE', #3137 ) ;
#208 = EDGE_CURVE ( 'NONE', #69, #3127, #3121, .T. ) ;
#209 = ORIENTED_EDGE ( 'NONE', *, *, #3227, .F. ) ;
#210 = ADVANCED_FACE ( 'NONE', ( #756 ), #1291, .T. ) ;
#211 = DIRECTION ( 'NONE',  ( 0.000000000000000000, 0.000000000000000000, 1.000000000000000000 ) ) ;
#212 = ORIENTED_EDGE ( 'NONE', *, *, #2449, .F. ) ;
#213 = DIRECTION ( 'NONE',  ( -0.000000000000000000, 1.000000000000000000, -0.000000000000000000 ) ) ;
#214 = SURFACE_STYLE_USAGE ( .BOTH. , #3140 ) ;
#215 = CARTESIAN_POINT ( 'NONE',  ( -2.999999999999999112, -0.000000000000000000, 0.000000000000000000 ) ) ;
#216 = ORIENTED_EDGE ( 'NONE', *, *, #800, .F. ) ;
#217 = CARTESIAN_POINT ( 'NONE',  ( 2.389999999999998792, 0.2500000000000000000, 3.615688175219098742E-15 ) ) ;
#218 = DIRECTION ( 'NONE',  ( 0.000000000000000000, -1.000000000000000000, 0.000000000000000000 ) ) ;
#219 = ORIENTED_EDGE ( 'NONE', *, *, #1676, .F. ) ;
#220 = DIRECTION ( 'NONE',  ( -0.000000000000000000, 0.000000000000000000, -1.000000000000000000 ) ) ;
#221 = CARTESIAN_POINT ( 'NONE',  ( 0.000000000000000000, 0.2500000000000000000, 2.500000000000000000 ) ) ;
#222 = EDGE_CURVE ( 'NONE', #1597, #243, #720, .T. ) ;
#223 = CARTESIAN_POINT ( 'NONE',  ( 1.208618815229750533E-15, 0.000000000000000000, -1.699999999999998401 ) ) ;
#224 = ORIENTED_EDGE ( 'NONE', *, *, #2685, .F. ) ;
#225 = ORIENTED_EDGE ( 'NONE', *, *, #3409, .T. ) ;
#226 = EDGE_CURVE ( 'NONE', #2523, #172, #2097, .T. ) ;
#227 = LINE ( 'NONE', #155, #2143 ) ;
#228 = EDGE_LOOP ( 'NONE', ( #2036, #852, #3380, #2436 ) ) ;
#229 = DIRECTION ( 'NONE',  ( 1.000000000000000000, 0.000000000000000000, 0.000000000000000000 ) ) ;
#230 = LINE ( 'NONE', #508, #2518 ) ;
#231 = AXIS2_PLACEMENT_3D ( 'NONE', #335, #1908, #3006 ) ;
#232 = CARTESIAN_POINT ( 'NONE',  ( 0.000000000000000000, 0.000000000000000000, 0.000000000000000000 ) ) ;
#233 = ORIENTED_EDGE ( 'NONE', *, *, #392, .T. ) ;
#234 = VECTOR ( 'NONE', #2345, 1000.000000000000000 ) ;
#235 = PRESENTATION_LAYER_ASSIGNMENT (  '', '', ( #1466 ) ) ;
#236 = CARTESIAN_POINT ( 'NONE',  ( -1.074999999999998179, 0.2500000000000000000, -2.209999999999999964 ) ) ;
#237 = CARTESIAN_POINT ( 'NONE',  ( 2.289999999999999591, 0.2500000000000000000, -2.209999999999999964 ) ) ;
#238 = ORIENTED_EDGE ( 'NONE', *, *, #472, .F. ) ;
#239 = FACE_OUTER_BOUND ( 'NONE', #1900, .T. ) ;
#240 = AXIS2_PLACEMENT_3D ( 'NONE', #867, #53, #2722 ) ;
#241 = DIRECTION ( 'NONE',  ( 7.109522442527915774E-16, 0.000000000000000000, -1.000000000000000000 ) ) ;
#242 = CARTESIAN_POINT ( 'NONE',  ( 3.000000000000000000, 0.000000000000000000, -0.8400000000000003020 ) ) ;
#243 = VERTEX_POINT ( 'NONE', #1016 ) ;
#244 = ADVANCED_FACE ( 'NONE', ( #1803 ), #2862, .T. ) ;
#245 = AXIS2_PLACEMENT_3D ( 'NONE', #1055, #2113, #2567 ) ;
#246 = CARTESIAN_POINT ( 'NONE',  ( 0.000000000000000000, -0.000000000000000000, 1.699999999999999734 ) ) ;
#247 = ORIENTED_EDGE ( 'NONE', *, *, #896, .T. ) ;
#248 = CARTESIAN_POINT ( 'NONE',  ( -1.074999999999998179, -0.000000000000000000, 0.000000000000000000 ) ) ;
#249 = CARTESIAN_POINT ( 'NONE',  ( -1.500109235373388548E-15, 0.2500000000000000000, 2.109999999999997655 ) ) ;
#250 = DIRECTION ( 'NONE',  ( 1.000000000000000000, 0.000000000000000000, 0.000000000000000000 ) ) ;
#251 = CIRCLE ( 'NONE', #1089, 0.2999999999999999334 ) ;
#252 = CARTESIAN_POINT ( 'NONE',  ( -5.971998851723462306E-16, 0.2500000000000000000, 0.8400000000000017453 ) ) ;
#253 = DIRECTION ( 'NONE',  ( 0.000000000000000000, -1.000000000000000000, 0.000000000000000000 ) ) ;
#254 = AXIS2_PLACEMENT_3D ( 'NONE', #624, #2983, #1964 ) ;
#255 = DIRECTION ( 'NONE',  ( 0.000000000000000000, -1.000000000000000000, 0.000000000000000000 ) ) ;
#256 = CARTESIAN_POINT ( 'NONE',  ( -1.074999999999998179, 0.2500000000000000000, 0.000000000000000000 ) ) ;
#257 = LINE ( 'NONE', #1878, #1413 ) ;
#258 = LINE ( 'NONE', #1100, #3030 ) ;
#259 = CARTESIAN_POINT ( 'NONE',  ( -2.999999999999999112, 0.2500000000000000000, -0.4300000000000002709 ) ) ;
#260 = VERTEX_POINT ( 'NONE', #458 ) ;
#261 = PRESENTATION_STYLE_ASSIGNMENT (( #2099 ) ) ;
#262 = ORIENTED_EDGE ( 'NONE', *, *, #837, .F. ) ;
#263 = CARTESIAN_POINT ( 'NONE',  ( -1.324999999999998179, 0.2500000000000000000, 2.209999999999999964 ) ) ;
#264 = FACE_OUTER_BOUND ( 'NONE', #2698, .T. ) ;
#265 = DIRECTION ( 'NONE',  ( 1.000000000000000000, 0.000000000000000000, 7.109522442527915774E-16 ) ) ;
#266 = CARTESIAN_POINT ( 'NONE',  ( -2.999999999999999112, -0.000000000000000000, 0.8399999999999998579 ) ) ;
#267 = EDGE_CURVE ( 'NONE', #1628, #2365, #1492, .T. ) ;
#268 = DIRECTION ( 'NONE',  ( -1.000000000000000000, 0.000000000000000000, -0.000000000000000000 ) ) ;
#269 = CARTESIAN_POINT ( 'NONE',  ( 1.208618815229750533E-15, 0.000000000000000000, -1.699999999999998401 ) ) ;
#270 = ORIENTED_EDGE ( 'NONE', *, *, #7, .F. ) ;
#271 = CARTESIAN_POINT ( 'NONE',  ( 3.000000000000000000, 0.000000000000000000, -0.8400000000000003020 ) ) ;
#272 = ORIENTED_EDGE ( 'NONE', *, *, #1159, .T. ) ;
#273 = CARTESIAN_POINT ( 'NONE',  ( -2.199999999999999289, 0.9500000000000000666, -2.100000000000000089 ) ) ;
#274 = DIRECTION ( 'NONE',  ( 1.000000000000000000, 0.000000000000000000, -0.000000000000000000 ) ) ;
#275 = EDGE_CURVE ( 'NONE', #138, #1505, #1261, .T. ) ;
#276 = ADVANCED_FACE ( 'NONE', ( #3413 ), #2325, .T. ) ;
#277 = ORIENTED_EDGE ( 'NONE', *, *, #2062, .T. ) ;
#278 = DIRECTION ( 'NONE',  ( 1.000000000000000000, 0.000000000000000000, 0.000000000000000000 ) ) ;
#279 = VERTEX_POINT ( 'NONE', #2023 ) ;
#280 = CARTESIAN_POINT ( 'NONE',  ( 3.000000000000000000, 0.2500000000000000000, 0.000000000000000000 ) ) ;
#281 = DIRECTION ( 'NONE',  ( -0.000000000000000000, -1.000000000000000000, -0.000000000000000000 ) ) ;
#282 = VECTOR ( 'NONE', #1586, 1000.000000000000000 ) ;
#283 = DIRECTION ( 'NONE',  ( -0.000000000000000000, -1.000000000000000000, -0.000000000000000000 ) ) ;
#284 = VECTOR ( 'NONE', #1213, 1000.000000000000000 ) ;
#285 = STYLED_ITEM ( 'NONE', ( #261 ), #1309 ) ;
#286 = PLANE ( 'NONE',  #180 ) ;
#287 = CARTESIAN_POINT ( 'NONE',  ( -2.999999999999999112, 0.000000000000000000, 2.500000000000000000 ) ) ;
#288 = PLANE ( 'NONE',  #3197 ) ;
#289 = AXIS2_PLACEMENT_3D ( 'NONE', #1446, #2498, #3026 ) ;
#290 = ADVANCED_FACE ( 'NONE', ( #1000 ), #477, .T. ) ;
#291 = EDGE_LOOP ( 'NONE', ( #1269, #887, #2656, #3015 ) ) ;
#292 = DIRECTION ( 'NONE',  ( 0.000000000000000000, -0.000000000000000000, -1.000000000000000000 ) ) ;
#293 = ORIENTED_EDGE ( 'NONE', *, *, #644, .T. ) ;
#294 = LINE ( 'NONE', #1079, #957 ) ;
#295 = ORIENTED_EDGE ( 'NONE', *, *, #3105, .F. ) ;
#296 = EDGE_LOOP ( 'NONE', ( #295, #201, #194, #2604 ) ) ;
#297 = AXIS2_PLACEMENT_3D ( 'NONE', #810, #1109, #2987 ) ;
#298 = DIRECTION ( 'NONE',  ( 0.000000000000000000, 0.000000000000000000, -1.000000000000000000 ) ) ;
#299 = ORIENTED_EDGE ( 'NONE', *, *, #1557, .T. ) ;
#300 = LINE ( 'NONE', #1373, #393 ) ;
#301 = PLANE ( 'NONE',  #1632 ) ;
#302 = VECTOR ( 'NONE', #2753, 1000.000000000000000 ) ;
#303 = CARTESIAN_POINT ( 'NONE',  ( -2.199999999999999289, 1.050000000000000044, -1.500000000000000000 ) ) ;
#304 = DIRECTION ( 'NONE',  ( 7.109522442527915774E-16, 0.000000000000000000, -1.000000000000000000 ) ) ;
#305 = CARTESIAN_POINT ( 'NONE',  ( -1.324999999999999734, 0.000000000000000000, -2.500000000000000000 ) ) ;
#306 = CARTESIAN_POINT ( 'NONE',  ( 2.390000000000001457, 0.2500000000000000000, 0.8399999999999996358 ) ) ;
#307 = VECTOR ( 'NONE', #660, 1000.000000000000000 ) ;
#308 = ADVANCED_FACE ( 'NONE', ( #1244 ), #3090, .F. ) ;
#309 = ORIENTED_EDGE ( 'NONE', *, *, #525, .F. ) ;
#310 = DIRECTION ( 'NONE',  ( 1.000000000000000000, 0.000000000000000000, 0.000000000000000000 ) ) ;
#311 = ORIENTED_EDGE ( 'NONE', *, *, #1339, .T. ) ;
#312 = VERTEX_POINT ( 'NONE', #2339 ) ;
#313 = EDGE_LOOP ( 'NONE', ( #3055, #1743, #768, #1886 ) ) ;
#314 = ADVANCED_FACE ( 'NONE', ( #493 ), #2355, .F. ) ;
#315 = CARTESIAN_POINT ( 'NONE',  ( -2.999999999999999112, -0.000000000000000000, 0.000000000000000000 ) ) ;
#316 = ORIENTED_EDGE ( 'NONE', *, *, #1101, .T. ) ;
#317 = DIRECTION ( 'NONE',  ( 0.000000000000000000, 0.000000000000000000, -1.000000000000000000 ) ) ;
#318 = DIRECTION ( 'NONE',  ( 0.000000000000000000, 0.000000000000000000, -1.000000000000000000 ) ) ;
#319 = PLANE ( 'NONE',  #692 ) ;
#320 = ADVANCED_FACE ( 'NONE', ( #2078 ), #1562, .F. ) ;
#321 = DIRECTION ( 'NONE',  ( 0.000000000000000000, -1.000000000000000000, 0.000000000000000000 ) ) ;
#322 = CARTESIAN_POINT ( 'NONE',  ( -2.999999999999999112, 1.050000000000000044, -2.500000000000000000 ) ) ;
#323 = ADVANCED_FACE ( 'NONE', ( #42 ), #1119, .F. ) ;
#324 = VERTEX_POINT ( 'NONE', #1867 ) ;
#325 = CARTESIAN_POINT ( 'NONE',  ( 0.000000000000000000, 0.000000000000000000, 2.500000000000000000 ) ) ;
#326 = ORIENTED_EDGE ( 'NONE', *, *, #2460, .T. ) ;
#327 = ORIENTED_EDGE ( 'NONE', *, *, #2670, .T. ) ;
#328 = ORIENTED_EDGE ( 'NONE', *, *, #644, .F. ) ;
#329 = EDGE_CURVE ( 'NONE', #1087, #2287, #520, .T. ) ;
#330 = DIRECTION ( 'NONE',  ( 1.000000000000000000, 0.000000000000000000, 7.109522442527915774E-16 ) ) ;
#331 = VERTEX_POINT ( 'NONE', #3431 ) ;
#332 = CARTESIAN_POINT ( 'NONE',  ( -2.999999999999999112, 0.2500000000000000000, 1.699999999999999734 ) ) ;
#333 = DIRECTION ( 'NONE',  ( 1.000000000000000000, 0.000000000000000000, 7.109522442527915774E-16 ) ) ;
#334 = DIRECTION ( 'NONE',  ( -0.000000000000000000, -1.000000000000000000, -0.000000000000000000 ) ) ;
#335 = CARTESIAN_POINT ( 'NONE',  ( -1.074999999999998179, 0.2500000000000000000, 0.000000000000000000 ) ) ;
#336 = FACE_OUTER_BOUND ( 'NONE', #2089, .T. ) ;
#337 = SURFACE_SIDE_STYLE ('',( #2709 ) ) ;
#338 = VECTOR ( 'NONE', #2034, 1000.000000000000000 ) ;
#339 = AXIS2_PLACEMENT_3D ( 'NONE', #1212, #946, #2853 ) ;
#340 = VECTOR ( 'NONE', #2171, 1000.000000000000000 ) ;
#341 = VECTOR ( 'NONE', #1675, 1000.000000000000000 ) ;
#342 = ORIENTED_EDGE ( 'NONE', *, *, #1181, .F. ) ;
#343 = DIRECTION ( 'NONE',  ( -0.000000000000000000, -1.000000000000000000, -0.000000000000000000 ) ) ;
#344 = ORIENTED_EDGE ( 'NONE', *, *, #2085, .T. ) ;
#345 = ORIENTED_EDGE ( 'NONE', *, *, #1557, .F. ) ;
#346 = ORIENTED_EDGE ( 'NONE', *, *, #1673, .T. ) ;
#347 = ADVANCED_FACE ( 'NONE', ( #2125 ), #1596, .T. ) ;
#348 = CARTESIAN_POINT ( 'NONE',  ( -2.999999999999999112, 1.050000000000000044, 2.500000000000000000 ) ) ;
#349 = ORIENTED_EDGE ( 'NONE', *, *, #483, .F. ) ;
#350 = LINE ( 'NONE', #1425, #2122 ) ;
#351 = LINE ( 'NONE', #1426, #621 ) ;
#352 = VECTOR ( 'NONE', #2903, 1000.000000000000000 ) ;
#353 = DIRECTION ( 'NONE',  ( 0.000000000000000000, 0.000000000000000000, 1.000000000000000000 ) ) ;
#354 = AXIS2_PLACEMENT_3D ( 'NONE', #928, #1754, #1772 ) ;
#355 = PLANE ( 'NONE',  #622 ) ;
#356 = DIRECTION ( 'NONE',  ( -0.000000000000000000, 1.000000000000000000, -0.000000000000000000 ) ) ;
#357 = PLANE ( 'NONE',  #2144 ) ;
#358 = AXIS2_PLACEMENT_3D ( 'NONE', #874, #2427, #2935 ) ;
#359 = EDGE_CURVE ( 'NONE', #1781, #2365, #1341, .T. ) ;
#360 = VECTOR ( 'NONE', #1822, 1000.000000000000000 ) ;
#361 = DIRECTION ( 'NONE',  ( 0.000000000000000000, 0.000000000000000000, -1.000000000000000000 ) ) ;
#362 = VERTEX_POINT ( 'NONE', #2109 ) ;
#363 = UNCERTAINTY_MEASURE_WITH_UNIT (LENGTH_MEASURE( 1.000000000000000082E-05 ), #1816, 'distance_accuracy_value', 'NONE');
#364 = EDGE_LOOP ( 'NONE', ( #1312, #1503, #3035, #2619 ) ) ;
#365 = ORIENTED_EDGE ( 'NONE', *, *, #1671, .T. ) ;
#366 = CARTESIAN_POINT ( 'NONE',  ( -2.199999999999999289, 0.9500000000000000666, -1.500000000000000000 ) ) ;
#367 = EDGE_CURVE ( 'NONE', #662, #1280, #538, .T. ) ;
#368 = ORIENTED_EDGE ( 'NONE', *, *, #677, .F. ) ;
#369 = LINE ( 'NONE', #1704, #1518 ) ;
#370 = CARTESIAN_POINT ( 'NONE',  ( 0.000000000000000000, 0.2500000000000000000, -2.110000000000000320 ) ) ;
#371 = CYLINDRICAL_SURFACE ( 'NONE', #3186, 0.2999999999999999334 ) ;
#372 = EDGE_CURVE ( 'NONE', #2542, #438, #820, .T. ) ;
#373 = CARTESIAN_POINT ( 'NONE',  ( -2.390000000000000568, 0.2500000000000000000, -1.700000000000000178 ) ) ;
#374 = CARTESIAN_POINT ( 'NONE',  ( 3.057094650286992423E-16, 0.2500000000000000000, -0.4299999999999983835 ) ) ;
#375 = LINE ( 'NONE', #77, #1367 ) ;
#376 = DIRECTION ( 'NONE',  ( 0.000000000000000000, 0.000000000000000000, -1.000000000000000000 ) ) ;
#377 = EDGE_CURVE ( 'NONE', #3273, #2452, #3182, .T. ) ;
#378 = CARTESIAN_POINT ( 'NONE',  ( -2.999999999999999112, 0.000000000000000000, -2.500000000000000000 ) ) ;
#379 = ORIENTED_EDGE ( 'NONE', *, *, #752, .F. ) ;
#380 = ORIENTED_EDGE ( 'NONE', *, *, #791, .T. ) ;
#381 = ORIENTED_EDGE ( 'NONE', *, *, #3379, .F. ) ;
#382 = LINE ( 'NONE', #611, #2692 ) ;
#383 = ADVANCED_FACE ( 'NONE', ( #2930 ), #2625, .T. ) ;
#384 = ORIENTED_EDGE ( 'NONE', *, *, #3036, .F. ) ;
#385 = EDGE_CURVE ( 'NONE', #920, #1001, #553, .T. ) ;
#386 = LINE ( 'NONE', #1404, #110 ) ;
#387 = CARTESIAN_POINT ( 'NONE',  ( 0.000000000000000000, 0.000000000000000000, -0.8400000000000003020 ) ) ;
#388 = CARTESIAN_POINT ( 'NONE',  ( 3.000000000000000000, 1.050000000000000044, 2.500000000000000000 ) ) ;
#389 = CARTESIAN_POINT ( 'NONE',  ( 2.390000000000000124, 0.000000000000000000, 0.4299999999999998268 ) ) ;
#390 = PLANE ( 'NONE',  #788 ) ;
#391 = DIRECTION ( 'NONE',  ( -0.000000000000000000, -1.000000000000000000, -0.000000000000000000 ) ) ;
#392 = EDGE_CURVE ( 'NONE', #207, #172, #2655, .T. ) ;
#393 = VECTOR ( 'NONE', #2362, 1000.000000000000000 ) ;
#394 = VECTOR ( 'NONE', #657, 1000.000000000000000 ) ;
#395 = VECTOR ( 'NONE', #3329, 1000.000000000000000 ) ;
#396 = DIRECTION ( 'NONE',  ( -0.000000000000000000, 0.000000000000000000, 1.000000000000000000 ) ) ;
#397 = ORIENTED_EDGE ( 'NONE', *, *, #2978, .F. ) ;
#398 = PRODUCT_DEFINITION ( 'UNKNOWN', '', #1701, #2212 ) ;
#399 = VECTOR ( 'NONE', #817, 1000.000000000000000 ) ;
#400 = ORIENTED_EDGE ( 'NONE', *, *, #1817, .F. ) ;
#401 = ORIENTED_EDGE ( 'NONE', *, *, #1304, .T. ) ;
#402 = CARTESIAN_POINT ( 'NONE',  ( 2.390000000000000124, 0.000000000000000000, 1.699999999999999734 ) ) ;
#403 = ORIENTED_EDGE ( 'NONE', *, *, #275, .F. ) ;
#404 = LINE ( 'NONE', #1475, #395 ) ;
#405 = DIRECTION ( 'NONE',  ( 0.7071067811865383579, 0.000000000000000000, -0.7071067811865567876 ) ) ;
#406 = DIRECTION ( 'NONE',  ( 7.109522442527915774E-16, 0.000000000000000000, -1.000000000000000000 ) ) ;
#407 = FACE_OUTER_BOUND ( 'NONE', #2527, .T. ) ;
#408 = CARTESIAN_POINT ( 'NONE',  ( 3.000000000000000000, 0.000000000000000000, 2.500000000000000000 ) ) ;
#409 =( NAMED_UNIT ( * ) PLANE_ANGLE_UNIT ( ) SI_UNIT ( $, .RADIAN. ) );
#410 = ORIENTED_EDGE ( 'NONE', *, *, #1561, .T. ) ;
#411 = DIRECTION ( 'NONE',  ( -0.000000000000000000, -1.000000000000000000, -0.000000000000000000 ) ) ;
#412 = AXIS2_PLACEMENT_3D ( 'NONE', #2791, #636, #1478 ) ;
#413 = ORIENTED_EDGE ( 'NONE', *, *, #3036, .T. ) ;
#414 = DIRECTION ( 'NONE',  ( -1.000000000000000000, 0.000000000000000000, 0.000000000000000000 ) ) ;
#415 = EDGE_LOOP ( 'NONE', ( #3386, #177, #1879, #2072 ) ) ;
#416 = VECTOR ( 'NONE', #805, 1000.000000000000000 ) ;
#417 = ORIENTED_EDGE ( 'NONE', *, *, #472, .T. ) ;
#418 = PLANE ( 'NONE',  #637 ) ;
#419 = DIRECTION ( 'NONE',  ( -0.000000000000000000, -1.000000000000000000, -0.000000000000000000 ) ) ;
#420 = ORIENTED_EDGE ( 'NONE', *, *, #2745, .T. ) ;
#421 = CARTESIAN_POINT ( 'NONE',  ( -1.324999999999999734, -0.000000000000000000, -2.209999999999999520 ) ) ;
#422 = CARTESIAN_POINT ( 'NONE',  ( -2.199999999999999289, 0.9500000000000000666, -1.800000000000000044 ) ) ;
#423 = EDGE_CURVE ( 'NONE', #1272, #2407, #573, .T. ) ;
#424 = FACE_OUTER_BOUND ( 'NONE', #2985, .T. ) ;
#425 = ORIENTED_EDGE ( 'NONE', *, *, #1414, .F. ) ;
#426 = CARTESIAN_POINT ( 'NONE',  ( -2.390000000000000568, 0.2500000000000000000, 0.000000000000000000 ) ) ;
#427 = CARTESIAN_POINT ( 'NONE',  ( 0.000000000000000000, 0.2500000000000000000, 0.4299999999999998268 ) ) ;
#428 = EDGE_CURVE ( 'NONE', #572, #2093, #505, .T. ) ;
#429 = CARTESIAN_POINT ( 'NONE',  ( -1.629999999999998117, 0.2500000000000000000, -2.210000000000000409 ) ) ;
#430 = EDGE_CURVE ( 'NONE', #572, #3051, #1609, .T. ) ;
#431 = VERTEX_POINT ( 'NONE', #1896 ) ;
#432 = FACE_OUTER_BOUND ( 'NONE', #3290, .T. ) ;
#433 = FILL_AREA_STYLE ('',( #2799 ) ) ;
#434 = EDGE_CURVE ( 'NONE', #2783, #2503, #2912, .T. ) ;
#435 = ORIENTED_EDGE ( 'NONE', *, *, #3213, .T. ) ;
#436 = LINE ( 'NONE', #1219, #2927 ) ;
#437 = EDGE_CURVE ( 'NONE', #2767, #1999, #2964, .T. ) ;
#438 = VERTEX_POINT ( 'NONE', #3444 ) ;
#439 = VERTEX_POINT ( 'NONE', #271 ) ;
#440 = DIRECTION ( 'NONE',  ( 7.109522442527915774E-16, 0.000000000000000000, -1.000000000000000000 ) ) ;
#441 = ORIENTED_EDGE ( 'NONE', *, *, #434, .F. ) ;
#442 = CARTESIAN_POINT ( 'NONE',  ( -2.999999999999999112, -0.000000000000000000, 1.699999999999999734 ) ) ;
#443 = LINE ( 'NONE', #666, #1520 ) ;
#444 = EDGE_CURVE ( 'NONE', #1023, #138, #2402, .T. ) ;
#445 = DIRECTION ( 'NONE',  ( -1.000000000000000000, 0.000000000000000000, 0.000000000000000000 ) ) ;
#446 = ORIENTED_EDGE ( 'NONE', *, *, #7, .T. ) ;
#447 = PLANE ( 'NONE',  #339 ) ;
#448 = CARTESIAN_POINT ( 'NONE',  ( -2.999999999999999112, 0.2500000000000000000, 0.000000000000000000 ) ) ;
#449 = CARTESIAN_POINT ( 'NONE',  ( 3.000000000000000000, 0.2500000000000000000, -0.8400000000000003020 ) ) ;
#450 = ORIENTED_EDGE ( 'NONE', *, *, #1187, .F. ) ;
#451 = DIRECTION ( 'NONE',  ( 0.000000000000000000, 0.000000000000000000, -1.000000000000000000 ) ) ;
#452 = SHAPE_DEFINITION_REPRESENTATION ( #2519, #2733 ) ;
#453 = ORIENTED_EDGE ( 'NONE', *, *, #2224, .T. ) ;
#454 = DIRECTION ( 'NONE',  ( 1.000000000000000000, 0.000000000000000000, 2.843808977011173804E-15 ) ) ;
#455 = VECTOR ( 'NONE', #2256, 1000.000000000000000 ) ;
#456 = ORIENTED_EDGE ( 'NONE', *, *, #1780, .T. ) ;
#457 = VECTOR ( 'NONE', #71, 1000.000000000000000 ) ;
#458 = CARTESIAN_POINT ( 'NONE',  ( 3.000000000000000000, 0.000000000000000000, -2.110000000000000320 ) ) ;
#459 = VERTEX_POINT ( 'NONE', #1364 ) ;
#460 = PRESENTATION_STYLE_ASSIGNMENT (( #3056 ) ) ;
#461 = CARTESIAN_POINT ( 'NONE',  ( 0.000000000000000000, 0.2500000000000000000, 0.000000000000000000 ) ) ;
#462 = VECTOR ( 'NONE', #1061, 1000.000000000000000 ) ;
#463 = EDGE_CURVE ( 'NONE', #1895, #1765, #1882, .T. ) ;
#464 = CARTESIAN_POINT ( 'NONE',  ( -2.390000000000000568, 0.2500000000000000000, 0.4299999999999998268 ) ) ;
#465 = ORIENTED_EDGE ( 'NONE', *, *, #463, .T. ) ;
#466 = CARTESIAN_POINT ( 'NONE',  ( -1.629999999999998561, 0.2500000000000000000, 1.905000000000000027 ) ) ;
#467 = LINE ( 'NONE', #1499, #2234 ) ;
#468 = EDGE_LOOP ( 'NONE', ( #167, #2812, #137, #2560 ) ) ;
#469 = DIRECTION ( 'NONE',  ( -0.000000000000000000, 0.000000000000000000, 1.000000000000000000 ) ) ;
#470 = EDGE_CURVE ( 'NONE', #279, #779, #870, .T. ) ;
#471 = EDGE_LOOP ( 'NONE', ( #397, #1552, #554, #1650 ) ) ;
#472 = EDGE_CURVE ( 'NONE', #2093, #1971, #1435, .T. ) ;
#473 = AXIS2_PLACEMENT_3D ( 'NONE', #232, #2200, #1123 ) ;
#474 = AXIS2_PLACEMENT_3D ( 'NONE', #3220, #2917, #2647 ) ;
#475 = ORIENTED_EDGE ( 'NONE', *, *, #1264, .F. ) ;
#476 =( GEOMETRIC_REPRESENTATION_CONTEXT ( 3 ) GLOBAL_UNCERTAINTY_ASSIGNED_CONTEXT ( ( #2928 ) ) GLOBAL_UNIT_ASSIGNED_CONTEXT ( ( #1727, #1197, #2776 ) ) REPRESENTATION_CONTEXT ( 'NONE', 'WORKASPACE' ) );
#477 = PLANE ( 'NONE',  #1434 ) ;
#478 = ORIENTED_EDGE ( 'NONE', *, *, #1382, .T. ) ;
#479 = FACE_OUTER_BOUND ( 'NONE', #471, .T. ) ;
#480 = PLANE ( 'NONE',  #2134 ) ;
#481 = VECTOR ( 'NONE', #1085, 1000.000000000000000 ) ;
#482 = CARTESIAN_POINT ( 'NONE',  ( 2.390000000000002789, 0.2500000000000000000, 3.615688175219103475E-15 ) ) ;
#483 = EDGE_CURVE ( 'NONE', #3354, #799, #2225, .T. ) ;
#484 = ORIENTED_EDGE ( 'NONE', *, *, #1790, .T. ) ;
#485 = CARTESIAN_POINT ( 'NONE',  ( 3.000000000000000000, 1.050000000000000044, 2.500000000000000000 ) ) ;
#486 = CARTESIAN_POINT ( 'NONE',  ( 3.000000000000000000, 0.000000000000000000, 2.500000000000000000 ) ) ;
#487 = ORIENTED_EDGE ( 'NONE', *, *, #2649, .F. ) ;
#488 = EDGE_CURVE ( 'NONE', #1106, #3356, #1202, .T. ) ;
#489 = FACE_OUTER_BOUND ( 'NONE', #3240, .T. ) ;
#490 = DIRECTION ( 'NONE',  ( 1.000000000000000000, 0.000000000000000000, 0.000000000000000000 ) ) ;
#491 = ORIENTED_EDGE ( 'NONE', *, *, #3323, .T. ) ;
#492 = EDGE_CURVE ( 'NONE', #1838, #2183, #1449, .T. ) ;
#493 = FACE_OUTER_BOUND ( 'NONE', #3229, .T. ) ;
#494 = ORIENTED_EDGE ( 'NONE', *, *, #470, .T. ) ;
#495 = PLANE ( 'NONE',  #473 ) ;
#496 = ORIENTED_EDGE ( 'NONE', *, *, #934, .F. ) ;
#497 = EDGE_CURVE ( 'NONE', #661, #806, #1945, .T. ) ;
#498 = DIRECTION ( 'NONE',  ( -0.7071067811865459074, 0.000000000000000000, -0.7071067811865491270 ) ) ;
#499 = LINE ( 'NONE', #1603, #3175 ) ;
#500 = EDGE_LOOP ( 'NONE', ( #3320, #2459, #3344, #2019 ) ) ;
#501 = DIRECTION ( 'NONE',  ( 1.512840240677447616E-15, 0.000000000000000000, -1.000000000000000000 ) ) ;
#502 = DIRECTION ( 'NONE',  ( 0.000000000000000000, -0.000000000000000000, -1.000000000000000000 ) ) ;
#503 = FACE_OUTER_BOUND ( 'NONE', #556, .T. ) ;
#504 = DIRECTION ( 'NONE',  ( 0.000000000000000000, -0.000000000000000000, -1.000000000000000000 ) ) ;
#505 = LINE ( 'NONE', #1580, #416 ) ;
#506 = VERTEX_POINT ( 'NONE', #1679 ) ;
#507 = DIRECTION ( 'NONE',  ( 0.000000000000000000, 0.000000000000000000, 1.000000000000000000 ) ) ;
#508 = CARTESIAN_POINT ( 'NONE',  ( 0.000000000000000000, 0.2500000000000000000, 2.209999999999999964 ) ) ;
#509 = AXIS2_PLACEMENT_3D ( 'NONE', #1024, #2617, #2132 ) ;
#510 = LINE ( 'NONE', #215, #2687 ) ;
#511 = VECTOR ( 'NONE', #1629, 1000.000000000000000 ) ;
#512 = CARTESIAN_POINT ( 'NONE',  ( 0.000000000000000000, 0.2500000000000000000, -2.110000000000000320 ) ) ;
#513 = PLANE ( 'NONE',  #1069 ) ;
#514 = CARTESIAN_POINT ( 'NONE',  ( 3.000000000000000000, 1.050000000000000044, 2.500000000000000000 ) ) ;
#515 = DIRECTION ( 'NONE',  ( 0.000000000000000000, 0.000000000000000000, 1.000000000000000000 ) ) ;
#516 = DIRECTION ( 'NONE',  ( -1.000000000000000000, 0.000000000000000000, -7.109522442527915774E-16 ) ) ;
#517 = DIRECTION ( 'NONE',  ( -0.000000000000000000, -1.000000000000000000, -0.000000000000000000 ) ) ;
#518 = MECHANICAL_DESIGN_GEOMETRIC_PRESENTATION_REPRESENTATION (  '', ( #2021 ), #2973 ) ;
#519 = AXIS2_PLACEMENT_3D ( 'NONE', #2897, #250, #3143 ) ;
#520 = LINE ( 'NONE', #1649, #136 ) ;
#521 = ORIENTED_EDGE ( 'NONE', *, *, #2595, .T. ) ;
#522 = CARTESIAN_POINT ( 'NONE',  ( -1.074999999999998179, 0.000000000000000000, 2.500000000000000000 ) ) ;
#523 = SURFACE_STYLE_USAGE ( .BOTH. , #774 ) ;
#524 = VECTOR ( 'NONE', #2001, 1000.000000000000000 ) ;
#525 = EDGE_CURVE ( 'NONE', #1838, #3328, #3014, .T. ) ;
#526 = FACE_OUTER_BOUND ( 'NONE', #651, .T. ) ;
#527 =( GEOMETRIC_REPRESENTATION_CONTEXT ( 3 ) GLOBAL_UNCERTAINTY_ASSIGNED_CONTEXT ( ( #3442 ) ) GLOBAL_UNIT_ASSIGNED_CONTEXT ( ( #1500, #409, #2815 ) ) REPRESENTATION_CONTEXT ( 'NONE', 'WORKASPACE' ) );
#528 = CARTESIAN_POINT ( 'NONE',  ( 2.390000000000000124, 0.2500000000000000000, 0.4299999999999998268 ) ) ;
#529 = CARTESIAN_POINT ( 'NONE',  ( -2.390000000000000568, 0.2500000000000000000, 0.8400000000000000799 ) ) ;
#530 = VECTOR ( 'NONE', #28, 1000.000000000000000 ) ;
#531 = PLANE ( 'NONE',  #2920 ) ;
#532 = EDGE_CURVE ( 'NONE', #2503, #982, #3252, .T. ) ;
#533 = CARTESIAN_POINT ( 'NONE',  ( -2.390000000000000568, -0.000000000000000000, 0.4299999999999998268 ) ) ;
#534 = CARTESIAN_POINT ( 'NONE',  ( 3.000000000000000000, 0.2500000000000000000, -1.700000000000000400 ) ) ;
#535 = CARTESIAN_POINT ( 'NONE',  ( 2.390000000000000124, 0.2500000000000000000, 0.4299999999999998268 ) ) ;
#536 = EDGE_CURVE ( 'NONE', #860, #2336, #62, .T. ) ;
#537 = ADVANCED_FACE ( 'NONE', ( #3270 ), #2779, .F. ) ;
#538 = LINE ( 'NONE', #1384, #530 ) ;
#539 = VERTEX_POINT ( 'NONE', #2711 ) ;
#540 = CARTESIAN_POINT ( 'NONE',  ( -2.999999999999999112, 0.2500000000000000000, 1.699999999999999734 ) ) ;
#541 = DIRECTION ( 'NONE',  ( 0.000000000000000000, -1.000000000000000000, 0.000000000000000000 ) ) ;
#542 = VERTEX_POINT ( 'NONE', #115 ) ;
#543 = LINE ( 'NONE', #1615, #1593 ) ;
#544 = VERTEX_POINT ( 'NONE', #2242 ) ;
#545 = CARTESIAN_POINT ( 'NONE',  ( -1.767499999999999405, 0.2500000000000000000, 1.767500000000000515 ) ) ;
#546 = EDGE_CURVE ( 'NONE', #204, #2808, #3286, .T. ) ;
#547 = DIRECTION ( 'NONE',  ( -0.000000000000000000, -1.000000000000000000, -0.000000000000000000 ) ) ;
#548 = DIRECTION ( 'NONE',  ( -0.7071067811865567876, 0.000000000000000000, -0.7071067811865383579 ) ) ;
#549 = LINE ( 'NONE', #2155, #2 ) ;
#550 = CARTESIAN_POINT ( 'NONE',  ( -2.999999999999999112, -0.000000000000000000, 2.109999999999999876 ) ) ;
#551 = DIRECTION ( 'NONE',  ( 0.000000000000000000, -1.000000000000000000, 0.000000000000000000 ) ) ;
#552 = ORIENTED_EDGE ( 'NONE', *, *, #1331, .F. ) ;
#553 = LINE ( 'NONE', #835, #25 ) ;
#554 = ORIENTED_EDGE ( 'NONE', *, *, #444, .T. ) ;
#555 = DIRECTION ( 'NONE',  ( 0.000000000000000000, -1.000000000000000000, 0.000000000000000000 ) ) ;
#556 = EDGE_LOOP ( 'NONE', ( #856, #441, #1581, #3095 ) ) ;
#557 = ORIENTED_EDGE ( 'NONE', *, *, #329, .F. ) ;
#558 = LINE ( 'NONE', #1636, #1706 ) ;
#559 = VERTEX_POINT ( 'NONE', #3305 ) ;
#560 = EDGE_CURVE ( 'NONE', #575, #2044, #1914, .T. ) ;
#561 = DIRECTION ( 'NONE',  ( 1.000000000000000000, 0.000000000000000000, 0.000000000000000000 ) ) ;
#562 = LINE ( 'NONE', #370, #1464 ) ;
#563 = AXIS2_PLACEMENT_3D ( 'NONE', #2007, #3096, #2314 ) ;
#564 = PLANE ( 'NONE',  #2088 ) ;
#565 = AXIS2_PLACEMENT_3D ( 'NONE', #3346, #1789, #1476 ) ;
#566 = VECTOR ( 'NONE', #3226, 1000.000000000000000 ) ;
#567 = LINE ( 'NONE', #4, #2729 ) ;
#568 = DIRECTION ( 'NONE',  ( -1.512840240677447616E-15, 0.000000000000000000, 1.000000000000000000 ) ) ;
#569 = DIRECTION ( 'NONE',  ( 0.000000000000000000, -1.000000000000000000, 0.000000000000000000 ) ) ;
#570 = ADVANCED_FACE ( 'NONE', ( #1417 ), #1148, .T. ) ;
#571 = EDGE_CURVE ( 'NONE', #2093, #1471, #1695, .T. ) ;
#572 = VERTEX_POINT ( 'NONE', #902 ) ;
#573 = LINE ( 'NONE', #3168, #1976 ) ;
#574 =( GEOMETRIC_REPRESENTATION_CONTEXT ( 3 ) GLOBAL_UNCERTAINTY_ASSIGNED_CONTEXT ( ( #802 ) ) GLOBAL_UNIT_ASSIGNED_CONTEXT ( ( #3384, #758, #3433 ) ) REPRESENTATION_CONTEXT ( 'NONE', 'WORKASPACE' ) );
#575 = VERTEX_POINT ( 'NONE', #3031 ) ;
#576 = ADVANCED_FACE ( 'NONE', ( #646 ), #1715, .T. ) ;
#577 = ORIENTED_EDGE ( 'NONE', *, *, #68, .F. ) ;
#578 = ORIENTED_EDGE ( 'NONE', *, *, #2085, .F. ) ;
#579 = VECTOR ( 'NONE', #2720, 1000.000000000000000 ) ;
#580 = PLANE ( 'NONE',  #912 ) ;
#581 = EDGE_LOOP ( 'NONE', ( #1852, #2214, #1090, #3103 ) ) ;
#582 = LINE ( 'NONE', #910, #1625 ) ;
#583 = LINE ( 'NONE', #2218, #674 ) ;
#584 = PLANE ( 'NONE',  #2521 ) ;
#585 = VECTOR ( 'NONE', #1961, 1000.000000000000000 ) ;
#586 = LINE ( 'NONE', #1692, #3283 ) ;
#587 = CARTESIAN_POINT ( 'NONE',  ( 2.390000000000001457, 0.2500000000000000000, 2.109999999999999432 ) ) ;
#588 = FILL_AREA_STYLE_COLOUR ( '', #643 ) ;
#589 = VECTOR ( 'NONE', #784, 1000.000000000000000 ) ;
#590 = EDGE_CURVE ( 'NONE', #2064, #1516, #1468, .T. ) ;
#591 = ORIENTED_EDGE ( 'NONE', *, *, #2978, .T. ) ;
#592 = CARTESIAN_POINT ( 'NONE',  ( -2.999999999999999112, 0.2500000000000000000, -0.4300000000000002709 ) ) ;
#593 = VERTEX_POINT ( 'NONE', #1133 ) ;
#594 = ORIENTED_EDGE ( 'NONE', *, *, #1616, .T. ) ;
#595 = ORIENTED_EDGE ( 'NONE', *, *, #940, .T. ) ;
#596 = LINE ( 'NONE', #67, #3302 ) ;
#597 = EDGE_LOOP ( 'NONE', ( #2857, #2245, #595, #2283 ) ) ;
#598 = DIRECTION ( 'NONE',  ( 0.000000000000000000, 0.000000000000000000, 1.000000000000000000 ) ) ;
#599 = CARTESIAN_POINT ( 'NONE',  ( -2.390000000000000568, 0.2500000000000000000, 0.4299999999999998268 ) ) ;
#600 = LINE ( 'NONE', #2186, #804 ) ;
#601 = ADVANCED_FACE ( 'NONE', ( #2727 ), #2303, .T. ) ;
#602 = DIRECTION ( 'NONE',  ( -1.053902476292106240E-16, 0.000000000000000000, 1.000000000000000000 ) ) ;
#603 = LINE ( 'NONE', #374, #118 ) ;
#604 = CARTESIAN_POINT ( 'NONE',  ( -1.767499999999999405, 0.2500000000000000000, 1.767500000000000515 ) ) ;
#605 = ADVANCED_FACE ( 'NONE', ( #2839 ), #676, .T. ) ;
#606 = ORIENTED_EDGE ( 'NONE', *, *, #1389, .T. ) ;
#607 = DIRECTION ( 'NONE',  ( 0.000000000000000000, 0.000000000000000000, 1.000000000000000000 ) ) ;
#608 = ORIENTED_EDGE ( 'NONE', *, *, #483, .T. ) ;
#609 = EDGE_LOOP ( 'NONE', ( #2340, #1698, #2492, #1253 ) ) ;
#610 = ORIENTED_EDGE ( 'NONE', *, *, #2929, .T. ) ;
#611 = CARTESIAN_POINT ( 'NONE',  ( -2.390000000000000568, 0.2500000000000000000, -2.110000000000000320 ) ) ;
#612 = ORIENTED_EDGE ( 'NONE', *, *, #3158, .T. ) ;
#613 = DIRECTION ( 'NONE',  ( 1.000000000000000000, 0.000000000000000000, 7.109522442527915774E-16 ) ) ;
#614 = PLANE ( 'NONE',  #1406 ) ;
#615 = EDGE_CURVE ( 'NONE', #1249, #2823, #2017, .T. ) ;
#616 = DIRECTION ( 'NONE',  ( 0.000000000000000000, -1.000000000000000000, 0.000000000000000000 ) ) ;
#617 = VECTOR ( 'NONE', #3352, 1000.000000000000000 ) ;
#618 = LINE ( 'NONE', #1410, #3397 ) ;
#619 = LINE ( 'NONE', #1892, #2301 ) ;
#620 = SURFACE_STYLE_USAGE ( .BOTH. , #337 ) ;
#621 = VECTOR ( 'NONE', #3224, 1000.000000000000000 ) ;
#622 = AXIS2_PLACEMENT_3D ( 'NONE', #1431, #2447, #3298 ) ;
#623 = AXIS2_PLACEMENT_3D ( 'NONE', #2367, #1335, #515 ) ;
#624 = CARTESIAN_POINT ( 'NONE',  ( -1.629999999999998339, 0.2500000000000000000, -1.717861036356131604E-16 ) ) ;
#625 = ORIENTED_EDGE ( 'NONE', *, *, #1331, .T. ) ;
#626 = EDGE_CURVE ( 'NONE', #925, #2053, #436, .T. ) ;
#627 = ORIENTED_EDGE ( 'NONE', *, *, #1676, .T. ) ;
#628 = VERTEX_POINT ( 'NONE', #1746 ) ;
#629 = DIRECTION ( 'NONE',  ( -1.000000000000000000, 0.000000000000000000, -7.109522442527915774E-16 ) ) ;
#630 = PRESENTATION_LAYER_ASSIGNMENT (  '', '', ( #2021 ) ) ;
#631 = VERTEX_POINT ( 'NONE', #3084 ) ;
#632 = DIRECTION ( 'NONE',  ( 0.000000000000000000, -1.000000000000000000, 0.000000000000000000 ) ) ;
#633 = PLANE ( 'NONE',  #2850 ) ;
#634 = EDGE_CURVE ( 'NONE', #2755, #1895, #1037, .T. ) ;
#635 = VECTOR ( 'NONE', #3024, 1000.000000000000000 ) ;
#636 = DIRECTION ( 'NONE',  ( -2.843808977011173804E-15, 0.000000000000000000, 1.000000000000000000 ) ) ;
#637 = AXIS2_PLACEMENT_3D ( 'NONE', #2476, #3341, #2526 ) ;
#638 = LINE ( 'NONE', #104, #2174 ) ;
#639 = CARTESIAN_POINT ( 'NONE',  ( 2.390000000000000124, 0.000000000000000000, 1.699999999999999734 ) ) ;
#640 = DIRECTION ( 'NONE',  ( -1.000000000000000000, 0.000000000000000000, 0.000000000000000000 ) ) ;
#641 = COLOUR_RGB ( '',0.2509803921568627416, 0.2509803921568627416, 0.2509803921568627416 ) ;
#642 = CARTESIAN_POINT ( 'NONE',  ( -2.390000000000000568, 0.2500000000000000000, -0.4300000000000000488 ) ) ;
#643 = COLOUR_RGB ( '',0.7921568627450980005, 0.8196078431372548767, 0.9333333333333333481 ) ;
#644 = EDGE_CURVE ( 'NONE', #647, #3127, #3065, .T. ) ;
#645 = EDGE_CURVE ( 'NONE', #1403, #539, #1524, .T. ) ;
#646 = FACE_OUTER_BOUND ( 'NONE', #3148, .T. ) ;
#647 = VERTEX_POINT ( 'NONE', #936 ) ;
#648 = VERTEX_POINT ( 'NONE', #2541 ) ;
#649 = ORIENTED_EDGE ( 'NONE', *, *, #2224, .F. ) ;
#650 = LINE ( 'NONE', #1719, #3029 ) ;
#651 = EDGE_LOOP ( 'NONE', ( #1917, #1951, #821, #2244, #224, #1135 ) ) ;
#652 = LINE ( 'NONE', #1905, #3125 ) ;
#653 = DIRECTION ( 'NONE',  ( -1.000000000000000000, 0.000000000000000000, -7.109522442527915774E-16 ) ) ;
#654 = DIRECTION ( 'NONE',  ( 0.000000000000000000, 1.000000000000000000, 0.000000000000000000 ) ) ;
#655 = EDGE_CURVE ( 'NONE', #2044, #1781, #151, .T. ) ;
#656 = LINE ( 'NONE', #1144, #1849 ) ;
#657 = DIRECTION ( 'NONE',  ( 1.000000000000000000, 0.000000000000000000, 0.000000000000000000 ) ) ;
#658 = DIRECTION ( 'NONE',  ( 1.000000000000000000, 0.000000000000000000, 0.000000000000000000 ) ) ;
#659 = DIRECTION ( 'NONE',  ( 0.000000000000000000, -1.000000000000000000, 0.000000000000000000 ) ) ;
#660 = DIRECTION ( 'NONE',  ( 0.000000000000000000, -1.000000000000000000, 0.000000000000000000 ) ) ;
#661 = VERTEX_POINT ( 'NONE', #717 ) ;
#662 = VERTEX_POINT ( 'NONE', #2822 ) ;
#663 = ORIENTED_EDGE ( 'NONE', *, *, #3198, .F. ) ;
#664 = CARTESIAN_POINT ( 'NONE',  ( -2.999999999999999112, 0.000000000000000000, 2.500000000000000000 ) ) ;
#665 = ORIENTED_EDGE ( 'NONE', *, *, #2898, .F. ) ;
#666 = CARTESIAN_POINT ( 'NONE',  ( -1.324999999999999734, 0.2500000000000000000, -2.209999999999999520 ) ) ;
#667 = PLANE ( 'NONE',  #74 ) ;
#668 = EDGE_CURVE ( 'NONE', #2163, #3287, #1241, .T. ) ;
#669 = LINE ( 'NONE', #3130, #891 ) ;
#670 = DIRECTION ( 'NONE',  ( 0.000000000000000000, -1.000000000000000000, 0.000000000000000000 ) ) ;
#671 = ORIENTED_EDGE ( 'NONE', *, *, #3292, .F. ) ;
#672 = LINE ( 'NONE', #2516, #1032 ) ;
#673 = VECTOR ( 'NONE', #2813, 1000.000000000000000 ) ;
#674 = VECTOR ( 'NONE', #2704, 1000.000000000000000 ) ;
#675 = VECTOR ( 'NONE', #213, 1000.000000000000000 ) ;
#676 = PLANE ( 'NONE',  #3149 ) ;
#677 = EDGE_CURVE ( 'NONE', #1328, #1122, #656, .T. ) ;
#678 = ORIENTED_EDGE ( 'NONE', *, *, #560, .F. ) ;
#679 = ORIENTED_EDGE ( 'NONE', *, *, #2910, .T. ) ;
#680 = DIRECTION ( 'NONE',  ( 0.000000000000000000, 0.000000000000000000, -1.000000000000000000 ) ) ;
#681 = EDGE_CURVE ( 'NONE', #1205, #799, #2513, .T. ) ;
#682 = DIRECTION ( 'NONE',  ( -0.000000000000000000, -1.000000000000000000, -0.000000000000000000 ) ) ;
#683 = DIRECTION ( 'NONE',  ( 1.000000000000000000, 0.000000000000000000, 7.109522442527915774E-16 ) ) ;
#684 = PLANE ( 'NONE',  #3191 ) ;
#685 = EDGE_CURVE ( 'NONE', #631, #539, #2207, .T. ) ;
#686 = ORIENTED_EDGE ( 'NONE', *, *, #752, .T. ) ;
#687 = LINE ( 'NONE', #744, #2960 ) ;
#688 = CARTESIAN_POINT ( 'NONE',  ( -1.074999999999998179, 0.2500000000000000000, 2.500000000000000000 ) ) ;
#689 = SURFACE_SIDE_STYLE ('',( #1232 ) ) ;
#690 = VERTEX_POINT ( 'NONE', #126 ) ;
#691 = CARTESIAN_POINT ( 'NONE',  ( 3.000000000000000000, 0.2500000000000000000, -0.8400000000000003020 ) ) ;
#692 = AXIS2_PLACEMENT_3D ( 'NONE', #1393, #2446, #1890 ) ;
#693 = EDGE_CURVE ( 'NONE', #150, #362, #2992, .T. ) ;
#694 = ORIENTED_EDGE ( 'NONE', *, *, #423, .F. ) ;
#695 = VECTOR ( 'NONE', #1734, 1000.000000000000000 ) ;
#696 = VECTOR ( 'NONE', #3080, 1000.000000000000000 ) ;
#697 = DIRECTION ( 'NONE',  ( 0.000000000000000000, 0.000000000000000000, -1.000000000000000000 ) ) ;
#698 = EDGE_CURVE ( 'NONE', #799, #2336, #3279, .T. ) ;
#699 = VERTEX_POINT ( 'NONE', #1394 ) ;
#700 = VECTOR ( 'NONE', #2281, 1000.000000000000000 ) ;
#701 = ORIENTED_EDGE ( 'NONE', *, *, #769, .T. ) ;
#702 = PLANE ( 'NONE',  #2584 ) ;
#703 = DIRECTION ( 'NONE',  ( -0.000000000000000000, -1.000000000000000000, -0.000000000000000000 ) ) ;
#704 = ORIENTED_EDGE ( 'NONE', *, *, #2038, .T. ) ;
#705 = CARTESIAN_POINT ( 'NONE',  ( -2.999999999999999112, 1.050000000000000044, 2.500000000000000000 ) ) ;
#706 = LINE ( 'NONE', #2771, #2792 ) ;
#707 = CARTESIAN_POINT ( 'NONE',  ( -2.999999999999999112, 0.2500000000000000000, -0.4300000000000002709 ) ) ;
#708 = ORIENTED_EDGE ( 'NONE', *, *, #2415, .T. ) ;
#709 = LINE ( 'NONE', #426, #1289 ) ;
#710 = CARTESIAN_POINT ( 'NONE',  ( 0.000000000000000000, 0.2500000000000000000, -2.110000000000000320 ) ) ;
#711 = CARTESIAN_POINT ( 'NONE',  ( 3.000000000000000000, 0.2500000000000000000, -0.4300000000000002709 ) ) ;
#712 = ORIENTED_EDGE ( 'NONE', *, *, #173, .T. ) ;
#713 = PLANE ( 'NONE',  #1257 ) ;
#714 = DIRECTION ( 'NONE',  ( 0.000000000000000000, 1.000000000000000000, 0.000000000000000000 ) ) ;
#715 = ORIENTED_EDGE ( 'NONE', *, *, #2353, .T. ) ;
#716 = EDGE_CURVE ( 'NONE', #2557, #648, #1941, .T. ) ;
#717 = CARTESIAN_POINT ( 'NONE',  ( -2.390000000000000568, -0.000000000000000000, 2.109999999999999876 ) ) ;
#718 = ORIENTED_EDGE ( 'NONE', *, *, #532, .T. ) ;
#719 = ORIENTED_EDGE ( 'NONE', *, *, #728, .T. ) ;
#720 = LINE ( 'NONE', #2286, #360 ) ;
#721 = ORIENTED_EDGE ( 'NONE', *, *, #1102, .T. ) ;
#722 = LINE ( 'NONE', #1494, #899 ) ;
#723 = LINE ( 'NONE', #1442, #2400 ) ;
#724 = ADVANCED_FACE ( 'NONE', ( #3317 ), #2707, .T. ) ;
#725 = DIRECTION ( 'NONE',  ( 1.000000000000000000, 0.000000000000000000, 0.000000000000000000 ) ) ;
#726 = ORIENTED_EDGE ( 'NONE', *, *, #1101, .F. ) ;
#727 = DIRECTION ( 'NONE',  ( 0.000000000000000000, -1.000000000000000000, 0.000000000000000000 ) ) ;
#728 = EDGE_CURVE ( 'NONE', #1001, #2346, #3044, .T. ) ;
#729 = FACE_OUTER_BOUND ( 'NONE', #1732, .T. ) ;
#730 = VERTEX_POINT ( 'NONE', #389 ) ;
#731 = PLANE ( 'NONE',  #1421 ) ;
#732 =( NAMED_UNIT ( * ) SI_UNIT ( $, .STERADIAN. ) SOLID_ANGLE_UNIT ( ) );
#733 = ORIENTED_EDGE ( 'NONE', *, *, #2426, .T. ) ;
#734 = AXIS2_PLACEMENT_3D ( 'NONE', #217, #1740, #1006 ) ;
#735 = ADVANCED_FACE ( 'NONE', ( #2220 ), #1174, .F. ) ;
#736 = EDGE_LOOP ( 'NONE', ( #1132, #1769, #1198, #2202 ) ) ;
#737 = DIRECTION ( 'NONE',  ( -1.000000000000000000, 0.000000000000000000, -7.109522442527951273E-16 ) ) ;
#738 = VERTEX_POINT ( 'NONE', #2760 ) ;
#739 = SURFACE_SIDE_STYLE ('',( #2563 ) ) ;
#740 = FACE_OUTER_BOUND ( 'NONE', #2268, .T. ) ;
#741 = DIRECTION ( 'NONE',  ( -0.000000000000000000, 0.000000000000000000, 1.000000000000000000 ) ) ;
#742 = EDGE_LOOP ( 'NONE', ( #1966, #2438, #704, #277 ) ) ;
#743 = EDGE_CURVE ( 'NONE', #1207, #3324, #618, .T. ) ;
#744 = CARTESIAN_POINT ( 'NONE',  ( -1.767499999999999405, 0.2500000000000000000, 1.767500000000000515 ) ) ;
#745 = CARTESIAN_POINT ( 'NONE',  ( -1.074999999999998179, 0.000000000000000000, -2.500000000000000000 ) ) ;
#746 = VERTEX_POINT ( 'NONE', #2976 ) ;
#747 = LINE ( 'NONE', #1814, #2028 ) ;
#748 = SURFACE_STYLE_USAGE ( .BOTH. , #3134 ) ;
#749 = ORIENTED_EDGE ( 'NONE', *, *, #896, .F. ) ;
#750 = AXIS2_PLACEMENT_3D ( 'NONE', #845, #548, #1620 ) ;
#751 = VECTOR ( 'NONE', #3321, 1000.000000000000000 ) ;
#752 = EDGE_CURVE ( 'NONE', #141, #1005, #586, .T. ) ;
#753 = EDGE_CURVE ( 'NONE', #949, #1005, #638, .T. ) ;
#754 =( GEOMETRIC_REPRESENTATION_CONTEXT ( 3 ) GLOBAL_UNCERTAINTY_ASSIGNED_CONTEXT ( ( #2640 ) ) GLOBAL_UNIT_ASSIGNED_CONTEXT ( ( #2190, #3046, #1412 ) ) REPRESENTATION_CONTEXT ( 'NONE', 'WORKASPACE' ) );
#755 = EDGE_CURVE ( 'NONE', #2863, #2079, #91, .T. ) ;
#756 = FACE_OUTER_BOUND ( 'NONE', #2995, .T. ) ;
#757 = VERTEX_POINT ( 'NONE', #1445 ) ;
#758 =( NAMED_UNIT ( * ) PLANE_ANGLE_UNIT ( ) SI_UNIT ( $, .RADIAN. ) );
#759 = VECTOR ( 'NONE', #1398, 1000.000000000000000 ) ;
#760 = CARTESIAN_POINT ( 'NONE',  ( -1.074999999999998179, 0.2500000000000000000, 2.500000000000000000 ) ) ;
#761 = VERTEX_POINT ( 'NONE', #892 ) ;
#762 = CARTESIAN_POINT ( 'NONE',  ( 3.000000000000000000, 0.2500000000000000000, 0.000000000000000000 ) ) ;
#763 = DIRECTION ( 'NONE',  ( -1.000000000000000000, 0.000000000000000000, -2.843808977011173804E-15 ) ) ;
#764 = ORIENTED_EDGE ( 'NONE', *, *, #837, .T. ) ;
#765 = CARTESIAN_POINT ( 'NONE',  ( 3.000000000000000000, 0.000000000000000000, 0.4299999999999998268 ) ) ;
#766 = ADVANCED_FACE ( 'NONE', ( #1959 ), #355, .T. ) ;
#767 = CARTESIAN_POINT ( 'NONE',  ( -2.999999999999999112, 0.2500000000000000000, 0.8399999999999998579 ) ) ;
#768 = ORIENTED_EDGE ( 'NONE', *, *, #1888, .T. ) ;
#769 = EDGE_CURVE ( 'NONE', #1322, #3429, #52, .T. ) ;
#770 = APPLICATION_CONTEXT ( 'automotive_design' ) ;
#771 = PLANE ( 'NONE',  #2926 ) ;
#772 = ORIENTED_EDGE ( 'NONE', *, *, #385, .T. ) ;
#773 = CARTESIAN_POINT ( 'NONE',  ( 3.000000000000000000, 0.2500000000000000000, 0.000000000000000000 ) ) ;
#774 = SURFACE_SIDE_STYLE ('',( #2358 ) ) ;
#775 = LINE ( 'NONE', #1248, #2191 ) ;
#776 = ORIENTED_EDGE ( 'NONE', *, *, #1308, .F. ) ;
#777 = DIRECTION ( 'NONE',  ( 0.000000000000000000, 0.000000000000000000, -1.000000000000000000 ) ) ;
#778 = CARTESIAN_POINT ( 'NONE',  ( -5.971998851723433710E-16, 0.2500000000000000000, 0.8399999999999978595 ) ) ;
#779 = VERTEX_POINT ( 'NONE', #1460 ) ;
#780 = LINE ( 'NONE', #1843, #579 ) ;
#781 = CARTESIAN_POINT ( 'NONE',  ( -2.390000000000000568, 0.2500000000000000000, -2.110000000000000320 ) ) ;
#782 = LINE ( 'NONE', #3178, #399 ) ;
#783 = CARTESIAN_POINT ( 'NONE',  ( -2.999999999999999112, -0.000000000000000000, 0.4299999999999998268 ) ) ;
#784 = DIRECTION ( 'NONE',  ( -0.000000000000000000, -1.000000000000000000, -0.000000000000000000 ) ) ;
#785 = ORIENTED_EDGE ( 'NONE', *, *, #2421, .F. ) ;
#786 = CARTESIAN_POINT ( 'NONE',  ( 2.390000000000000124, 0.2500000000000000000, -0.8400000000000003020 ) ) ;
#787 = CARTESIAN_POINT ( 'NONE',  ( 2.390000000000000124, 0.2500000000000000000, -2.110000000000000320 ) ) ;
#788 = AXIS2_PLACEMENT_3D ( 'NONE', #185, #670, #2590 ) ;
#789 = VECTOR ( 'NONE', #2770, 1000.000000000000000 ) ;
#790 = LINE ( 'NONE', #2375, #1137 ) ;
#791 = EDGE_CURVE ( 'NONE', #331, #2840, #2188, .T. ) ;
#792 = VECTOR ( 'NONE', #1573, 1000.000000000000000 ) ;
#793 = FACE_OUTER_BOUND ( 'NONE', #1274, .T. ) ;
#794 = DIRECTION ( 'NONE',  ( -0.000000000000000000, 0.000000000000000000, 1.000000000000000000 ) ) ;
#795 = FACE_OUTER_BOUND ( 'NONE', #2231, .T. ) ;
#796 = EDGE_CURVE ( 'NONE', #2646, #260, #2869, .T. ) ;
#797 = DIRECTION ( 'NONE',  ( -1.000000000000000000, 0.000000000000000000, -0.000000000000000000 ) ) ;
#798 = DIRECTION ( 'NONE',  ( 1.000000000000000000, 0.000000000000000000, 7.109522442527915774E-16 ) ) ;
#799 = VERTEX_POINT ( 'NONE', #1514 ) ;
#800 = EDGE_CURVE ( 'NONE', #459, #2452, #2295, .T. ) ;
#801 = VECTOR ( 'NONE', #1583, 1000.000000000000000 ) ;
#802 = UNCERTAINTY_MEASURE_WITH_UNIT (LENGTH_MEASURE( 1.000000000000000082E-05 ), #3384, 'distance_accuracy_value', 'NONE');
#803 = ADVANCED_FACE ( 'NONE', ( #2033 ), #1281, .F. ) ;
#804 = VECTOR ( 'NONE', #878, 1000.000000000000000 ) ;
#805 = DIRECTION ( 'NONE',  ( 1.000000000000000000, 0.000000000000000000, 7.109522442527915774E-16 ) ) ;
#806 = VERTEX_POINT ( 'NONE', #3373 ) ;
#807 = SURFACE_SIDE_STYLE ('',( #1088 ) ) ;
#808 = VECTOR ( 'NONE', #680, 1000.000000000000000 ) ;
#809 = VERTEX_POINT ( 'NONE', #2272 ) ;
#810 = CARTESIAN_POINT ( 'NONE',  ( 0.000000000000000000, 0.000000000000000000, 0.000000000000000000 ) ) ;
#811 = VECTOR ( 'NONE', #703, 1000.000000000000000 ) ;
#812 = ORIENTED_EDGE ( 'NONE', *, *, #437, .F. ) ;
#813 = LINE ( 'NONE', #512, #282 ) ;
#814 = LINE ( 'NONE', #1875, #2724 ) ;
#815 = PLANE ( 'NONE',  #750 ) ;
#816 = CARTESIAN_POINT ( 'NONE',  ( 0.000000000000000000, 0.2500000000000000000, 0.4299999999999998268 ) ) ;
#817 = DIRECTION ( 'NONE',  ( -0.000000000000000000, -0.000000000000000000, 1.000000000000000000 ) ) ;
#818 = ORIENTED_EDGE ( 'NONE', *, *, #3269, .T. ) ;
#819 = EDGE_CURVE ( 'NONE', #2966, #2131, #669, .T. ) ;
#820 = LINE ( 'NONE', #1104, #1093 ) ;
#821 = ORIENTED_EDGE ( 'NONE', *, *, #3227, .T. ) ;
#822 =( NAMED_UNIT ( * ) PLANE_ANGLE_UNIT ( ) SI_UNIT ( $, .RADIAN. ) );
#823 = ORIENTED_EDGE ( 'NONE', *, *, #226, .F. ) ;
#824 = PLANE ( 'NONE',  #474 ) ;
#825 = ORIENTED_EDGE ( 'NONE', *, *, #2602, .F. ) ;
#826 = CARTESIAN_POINT ( 'NONE',  ( -2.390000000000000568, 0.000000000000000000, -0.4300000000000000488 ) ) ;
#827 = FACE_OUTER_BOUND ( 'NONE', #597, .T. ) ;
#828 = ADVANCED_FACE ( 'NONE', ( #407 ), #2552, .T. ) ;
#829 = DIRECTION ( 'NONE',  ( 0.000000000000000000, -1.000000000000000000, 0.000000000000000000 ) ) ;
#830 = EDGE_CURVE ( 'NONE', #2730, #3119, #687, .T. ) ;
#831 = PLANE ( 'NONE',  #2672 ) ;
#832 = FACE_OUTER_BOUND ( 'NONE', #2876, .T. ) ;
#833 = FACE_OUTER_BOUND ( 'NONE', #313, .T. ) ;
#834 = VERTEX_POINT ( 'NONE', #161 ) ;
#835 = CARTESIAN_POINT ( 'NONE',  ( 2.390000000000000568, 0.2500000000000000000, 3.615688175219100320E-15 ) ) ;
#836 = EDGE_LOOP ( 'NONE', ( #552, #1784, #2264, #2059 ) ) ;
#837 = EDGE_CURVE ( 'NONE', #2312, #1403, #1757, .T. ) ;
#838 = ORIENTED_EDGE ( 'NONE', *, *, #743, .F. ) ;
#839 = EDGE_LOOP ( 'NONE', ( #1399, #2782, #1934, #1813 ) ) ;
#840 = LINE ( 'NONE', #2660, #2411 ) ;
#841 = ORIENTED_EDGE ( 'NONE', *, *, #2082, .F. ) ;
#842 = CARTESIAN_POINT ( 'NONE',  ( -5.971998851723433710E-16, -0.000000000000000000, 0.8399999999999978595 ) ) ;
#843 = PLANE ( 'NONE',  #1799 ) ;
#844 = AXIS2_PLACEMENT_3D ( 'NONE', #48, #3241, #2184 ) ;
#845 = CARTESIAN_POINT ( 'NONE',  ( 2.250000000000031974, 0.2500000000000000000, 2.249999999999972911 ) ) ;
#846 = VECTOR ( 'NONE', #281, 1000.000000000000000 ) ;
#847 = PRESENTATION_LAYER_ASSIGNMENT (  '', '', ( #285 ) ) ;
#848 = ADVANCED_FACE ( 'NONE', ( #1267 ), #3387, .F. ) ;
#849 = CARTESIAN_POINT ( 'NONE',  ( 3.000000000000000000, 0.000000000000000000, 0.000000000000000000 ) ) ;
#850 = LINE ( 'NONE', #2208, #2016 ) ;
#851 = LINE ( 'NONE', #1433, #585 ) ;
#852 = ORIENTED_EDGE ( 'NONE', *, *, #3398, .F. ) ;
#853 = CARTESIAN_POINT ( 'NONE',  ( 2.390000000000000568, 0.2500000000000000000, 3.615688175219100320E-15 ) ) ;
#854 = ORIENTED_EDGE ( 'NONE', *, *, #3141, .T. ) ;
#855 = ORIENTED_EDGE ( 'NONE', *, *, #536, .F. ) ;
#856 = ORIENTED_EDGE ( 'NONE', *, *, #532, .F. ) ;
#857 = EDGE_CURVE ( 'NONE', #2555, #2542, #929, .T. ) ;
#858 = VECTOR ( 'NONE', #1315, 1000.000000000000000 ) ;
#859 = CARTESIAN_POINT ( 'NONE',  ( -2.999999999999999112, 0.2500000000000000000, 0.000000000000000000 ) ) ;
#860 = VERTEX_POINT ( 'NONE', #3059 ) ;
#861 = CARTESIAN_POINT ( 'NONE',  ( -1.324999999999999734, 0.2500000000000000000, -2.500000000000000000 ) ) ;
#862 = DIRECTION ( 'NONE',  ( -0.7071067811865491270, 0.000000000000000000, 0.7071067811865459074 ) ) ;
#863 = VECTOR ( 'NONE', #2763, 1000.000000000000000 ) ;
#864 = LINE ( 'NONE', #945, #635 ) ;
#865 = STYLED_ITEM ( 'NONE', ( #2274 ), #169 ) ;
#866 = DIRECTION ( 'NONE',  ( -0.7071067811865459074, 0.000000000000000000, -0.7071067811865491270 ) ) ;
#867 = CARTESIAN_POINT ( 'NONE',  ( 0.000000000000000000, 0.2500000000000000000, 1.699999999999999734 ) ) ;
#868 = VECTOR ( 'NONE', #1050, 1000.000000000000000 ) ;
#869 = VERTEX_POINT ( 'NONE', #2589 ) ;
#870 = LINE ( 'NONE', #80, #2872 ) ;
#871 = ORIENTED_EDGE ( 'NONE', *, *, #1308, .T. ) ;
#872 = ORIENTED_EDGE ( 'NONE', *, *, #1163, .F. ) ;
#873 = ORIENTED_EDGE ( 'NONE', *, *, #2338, .T. ) ;
#874 = CARTESIAN_POINT ( 'NONE',  ( 0.000000000000000000, 0.000000000000000000, 0.000000000000000000 ) ) ;
#875 = ORIENTED_EDGE ( 'NONE', *, *, #645, .F. ) ;
#876 = CARTESIAN_POINT ( 'NONE',  ( 0.000000000000000000, 0.000000000000000000, -2.110000000000000320 ) ) ;
#877 = LINE ( 'NONE', #3295, #3401 ) ;
#878 = DIRECTION ( 'NONE',  ( 0.000000000000000000, -1.000000000000000000, 0.000000000000000000 ) ) ;
#879 = CARTESIAN_POINT ( 'NONE',  ( -1.074999999999998179, 0.2500000000000000000, 2.209999999999999964 ) ) ;
#880 = DIRECTION ( 'NONE',  ( 1.000000000000000000, 0.000000000000000000, 7.109522442527915774E-16 ) ) ;
#881 = EDGE_CURVE ( 'NONE', #2607, #1207, #1479, .T. ) ;
#882 = CARTESIAN_POINT ( 'NONE',  ( -1.324999999999999734, -0.000000000000000000, 0.000000000000000000 ) ) ;
#883 = EDGE_LOOP ( 'NONE', ( #3152, #465, #2180, #3405 ) ) ;
#884 = ORIENTED_EDGE ( 'NONE', *, *, #2123, .F. ) ;
#885 = ORIENTED_EDGE ( 'NONE', *, *, #2062, .F. ) ;
#886 = DIRECTION ( 'NONE',  ( 7.109522442527915774E-16, 0.000000000000000000, -1.000000000000000000 ) ) ;
#887 = ORIENTED_EDGE ( 'NONE', *, *, #3303, .F. ) ;
#888 = LINE ( 'NONE', #34, #2725 ) ;
#889 = CARTESIAN_POINT ( 'NONE',  ( -2.390000000000000568, 0.2500000000000000000, -1.700000000000000178 ) ) ;
#890 = FACE_OUTER_BOUND ( 'NONE', #2198, .T. ) ;
#891 = VECTOR ( 'NONE', #202, 1000.000000000000000 ) ;
#892 = CARTESIAN_POINT ( 'NONE',  ( 2.290000000000004032, 0.000000000000000000, 2.209999999999999964 ) ) ;
#893 = DIRECTION ( 'NONE',  ( -1.000000000000000000, -0.000000000000000000, -0.000000000000000000 ) ) ;
#894 = CARTESIAN_POINT ( 'NONE',  ( 3.000000000000000000, 0.000000000000000000, -2.110000000000000320 ) ) ;
#895 = EDGE_CURVE ( 'NONE', #690, #1051, #2051, .T. ) ;
#896 = EDGE_CURVE ( 'NONE', #2320, #1497, #709, .T. ) ;
#897 = VECTOR ( 'NONE', #763, 1000.000000000000000 ) ;
#898 = DIRECTION ( 'NONE',  ( 1.000000000000000000, 0.000000000000000000, 0.000000000000000000 ) ) ;
#899 = VECTOR ( 'NONE', #157, 1000.000000000000000 ) ;
#900 = VECTOR ( 'NONE', #3314, 1000.000000000000000 ) ;
#901 = VECTOR ( 'NONE', #893, 1000.000000000000000 ) ;
#902 = CARTESIAN_POINT ( 'NONE',  ( -2.999999999999999112, 0.2500000000000000000, 0.8399999999999998579 ) ) ;
#903 = ORIENTED_EDGE ( 'NONE', *, *, #3064, .T. ) ;
#904 = ORIENTED_EDGE ( 'NONE', *, *, #3105, .T. ) ;
#905 = ORIENTED_EDGE ( 'NONE', *, *, #634, .F. ) ;
#906 = ADVANCED_FACE ( 'NONE', ( #1498 ), #2344, .F. ) ;
#907 = CARTESIAN_POINT ( 'NONE',  ( -2.999999999999999112, -0.000000000000000000, 0.4299999999999998268 ) ) ;
#908 = ORIENTED_EDGE ( 'NONE', *, *, #2170, .F. ) ;
#909 = PRODUCT ( 'CSD16407Q5', 'CSD16407Q5', '', ( #1542 ) ) ;
#910 = CARTESIAN_POINT ( 'NONE',  ( -1.074999999999998179, -0.000000000000000000, 0.000000000000000000 ) ) ;
#911 = LINE ( 'NONE', #2548, #3012 ) ;
#912 = AXIS2_PLACEMENT_3D ( 'NONE', #859, #1667, #2951 ) ;
#913 = LINE ( 'NONE', #1724, #2364 ) ;
#914 = VECTOR ( 'NONE', #2276, 1000.000000000000000 ) ;
#915 = CARTESIAN_POINT ( 'NONE',  ( 0.000000000000000000, 0.2500000000000000000, -0.8400000000000003020 ) ) ;
#916 = PLANE ( 'NONE',  #2178 ) ;
#917 = FACE_OUTER_BOUND ( 'NONE', #1804, .T. ) ;
#918 = VECTOR ( 'NONE', #2520, 1000.000000000000000 ) ;
#919 = CARTESIAN_POINT ( 'NONE',  ( 0.000000000000000000, -0.000000000000000000, 1.699999999999999734 ) ) ;
#920 = VERTEX_POINT ( 'NONE', #1535 ) ;
#921 = ORIENTED_EDGE ( 'NONE', *, *, #1666, .T. ) ;
#922 = ORIENTED_EDGE ( 'NONE', *, *, #1926, .F. ) ;
#923 = ADVANCED_FACE ( 'NONE', ( #1993 ), #447, .F. ) ;
#924 = CARTESIAN_POINT ( 'NONE',  ( -2.390000000000000568, 0.2500000000000000000, 1.699999999999999734 ) ) ;
#925 = VERTEX_POINT ( 'NONE', #2571 ) ;
#926 = CARTESIAN_POINT ( 'NONE',  ( -2.390000000000000568, 0.2500000000000000000, -0.8400000000000003020 ) ) ;
#927 = CARTESIAN_POINT ( 'NONE',  ( -2.999999999999999112, 1.050000000000000044, -2.500000000000000000 ) ) ;
#928 = CARTESIAN_POINT ( 'NONE',  ( 0.000000000000000000, 0.2500000000000000000, 1.699999999999999734 ) ) ;
#929 = LINE ( 'NONE', #2533, #617 ) ;
#930 = LINE ( 'NONE', #146, #338 ) ;
#931 = LINE ( 'NONE', #2009, #2473 ) ;
#932 = ORIENTED_EDGE ( 'NONE', *, *, #999, .F. ) ;
#933 = LINE ( 'NONE', #3047, #1194 ) ;
#934 = EDGE_CURVE ( 'NONE', #2730, #3324, #3112, .T. ) ;
#935 = EDGE_CURVE ( 'NONE', #559, #1106, #1793, .T. ) ;
#936 = CARTESIAN_POINT ( 'NONE',  ( -2.390000000000000568, 0.2500000000000000000, -0.4300000000000000488 ) ) ;
#937 = ORIENTED_EDGE ( 'NONE', *, *, #3403, .T. ) ;
#938 = ORIENTED_EDGE ( 'NONE', *, *, #1944, .F. ) ;
#939 = ORIENTED_EDGE ( 'NONE', *, *, #1227, .F. ) ;
#940 = EDGE_CURVE ( 'NONE', #183, #2863, #1618, .T. ) ;
#941 = DIRECTION ( 'NONE',  ( 0.000000000000000000, 1.000000000000000000, 0.000000000000000000 ) ) ;
#942 = ORIENTED_EDGE ( 'NONE', *, *, #2743, .T. ) ;
#943 = PLANE ( 'NONE',  #1800 ) ;
#944 = FACE_OUTER_BOUND ( 'NONE', #883, .T. ) ;
#945 = CARTESIAN_POINT ( 'NONE',  ( 2.390000000000000568, 0.000000000000000000, 3.615688175219100320E-15 ) ) ;
#946 = DIRECTION ( 'NONE',  ( -1.000000000000000000, 0.000000000000000000, -0.000000000000000000 ) ) ;
#947 = CARTESIAN_POINT ( 'NONE',  ( -2.999999999999999112, 0.2500000000000000000, -2.110000000000000320 ) ) ;
#948 = CARTESIAN_POINT ( 'NONE',  ( -1.074999999999998179, 0.2500000000000000000, -2.500000000000000000 ) ) ;
#949 = VERTEX_POINT ( 'NONE', #2114 ) ;
#950 = CARTESIAN_POINT ( 'NONE',  ( 0.000000000000000000, 0.2500000000000000000, -2.110000000000000320 ) ) ;
#951 = ADVANCED_FACE ( 'NONE', ( #264 ), #3436, .T. ) ;
#952 = APPLICATION_PROTOCOL_DEFINITION ( 'draft international standard', 'automotive_design', 1998, #770 ) ;
#953 = EDGE_LOOP ( 'NONE', ( #1526, #3258, #612, #1826 ) ) ;
#954 = VECTOR ( 'NONE', #1126, 1000.000000000000000 ) ;
#955 = AXIS2_PLACEMENT_3D ( 'NONE', #2237, #1674, #1725 ) ;
#956 = VECTOR ( 'NONE', #2103, 1000.000000000000000 ) ;
#957 = VECTOR ( 'NONE', #3165, 1000.000000000000000 ) ;
#958 = DIRECTION ( 'NONE',  ( 0.000000000000000000, -0.000000000000000000, -1.000000000000000000 ) ) ;
#959 = ORIENTED_EDGE ( 'NONE', *, *, #895, .T. ) ;
#960 = VERTEX_POINT ( 'NONE', #2376 ) ;
#961 = LINE ( 'NONE', #3089, #1865 ) ;
#962 = DIRECTION ( 'NONE',  ( -1.000000000000000000, 0.000000000000000000, 0.000000000000000000 ) ) ;
#963 = ORIENTED_EDGE ( 'NONE', *, *, #2874, .T. ) ;
#964 = LINE ( 'NONE', #2251, #3348 ) ;
#965 = CARTESIAN_POINT ( 'NONE',  ( 3.000000000000000000, 0.000000000000000000, 0.000000000000000000 ) ) ;
#966 = LINE ( 'NONE', #3076, #1646 ) ;
#967 = ORIENTED_EDGE ( 'NONE', *, *, #1414, .T. ) ;
#968 = DIRECTION ( 'NONE',  ( 0.000000000000000000, 0.000000000000000000, 1.000000000000000000 ) ) ;
#969 = DIRECTION ( 'NONE',  ( 0.000000000000000000, -0.000000000000000000, -1.000000000000000000 ) ) ;
#970 = ORIENTED_EDGE ( 'NONE', *, *, #1916, .F. ) ;
#971 = DIRECTION ( 'NONE',  ( -1.000000000000000000, -0.000000000000000000, -0.000000000000000000 ) ) ;
#972 = ADVANCED_FACE ( 'NONE', ( #1316 ), #1056, .F. ) ;
#973 = AXIS2_PLACEMENT_3D ( 'NONE', #3385, #1004, #1825 ) ;
#974 = CARTESIAN_POINT ( 'NONE',  ( -2.199999999999999289, 1.050000000000000044, -1.800000000000000044 ) ) ;
#975 = ORIENTED_EDGE ( 'NONE', *, *, #2577, .T. ) ;
#976 = VECTOR ( 'NONE', #2285, 1000.000000000000000 ) ;
#977 = VECTOR ( 'NONE', #2690, 1000.000000000000000 ) ;
#978 = CARTESIAN_POINT ( 'NONE',  ( 0.000000000000000000, 0.2500000000000000000, 0.000000000000000000 ) ) ;
#979 = ORIENTED_EDGE ( 'NONE', *, *, #2324, .T. ) ;
#980 = VECTOR ( 'NONE', #2893, 1000.000000000000000 ) ;
#981 = ORIENTED_EDGE ( 'NONE', *, *, #2170, .T. ) ;
#982 = VERTEX_POINT ( 'NONE', #826 ) ;
#983 = EDGE_CURVE ( 'NONE', #1628, #3135, #2663, .T. ) ;
#984 = DIRECTION ( 'NONE',  ( -1.000000000000000000, 0.000000000000000000, 0.000000000000000000 ) ) ;
#985 = ORIENTED_EDGE ( 'NONE', *, *, #488, .T. ) ;
#986 = FACE_OUTER_BOUND ( 'NONE', #296, .T. ) ;
#987 = DIRECTION ( 'NONE',  ( 1.000000000000000000, 0.000000000000000000, 0.000000000000000000 ) ) ;
#988 = LINE ( 'NONE', #1837, #1307 ) ;
#989 = ORIENTED_EDGE ( 'NONE', *, *, #2911, .F. ) ;
#990 = DIRECTION ( 'NONE',  ( 0.000000000000000000, -1.000000000000000000, 0.000000000000000000 ) ) ;
#991 = CARTESIAN_POINT ( 'NONE',  ( -2.199999999999999289, 0.9500000000000000666, -2.100000000000000089 ) ) ;
#992 = VERTEX_POINT ( 'NONE', #1827 ) ;
#993 = DIRECTION ( 'NONE',  ( 0.000000000000000000, -1.000000000000000000, 0.000000000000000000 ) ) ;
#994 = PRESENTATION_STYLE_ASSIGNMENT (( #748 ) ) ;
#995 = EDGE_CURVE ( 'NONE', #1802, #3273, #2953, .T. ) ;
#996 = ORIENTED_EDGE ( 'NONE', *, *, #3214, .F. ) ;
#997 = ADVANCED_FACE ( 'NONE', ( #793 ), #1840, .T. ) ;
#998 = VERTEX_POINT ( 'NONE', #2918 ) ;
#999 = EDGE_CURVE ( 'NONE', #312, #2336, #300, .T. ) ;
#1000 = FACE_OUTER_BOUND ( 'NONE', #2751, .T. ) ;
#1001 = VERTEX_POINT ( 'NONE', #528 ) ;
#1002 = FILL_AREA_STYLE ('',( #3366 ) ) ;
#1003 = FILL_AREA_STYLE ('',( #2600 ) ) ;
#1004 = DIRECTION ( 'NONE',  ( 0.000000000000000000, 1.000000000000000000, 0.000000000000000000 ) ) ;
#1005 = VERTEX_POINT ( 'NONE', #1075 ) ;
#1006 = DIRECTION ( 'NONE',  ( 1.512840240677447616E-15, 0.000000000000000000, -1.000000000000000000 ) ) ;
#1007 = DIRECTION ( 'NONE',  ( -0.000000000000000000, -1.000000000000000000, -0.000000000000000000 ) ) ;
#1008 = ORIENTED_EDGE ( 'NONE', *, *, #2706, .T. ) ;
#1009 = DIRECTION ( 'NONE',  ( -1.512840240677447616E-15, 0.000000000000000000, 1.000000000000000000 ) ) ;
#1010 = EDGE_CURVE ( 'NONE', #2523, #1280, #2648, .T. ) ;
#1011 = ADVANCED_FACE ( 'NONE', ( #2391 ), #3451, .F. ) ;
#1012 = ORIENTED_EDGE ( 'NONE', *, *, #1382, .F. ) ;
#1013 = VECTOR ( 'NONE', #2331, 1000.000000000000000 ) ;
#1014 = VECTOR ( 'NONE', #683, 1000.000000000000000 ) ;
#1015 = VECTOR ( 'NONE', #1208, 1000.000000000000000 ) ;
#1016 = CARTESIAN_POINT ( 'NONE',  ( -2.199999999999999289, 1.050000000000000044, -1.500000000000000000 ) ) ;
#1017 = ORIENTED_EDGE ( 'NONE', *, *, #2056, .T. ) ;
#1018 = LINE ( 'NONE', #540, #3074 ) ;
#1019 = DIRECTION ( 'NONE',  ( 0.000000000000000000, -1.000000000000000000, 0.000000000000000000 ) ) ;
#1020 = VECTOR ( 'NONE', #2875, 1000.000000000000000 ) ;
#1021 = EDGE_CURVE ( 'NONE', #331, #2646, #813, .T. ) ;
#1022 = CARTESIAN_POINT ( 'NONE',  ( -2.199999999999999289, 1.050000000000000044, -1.800000000000000044 ) ) ;
#1023 = VERTEX_POINT ( 'NONE', #1351 ) ;
#1024 = CARTESIAN_POINT ( 'NONE',  ( -5.971998851723462306E-16, 0.2500000000000000000, 0.8400000000000017453 ) ) ;
#1025 = LINE ( 'NONE', #1554, #2671 ) ;
#1026 = ORIENTED_EDGE ( 'NONE', *, *, #3379, .T. ) ;
#1027 = FACE_OUTER_BOUND ( 'NONE', #836, .T. ) ;
#1028 = COLOUR_RGB ( '',0.7921568627450980005, 0.8196078431372548767, 0.9333333333333333481 ) ;
#1029 = DIRECTION ( 'NONE',  ( 0.000000000000000000, -1.000000000000000000, 0.000000000000000000 ) ) ;
#1030 = ORIENTED_EDGE ( 'NONE', *, *, #2077, .F. ) ;
#1031 = AXIS2_PLACEMENT_3D ( 'NONE', #1428, #2481, #89 ) ;
#1032 = VECTOR ( 'NONE', #1745, 1000.000000000000000 ) ;
#1033 = CLOSED_SHELL ( 'NONE', ( #1881, #848, #3296, #3075, #2493, #2694, #3009, #2096, #2586, #2778, #19, #1149, #308, #2223, #1117, #3393, #2266, #1258, #244, #2335, #1709, #60, #276, #1820, #951, #605, #1444, #2801, #3265, #1974, #601, #570, #73, #1310, #2888, #2022, #766, #2821, #1513, #2879, #1430, #1462, #2673, #1450, #537, #906, #2359, #2158, #2517, #347, #735, #1054, #828 ) ) ;
#1034 = DIRECTION ( 'NONE',  ( -0.000000000000000000, -1.000000000000000000, -0.000000000000000000 ) ) ;
#1035 = VERTEX_POINT ( 'NONE', #1874 ) ;
#1036 = CARTESIAN_POINT ( 'NONE',  ( 1.208618815229747180E-15, 0.000000000000000000, -1.700000000000002398 ) ) ;
#1037 = CIRCLE ( 'NONE', #1486, 0.2999999999999999334 ) ;
#1038 = DIRECTION ( 'NONE',  ( 1.000000000000000000, 0.000000000000000000, 7.109522442527915774E-16 ) ) ;
#1039 = ORIENTED_EDGE ( 'NONE', *, *, #1353, .T. ) ;
#1040 = DIRECTION ( 'NONE',  ( -1.000000000000000000, 0.000000000000000000, -2.843808977011173804E-15 ) ) ;
#1041 = DIRECTION ( 'NONE',  ( -5.234079453378299335E-15, 0.000000000000000000, 1.000000000000000000 ) ) ;
#1042 = ORIENTED_EDGE ( 'NONE', *, *, #208, .T. ) ;
#1043 = LINE ( 'NONE', #2105, #3136 ) ;
#1044 = LINE ( 'NONE', #849, #3129 ) ;
#1045 = DIRECTION ( 'NONE',  ( 1.000000000000000000, 0.000000000000000000, 0.000000000000000000 ) ) ;
#1046 = ORIENTED_EDGE ( 'NONE', *, *, #2904, .F. ) ;
#1047 = EDGE_CURVE ( 'NONE', #1275, #1207, #2900, .T. ) ;
#1048 = EDGE_CURVE ( 'NONE', #544, #949, #2408, .T. ) ;
#1049 = EDGE_CURVE ( 'NONE', #1937, #738, #15, .T. ) ;
#1050 = DIRECTION ( 'NONE',  ( 0.000000000000000000, 0.000000000000000000, -1.000000000000000000 ) ) ;
#1051 = VERTEX_POINT ( 'NONE', #236 ) ;
#1052 = PLANE ( 'NONE',  #3180 ) ;
#1053 = LINE ( 'NONE', #787, #801 ) ;
#1054 = ADVANCED_FACE ( 'NONE', ( #1297 ), #3422, .T. ) ;
#1055 = CARTESIAN_POINT ( 'NONE',  ( -2.999999999999999112, 0.2500000000000000000, 0.000000000000000000 ) ) ;
#1056 = PLANE ( 'NONE',  #2230 ) ;
#1057 = PLANE ( 'NONE',  #2790 ) ;
#1058 = EDGE_CURVE ( 'NONE', #3328, #44, #652, .T. ) ;
#1059 = FACE_OUTER_BOUND ( 'NONE', #1105, .T. ) ;
#1060 = FACE_OUTER_BOUND ( 'NONE', #2752, .T. ) ;
#1061 = DIRECTION ( 'NONE',  ( -0.000000000000000000, -1.000000000000000000, -0.000000000000000000 ) ) ;
#1062 = ORIENTED_EDGE ( 'NONE', *, *, #571, .T. ) ;
#1063 = EDGE_CURVE ( 'NONE', #2131, #1385, #582, .T. ) ;
#1064 = VECTOR ( 'NONE', #2629, 1000.000000000000000 ) ;
#1065 = DIRECTION ( 'NONE',  ( 1.000000000000000000, 0.000000000000000000, -0.000000000000000000 ) ) ;
#1066 = ORIENTED_EDGE ( 'NONE', *, *, #3421, .T. ) ;
#1067 = DIRECTION ( 'NONE',  ( 1.000000000000000000, 0.000000000000000000, 0.000000000000000000 ) ) ;
#1068 =( NAMED_UNIT ( * ) PLANE_ANGLE_UNIT ( ) SI_UNIT ( $, .RADIAN. ) );
#1069 = AXIS2_PLACEMENT_3D ( 'NONE', #2606, #218, #1587 ) ;
#1070 = VECTOR ( 'NONE', #1313, 1000.000000000000000 ) ;
#1071 = VERTEX_POINT ( 'NONE', #1722 ) ;
#1072 = CARTESIAN_POINT ( 'NONE',  ( 2.290000000000004032, 0.2500000000000000000, 2.209999999999999964 ) ) ;
#1073 = MECHANICAL_DESIGN_GEOMETRIC_PRESENTATION_REPRESENTATION (  '', ( #285 ), #3285 ) ;
#1074 = ORIENTED_EDGE ( 'NONE', *, *, #698, .T. ) ;
#1075 = CARTESIAN_POINT ( 'NONE',  ( 3.000000000000000000, 0.000000000000000000, 2.109999999999999876 ) ) ;
#1076 = LINE ( 'NONE', #1570, #3231 ) ;
#1077 = CARTESIAN_POINT ( 'NONE',  ( 0.000000000000000000, 0.000000000000000000, 0.000000000000000000 ) ) ;
#1078 = VECTOR ( 'NONE', #798, 1000.000000000000000 ) ;
#1079 = CARTESIAN_POINT ( 'NONE',  ( -1.629999999999998117, 0.2500000000000000000, -2.210000000000000409 ) ) ;
#1080 = CARTESIAN_POINT ( 'NONE',  ( 3.057094650286992423E-16, 0.2500000000000000000, -0.4299999999999983835 ) ) ;
#1081 = LINE ( 'NONE', #2636, #977 ) ;
#1082 = EDGE_CURVE ( 'NONE', #3070, #2731, #1170, .T. ) ;
#1083 = VECTOR ( 'NONE', #3243, 1000.000000000000000 ) ;
#1084 = CIRCLE ( 'NONE', #2865, 0.2999999999999999334 ) ;
#1085 = DIRECTION ( 'NONE',  ( -5.234079453378299335E-15, 0.000000000000000000, 1.000000000000000000 ) ) ;
#1086 = ADVANCED_FACE ( 'NONE', ( #2166 ), #3040, .T. ) ;
#1087 = VERTEX_POINT ( 'NONE', #2703 ) ;
#1088 = SURFACE_STYLE_FILL_AREA ( #3071 ) ;
#1089 = AXIS2_PLACEMENT_3D ( 'NONE', #1591, #3179, #24 ) ;
#1090 = ORIENTED_EDGE ( 'NONE', *, *, #1904, .T. ) ;
#1091 = EDGE_CURVE ( 'NONE', #809, #260, #3222, .T. ) ;
#1092 = LINE ( 'NONE', #2715, #3088 ) ;
#1093 = VECTOR ( 'NONE', #2160, 1000.000000000000000 ) ;
#1094 = ORIENTED_EDGE ( 'NONE', *, *, #57, .T. ) ;
#1095 = CARTESIAN_POINT ( 'NONE',  ( 2.250000000000005329, -0.000000000000000000, -2.249999999999995115 ) ) ;
#1096 = FACE_OUTER_BOUND ( 'NONE', #2504, .T. ) ;
#1097 = CARTESIAN_POINT ( 'NONE',  ( 3.000000000000000000, 0.000000000000000000, 2.500000000000000000 ) ) ;
#1098 = DIRECTION ( 'NONE',  ( 0.000000000000000000, 0.000000000000000000, 1.000000000000000000 ) ) ;
#1099 = DIRECTION ( 'NONE',  ( 0.000000000000000000, -1.000000000000000000, 0.000000000000000000 ) ) ;
#1100 = CARTESIAN_POINT ( 'NONE',  ( -1.324999999999999734, 0.2500000000000000000, 0.000000000000000000 ) ) ;
#1101 = EDGE_CURVE ( 'NONE', #431, #2557, #3294, .T. ) ;
#1102 = EDGE_CURVE ( 'NONE', #2079, #2967, #369, .T. ) ;
#1103 = ORIENTED_EDGE ( 'NONE', *, *, #1839, .F. ) ;
#1104 = CARTESIAN_POINT ( 'NONE',  ( -2.390000000000000568, -0.000000000000000000, 0.000000000000000000 ) ) ;
#1105 = EDGE_LOOP ( 'NONE', ( #2675, #1218, #1617, #1652, #171, #785, #2275, #2781 ) ) ;
#1106 = VERTEX_POINT ( 'NONE', #332 ) ;
#1107 = ORIENTED_EDGE ( 'NONE', *, *, #2633, .F. ) ;
#1108 = EDGE_CURVE ( 'NONE', #2002, #1272, #386, .T. ) ;
#1109 = DIRECTION ( 'NONE',  ( 0.000000000000000000, -1.000000000000000000, 0.000000000000000000 ) ) ;
#1110 = ORIENTED_EDGE ( 'NONE', *, *, #2066, .F. ) ;
#1111 = CARTESIAN_POINT ( 'NONE',  ( -1.629999999999998117, -0.000000000000000000, -2.210000000000000409 ) ) ;
#1112 = CARTESIAN_POINT ( 'NONE',  ( -2.199999999999999289, 0.9500000000000000666, -2.100000000000000089 ) ) ;
#1113 = DIRECTION ( 'NONE',  ( 0.000000000000000000, 0.000000000000000000, -1.000000000000000000 ) ) ;
#1114 = DIRECTION ( 'NONE',  ( -0.000000000000000000, -1.000000000000000000, -0.000000000000000000 ) ) ;
#1115 = FACE_OUTER_BOUND ( 'NONE', #3196, .T. ) ;
#1116 = CARTESIAN_POINT ( 'NONE',  ( -2.999999999999999112, 0.2500000000000000000, -0.8400000000000003020 ) ) ;
#1117 = ADVANCED_FACE ( 'NONE', ( #2444 ), #2463, .T. ) ;
#1118 = VERTEX_POINT ( 'NONE', #861 ) ;
#1119 = PLANE ( 'NONE',  #1545 ) ;
#1120 = ORIENTED_EDGE ( 'NONE', *, *, #2633, .T. ) ;
#1121 = VERTEX_POINT ( 'NONE', #70 ) ;
#1122 = VERTEX_POINT ( 'NONE', #2989 ) ;
#1123 = DIRECTION ( 'NONE',  ( 0.000000000000000000, -0.000000000000000000, -1.000000000000000000 ) ) ;
#1124 = ORIENTED_EDGE ( 'NONE', *, *, #1783, .T. ) ;
#1125 = DIRECTION ( 'NONE',  ( -1.000000000000000000, 0.000000000000000000, -0.000000000000000000 ) ) ;
#1126 = DIRECTION ( 'NONE',  ( 0.000000000000000000, -1.000000000000000000, 0.000000000000000000 ) ) ;
#1127 = VECTOR ( 'NONE', #1332, 1000.000000000000000 ) ;
#1128 = DIRECTION ( 'NONE',  ( 1.000000000000000000, -0.000000000000000000, 1.512840240677447616E-15 ) ) ;
#1129 = AXIS2_PLACEMENT_3D ( 'NONE', #710, #3113, #2514 ) ;
#1130 = CARTESIAN_POINT ( 'NONE',  ( 2.390000000000000124, 0.2500000000000000000, 0.4299999999999998268 ) ) ;
#1131 = DIRECTION ( 'NONE',  ( 0.000000000000000000, -1.000000000000000000, 0.000000000000000000 ) ) ;
#1132 = ORIENTED_EDGE ( 'NONE', *, *, #1210, .F. ) ;
#1133 = CARTESIAN_POINT ( 'NONE',  ( 2.390000000000001457, 0.000000000000000000, 2.109999999999999432 ) ) ;
#1134 = ORIENTED_EDGE ( 'NONE', *, *, #2685, .T. ) ;
#1135 = ORIENTED_EDGE ( 'NONE', *, *, #1358, .F. ) ;
#1136 = VERTEX_POINT ( 'NONE', #1972 ) ;
#1137 = VECTOR ( 'NONE', #1279, 1000.000000000000000 ) ;
#1138 = DIRECTION ( 'NONE',  ( 0.000000000000000000, 0.000000000000000000, -1.000000000000000000 ) ) ;
#1139 = ORIENTED_EDGE ( 'NONE', *, *, #2670, .F. ) ;
#1140 = DIRECTION ( 'NONE',  ( 1.000000000000000000, 0.000000000000000000, 0.000000000000000000 ) ) ;
#1141 = DIRECTION ( 'NONE',  ( -1.000000000000000000, 0.000000000000000000, -0.000000000000000000 ) ) ;
#1142 = AXIS2_PLACEMENT_3D ( 'NONE', #3291, #2505, #1936 ) ;
#1143 = DIRECTION ( 'NONE',  ( -1.000000000000000000, 0.000000000000000000, -0.000000000000000000 ) ) ;
#1144 = CARTESIAN_POINT ( 'NONE',  ( 1.208618815229747180E-15, 0.000000000000000000, -1.700000000000002398 ) ) ;
#1145 = DIRECTION ( 'NONE',  ( 0.000000000000000000, -0.000000000000000000, -1.000000000000000000 ) ) ;
#1146 = PRESENTATION_STYLE_ASSIGNMENT (( #620 ) ) ;
#1147 = VECTOR ( 'NONE', #134, 1000.000000000000000 ) ;
#1148 = PLANE ( 'NONE',  #254 ) ;
#1149 = ADVANCED_FACE ( 'NONE', ( #1923 ), #2232, .T. ) ;
#1150 = ORIENTED_EDGE ( 'NONE', *, *, #685, .T. ) ;
#1151 = ORIENTED_EDGE ( 'NONE', *, *, #95, .T. ) ;
#1152 = ORIENTED_EDGE ( 'NONE', *, *, #2754, .F. ) ;
#1153 = FACE_OUTER_BOUND ( 'NONE', #736, .T. ) ;
#1154 = ORIENTED_EDGE ( 'NONE', *, *, #428, .F. ) ;
#1155 = EDGE_CURVE ( 'NONE', #2044, #1296, #3002, .T. ) ;
#1156 = DIRECTION ( 'NONE',  ( 0.000000000000000000, -1.000000000000000000, 0.000000000000000000 ) ) ;
#1157 = DIRECTION ( 'NONE',  ( 1.000000000000000000, 0.000000000000000000, 0.000000000000000000 ) ) ;
#1158 = LINE ( 'NONE', #2512, #3412 ) ;
#1159 = EDGE_CURVE ( 'NONE', #982, #2714, #101, .T. ) ;
#1160 = DIRECTION ( 'NONE',  ( -0.000000000000000000, -1.000000000000000000, -0.000000000000000000 ) ) ;
#1161 = LINE ( 'NONE', #2221, #3288 ) ;
#1162 = CARTESIAN_POINT ( 'NONE',  ( 3.000000000000000000, 0.2500000000000000000, 0.000000000000000000 ) ) ;
#1163 = EDGE_CURVE ( 'NONE', #65, #3188, #350, .T. ) ;
#1164 = CARTESIAN_POINT ( 'NONE',  ( -2.390000000000000568, -0.000000000000000000, 0.000000000000000000 ) ) ;
#1165 = ORIENTED_EDGE ( 'NONE', *, *, #3118, .F. ) ;
#1166 = ORIENTED_EDGE ( 'NONE', *, *, #1683, .F. ) ;
#1167 = ORIENTED_EDGE ( 'NONE', *, *, #1621, .F. ) ;
#1168 = DIRECTION ( 'NONE',  ( 0.7071067811865477948, 0.000000000000000000, 0.7071067811865473507 ) ) ;
#1169 = EDGE_LOOP ( 'NONE', ( #855, #2403, #963, #1501 ) ) ;
#1170 = LINE ( 'NONE', #876, #3342 ) ;
#1171 = CARTESIAN_POINT ( 'NONE',  ( -2.999999999999999112, 0.2500000000000000000, 0.4299999999999998268 ) ) ;
#1172 = PLANE ( 'NONE',  #354 ) ;
#1173 = VECTOR ( 'NONE', #498, 1000.000000000000114 ) ;
#1174 = PLANE ( 'NONE',  #231 ) ;
#1175 = PLANE ( 'NONE',  #240 ) ;
#1176 = SURFACE_SIDE_STYLE ('',( #1463 ) ) ;
#1177 = VECTOR ( 'NONE', #3045, 1000.000000000000000 ) ;
#1178 = PLANE ( 'NONE',  #1912 ) ;
#1179 = AXIS2_PLACEMENT_3D ( 'NONE', #2652, #37, #268 ) ;
#1180 = VECTOR ( 'NONE', #1045, 1000.000000000000000 ) ;
#1181 = EDGE_CURVE ( 'NONE', #3127, #2823, #2479, .T. ) ;
#1182 = CARTESIAN_POINT ( 'NONE',  ( 0.000000000000000000, 0.2500000000000000000, 1.699999999999999734 ) ) ;
#1183 = ORIENTED_EDGE ( 'NONE', *, *, #1082, .T. ) ;
#1184 = ORIENTED_EDGE ( 'NONE', *, *, #698, .F. ) ;
#1185 = ORIENTED_EDGE ( 'NONE', *, *, #1021, .F. ) ;
#1186 = PLANE ( 'NONE',  #2922 ) ;
#1187 = EDGE_CURVE ( 'NONE', #324, #2952, #2217, .T. ) ;
#1188 = ORIENTED_EDGE ( 'NONE', *, *, #1021, .T. ) ;
#1189 = CARTESIAN_POINT ( 'NONE',  ( 2.390000000000001457, 0.2500000000000000000, -0.4300000000000004929 ) ) ;
#1190 = CARTESIAN_POINT ( 'NONE',  ( -2.999999999999999112, 0.2500000000000000000, 0.000000000000000000 ) ) ;
#1191 = EDGE_CURVE ( 'NONE', #738, #3287, #888, .T. ) ;
#1192 = VECTOR ( 'NONE', #1009, 1000.000000000000000 ) ;
#1193 = CARTESIAN_POINT ( 'NONE',  ( 3.000000000000000000, 0.000000000000000000, 2.109999999999999876 ) ) ;
#1194 = VECTOR ( 'NONE', #659, 1000.000000000000000 ) ;
#1195 = DIRECTION ( 'NONE',  ( 0.000000000000000000, 0.000000000000000000, 1.000000000000000000 ) ) ;
#1196 = FACE_OUTER_BOUND ( 'NONE', #2439, .T. ) ;
#1197 =( NAMED_UNIT ( * ) PLANE_ANGLE_UNIT ( ) SI_UNIT ( $, .RADIAN. ) );
#1198 = ORIENTED_EDGE ( 'NONE', *, *, #3153, .T. ) ;
#1199 = AXIS2_PLACEMENT_3D ( 'NONE', #1162, #2222, #3281 ) ;
#1200 = CARTESIAN_POINT ( 'NONE',  ( -1.629999999999998561, 0.000000000000000000, 1.905000000000000027 ) ) ;
#1201 = AXIS2_PLACEMENT_3D ( 'NONE', #3155, #440, #3395 ) ;
#1202 = LINE ( 'NONE', #1182, #918 ) ;
#1203 = ORIENTED_EDGE ( 'NONE', *, *, #1611, .F. ) ;
#1204 = VERTEX_POINT ( 'NONE', #3022 ) ;
#1205 = VERTEX_POINT ( 'NONE', #2494 ) ;
#1206 = CARTESIAN_POINT ( 'NONE',  ( 6.284817839194682499E-15, 0.2500000000000000000, -2.209999999999995968 ) ) ;
#1207 = VERTEX_POINT ( 'NONE', #1111 ) ;
#1208 = DIRECTION ( 'NONE',  ( -0.000000000000000000, -1.000000000000000000, -0.000000000000000000 ) ) ;
#1209 = LINE ( 'NONE', #2027, #2510 ) ;
#1210 = EDGE_CURVE ( 'NONE', #1668, #661, #198, .T. ) ;
#1211 = FACE_OUTER_BOUND ( 'NONE', #364, .T. ) ;
#1212 = CARTESIAN_POINT ( 'NONE',  ( -2.390000000000000568, 0.2500000000000000000, 0.000000000000000000 ) ) ;
#1213 = DIRECTION ( 'NONE',  ( 1.000000000000000000, 0.000000000000000000, 7.109522442527915774E-16 ) ) ;
#1214 = FILL_AREA_STYLE_COLOUR ( '', #641 ) ;
#1215 = ORIENTED_EDGE ( 'NONE', *, *, #3421, .F. ) ;
#1216 = DIRECTION ( 'NONE',  ( 1.000000000000000000, 0.000000000000000000, 7.109522442527915774E-16 ) ) ;
#1217 = DIRECTION ( 'NONE',  ( 0.000000000000000000, 0.000000000000000000, 1.000000000000000000 ) ) ;
#1218 = ORIENTED_EDGE ( 'NONE', *, *, #168, .F. ) ;
#1219 = CARTESIAN_POINT ( 'NONE',  ( -1.074999999999998179, 0.2500000000000000000, -2.500000000000000000 ) ) ;
#1220 = EDGE_CURVE ( 'NONE', #960, #31, #2508, .T. ) ;
#1221 = ORIENTED_EDGE ( 'NONE', *, *, #2136, .F. ) ;
#1222 = ORIENTED_EDGE ( 'NONE', *, *, #571, .F. ) ;
#1223 = CARTESIAN_POINT ( 'NONE',  ( -2.999999999999999112, 0.2500000000000000000, 0.000000000000000000 ) ) ;
#1224 = CARTESIAN_POINT ( 'NONE',  ( 0.000000000000000000, 0.2500000000000000000, -0.8400000000000003020 ) ) ;
#1225 = ORIENTED_EDGE ( 'NONE', *, *, #590, .F. ) ;
#1226 = LINE ( 'NONE', #2829, #900 ) ;
#1227 = EDGE_CURVE ( 'NONE', #459, #3378, #964, .T. ) ;
#1228 = DIRECTION ( 'NONE',  ( 1.000000000000000000, 0.000000000000000000, 0.000000000000000000 ) ) ;
#1229 = ORIENTED_EDGE ( 'NONE', *, *, #796, .F. ) ;
#1230 = CARTESIAN_POINT ( 'NONE',  ( 2.290000000000004032, 0.2500000000000000000, 2.209999999999999964 ) ) ;
#1231 = DIRECTION ( 'NONE',  ( -0.000000000000000000, -1.000000000000000000, -0.000000000000000000 ) ) ;
#1232 = SURFACE_STYLE_FILL_AREA ( #3319 ) ;
#1233 = VERTEX_POINT ( 'NONE', #3383 ) ;
#1234 = DIRECTION ( 'NONE',  ( -1.000000000000000000, 0.000000000000000000, -7.109522442527915774E-16 ) ) ;
#1235 = APPLICATION_PROTOCOL_DEFINITION ( 'draft international standard', 'automotive_design', 1998, #3039 ) ;
#1236 = ORIENTED_EDGE ( 'NONE', *, *, #1567, .F. ) ;
#1237 = VECTOR ( 'NONE', #2901, 1000.000000000000000 ) ;
#1238 = VECTOR ( 'NONE', #3345, 1000.000000000000000 ) ;
#1239 = VECTOR ( 'NONE', #2252, 1000.000000000000000 ) ;
#1240 = VECTOR ( 'NONE', #2148, 1000.000000000000000 ) ;
#1241 = LINE ( 'NONE', #2497, #1950 ) ;
#1242 = ORIENTED_EDGE ( 'NONE', *, *, #2240, .T. ) ;
#1243 = ORIENTED_EDGE ( 'NONE', *, *, #2968, .F. ) ;
#1244 = FACE_OUTER_BOUND ( 'NONE', #2883, .T. ) ;
#1245 = VERTEX_POINT ( 'NONE', #1805 ) ;
#1246 = CARTESIAN_POINT ( 'NONE',  ( 2.250000000000031974, 0.2500000000000000000, 2.249999999999972911 ) ) ;
#1247 = AXIS2_PLACEMENT_3D ( 'NONE', #2112, #1854, #1565 ) ;
#1248 = CARTESIAN_POINT ( 'NONE',  ( 3.057094650287019047E-16, 0.2500000000000000000, -0.4300000000000021583 ) ) ;
#1249 = VERTEX_POINT ( 'NONE', #2547 ) ;
#1250 = CARTESIAN_POINT ( 'NONE',  ( 3.057094650287019047E-16, 0.2500000000000000000, -0.4300000000000021583 ) ) ;
#1251 = FACE_OUTER_BOUND ( 'NONE', #2068, .T. ) ;
#1252 = VECTOR ( 'NONE', #3316, 999.9999999999998863 ) ;
#1253 = ORIENTED_EDGE ( 'NONE', *, *, #168, .T. ) ;
#1254 = CARTESIAN_POINT ( 'NONE',  ( 0.000000000000000000, 0.2500000000000000000, 1.699999999999999734 ) ) ;
#1255 = VECTOR ( 'NONE', #283, 1000.000000000000000 ) ;
#1256 = EDGE_LOOP ( 'NONE', ( #1543, #2986, #904, #3236 ) ) ;
#1257 = AXIS2_PLACEMENT_3D ( 'NONE', #950, #451, #3028 ) ;
#1258 = ADVANCED_FACE ( 'NONE', ( #986 ), #2060, .T. ) ;
#1259 = VECTOR ( 'NONE', #419, 1000.000000000000000 ) ;
#1260 = ORIENTED_EDGE ( 'NONE', *, *, #2024, .F. ) ;
#1261 = LINE ( 'NONE', #1547, #3425 ) ;
#1262 = EDGE_LOOP ( 'NONE', ( #417, #776, #1935, #3021 ) ) ;
#1263 = CARTESIAN_POINT ( 'NONE',  ( 3.000000000000000000, 0.000000000000000000, -2.500000000000000000 ) ) ;
#1264 = EDGE_CURVE ( 'NONE', #809, #1967, #2003, .T. ) ;
#1265 = EDGE_CURVE ( 'NONE', #1988, #593, #142, .T. ) ;
#1266 = ORIENTED_EDGE ( 'NONE', *, *, #536, .T. ) ;
#1267 = FACE_OUTER_BOUND ( 'NONE', #2735, .T. ) ;
#1268 = CARTESIAN_POINT ( 'NONE',  ( 2.289999999999999591, -0.000000000000000000, -2.209999999999999964 ) ) ;
#1269 = ORIENTED_EDGE ( 'NONE', *, *, #1159, .F. ) ;
#1270 = DIRECTION ( 'NONE',  ( 0.000000000000000000, 0.000000000000000000, 1.000000000000000000 ) ) ;
#1271 = DIRECTION ( 'NONE',  ( 0.000000000000000000, 0.000000000000000000, 1.000000000000000000 ) ) ;
#1272 = VERTEX_POINT ( 'NONE', #1456 ) ;
#1273 = EDGE_CURVE ( 'NONE', #920, #746, #2269, .T. ) ;
#1274 = EDGE_LOOP ( 'NONE', ( #3334, #872, #3392, #1039 ) ) ;
#1275 = VERTEX_POINT ( 'NONE', #421 ) ;
#1276 = CARTESIAN_POINT ( 'NONE',  ( -2.390000000000000568, 0.2500000000000000000, 0.000000000000000000 ) ) ;
#1277 = EDGE_LOOP ( 'NONE', ( #2902, #2591, #66, #2982 ) ) ;
#1278 = DIRECTION ( 'NONE',  ( 0.000000000000000000, 0.000000000000000000, -1.000000000000000000 ) ) ;
#1279 = DIRECTION ( 'NONE',  ( -0.000000000000000000, -1.000000000000000000, -0.000000000000000000 ) ) ;
#1280 = VERTEX_POINT ( 'NONE', #926 ) ;
#1281 = PLANE ( 'NONE',  #563 ) ;
#1282 = CARTESIAN_POINT ( 'NONE',  ( 2.390000000000001457, 0.000000000000000000, -1.700000000000000622 ) ) ;
#1283 = VERTEX_POINT ( 'NONE', #442 ) ;
#1284 = DIRECTION ( 'NONE',  ( 0.000000000000000000, 1.000000000000000000, 0.000000000000000000 ) ) ;
#1285 = DIRECTION ( 'NONE',  ( 1.000000000000000000, 0.000000000000000000, -0.000000000000000000 ) ) ;
#1286 = LINE ( 'NONE', #2907, #1078 ) ;
#1287 = ORIENTED_EDGE ( 'NONE', *, *, #1720, .F. ) ;
#1288 = EDGE_CURVE ( 'NONE', #2934, #2227, #1509, .T. ) ;
#1289 = VECTOR ( 'NONE', #1774, 1000.000000000000000 ) ;
#1290 = VECTOR ( 'NONE', #547, 1000.000000000000000 ) ;
#1291 = PLANE ( 'NONE',  #1866 ) ;
#1292 = EDGE_LOOP ( 'NONE', ( #1626, #2998, #749, #100 ) ) ;
#1293 = LINE ( 'NONE', #2357, #59 ) ;
#1294 = FILL_AREA_STYLE_COLOUR ( '', #1028 ) ;
#1295 = DIRECTION ( 'NONE',  ( -5.234079453378299335E-15, 0.000000000000000000, 1.000000000000000000 ) ) ;
#1296 = VERTEX_POINT ( 'NONE', #2864 ) ;
#1297 = FACE_OUTER_BOUND ( 'NONE', #1489, .T. ) ;
#1298 = EDGE_CURVE ( 'NONE', #3169, #141, #722, .T. ) ;
#1299 = CARTESIAN_POINT ( 'NONE',  ( -2.999999999999999112, 0.2500000000000000000, -0.4300000000000002709 ) ) ;
#1300 = ORIENTED_EDGE ( 'NONE', *, *, #1181, .T. ) ;
#1301 = DIRECTION ( 'NONE',  ( -1.000000000000000000, 0.000000000000000000, -0.000000000000000000 ) ) ;
#1302 = PLANE ( 'NONE',  #1691 ) ;
#1303 = CARTESIAN_POINT ( 'NONE',  ( 2.390000000000000124, 0.2500000000000000000, -2.110000000000000320 ) ) ;
#1304 = EDGE_CURVE ( 'NONE', #1937, #135, #1788, .T. ) ;
#1305 = MANIFOLD_SOLID_BREP ( 'Pin 4', #2253 ) ;
#1306 = CARTESIAN_POINT ( 'NONE',  ( 0.000000000000000000, 1.050000000000000044, 0.000000000000000000 ) ) ;
#1307 = VECTOR ( 'NONE', #3434, 1000.000000000000000 ) ;
#1308 = EDGE_CURVE ( 'NONE', #3051, #1971, #404, .T. ) ;
#1309 = MANIFOLD_SOLID_BREP ( 'Pin 1', #2868 ) ;
#1310 = ADVANCED_FACE ( 'NONE', ( #479 ), #943, .T. ) ;
#1311 = CARTESIAN_POINT ( 'NONE',  ( 3.000000000000000000, 0.2500000000000000000, 0.000000000000000000 ) ) ;
#1312 = ORIENTED_EDGE ( 'NONE', *, *, #3043, .T. ) ;
#1313 = DIRECTION ( 'NONE',  ( 1.000000000000000000, 0.000000000000000000, 0.000000000000000000 ) ) ;
#1314 = DIRECTION ( 'NONE',  ( 1.000000000000000000, 0.000000000000000000, 7.109522442527915774E-16 ) ) ;
#1315 = DIRECTION ( 'NONE',  ( -0.000000000000000000, 0.000000000000000000, 1.000000000000000000 ) ) ;
#1316 = FACE_OUTER_BOUND ( 'NONE', #2084, .T. ) ;
#1317 = EDGE_CURVE ( 'NONE', #260, #1122, #1582, .T. ) ;
#1318 = CARTESIAN_POINT ( 'NONE',  ( -2.390000000000000568, 0.000000000000000000, -1.700000000000000178 ) ) ;
#1319 = CARTESIAN_POINT ( 'NONE',  ( -1.324999999999998179, 0.000000000000000000, 2.209999999999999964 ) ) ;
#1320 = DIRECTION ( 'NONE',  ( -1.512840240677447616E-15, 0.000000000000000000, 1.000000000000000000 ) ) ;
#1321 = CARTESIAN_POINT ( 'NONE',  ( 0.000000000000000000, 0.000000000000000000, -0.8400000000000003020 ) ) ;
#1322 = VERTEX_POINT ( 'NONE', #786 ) ;
#1323 = UNCERTAINTY_MEASURE_WITH_UNIT (LENGTH_MEASURE( 1.000000000000000082E-05 ), #1343, 'distance_accuracy_value', 'NONE');
#1324 = DIRECTION ( 'NONE',  ( -1.512840240677447616E-15, 0.000000000000000000, 1.000000000000000000 ) ) ;
#1325 = ORIENTED_EDGE ( 'NONE', *, *, #1880, .F. ) ;
#1326 = CARTESIAN_POINT ( 'NONE',  ( 2.390000000000001457, 0.000000000000000000, -1.700000000000000622 ) ) ;
#1327 = CARTESIAN_POINT ( 'NONE',  ( 3.000000000000000000, 0.2500000000000000000, -0.4300000000000002709 ) ) ;
#1328 = VERTEX_POINT ( 'NONE', #1326 ) ;
#1329 = DIRECTION ( 'NONE',  ( -0.000000000000000000, -1.000000000000000000, -0.000000000000000000 ) ) ;
#1330 = ORIENTED_EDGE ( 'NONE', *, *, #1807, .T. ) ;
#1331 = EDGE_CURVE ( 'NONE', #2053, #3372, #2895, .T. ) ;
#1332 = DIRECTION ( 'NONE',  ( 1.000000000000000000, 0.000000000000000000, 0.000000000000000000 ) ) ;
#1333 = DIRECTION ( 'NONE',  ( 1.000000000000000000, 0.000000000000000000, -0.000000000000000000 ) ) ;
#1334 = CARTESIAN_POINT ( 'NONE',  ( -2.999999999999999112, 0.2500000000000000000, -0.8400000000000003020 ) ) ;
#1335 = DIRECTION ( 'NONE',  ( -1.000000000000000000, 0.000000000000000000, 0.000000000000000000 ) ) ;
#1336 = DIRECTION ( 'NONE',  ( 0.000000000000000000, -0.000000000000000000, -1.000000000000000000 ) ) ;
#1337 = ORIENTED_EDGE ( 'NONE', *, *, #3435, .T. ) ;
#1338 = EDGE_CURVE ( 'NONE', #172, #2714, #3157, .T. ) ;
#1339 = EDGE_CURVE ( 'NONE', #2177, #3052, #3170, .T. ) ;
#1340 = VECTOR ( 'NONE', #727, 1000.000000000000000 ) ;
#1341 = LINE ( 'NONE', #246, #2638 ) ;
#1342 = ORIENTED_EDGE ( 'NONE', *, *, #546, .T. ) ;
#1343 =( LENGTH_UNIT ( ) NAMED_UNIT ( * ) SI_UNIT ( .MILLI., .METRE. ) );
#1344 = CARTESIAN_POINT ( 'NONE',  ( 0.000000000000000000, 0.000000000000000000, 0.000000000000000000 ) ) ;
#1345 = VECTOR ( 'NONE', #265, 1000.000000000000000 ) ;
#1346 = VECTOR ( 'NONE', #1530, 1000.000000000000000 ) ;
#1347 = ORIENTED_EDGE ( 'NONE', *, *, #1956, .T. ) ;
#1348 = DIRECTION ( 'NONE',  ( 1.000000000000000000, 0.000000000000000000, 7.109522442527915774E-16 ) ) ;
#1349 = VECTOR ( 'NONE', #1660, 1000.000000000000000 ) ;
#1350 = ORIENTED_EDGE ( 'NONE', *, *, #2382, .F. ) ;
#1351 = CARTESIAN_POINT ( 'NONE',  ( -1.324999999999998179, 0.2500000000000000000, 2.209999999999999964 ) ) ;
#1352 = LINE ( 'NONE', #1841, #1237 ) ;
#1353 = EDGE_CURVE ( 'NONE', #3163, #3169, #2657, .T. ) ;
#1354 = FACE_OUTER_BOUND ( 'NONE', #1835, .T. ) ;
#1355 = CARTESIAN_POINT ( 'NONE',  ( 2.390000000000002789, 0.2500000000000000000, 3.615688175219103475E-15 ) ) ;
#1356 = CARTESIAN_POINT ( 'NONE',  ( -2.390000000000000568, 0.2500000000000000000, 0.000000000000000000 ) ) ;
#1357 = LINE ( 'NONE', #1863, #3145 ) ;
#1358 = EDGE_CURVE ( 'NONE', #1385, #1999, #1549, .T. ) ;
#1359 = AXIS2_PLACEMENT_3D ( 'NONE', #2651, #255, #2366 ) ;
#1360 = EDGE_CURVE ( 'NONE', #1106, #1283, #1018, .T. ) ;
#1361 = CIRCLE ( 'NONE', #1031, 0.2999999999999999334 ) ;
#1362 = VECTOR ( 'NONE', #1872, 1000.000000000000000 ) ;
#1363 = EDGE_LOOP ( 'NONE', ( #487, #1703, #299, #2462 ) ) ;
#1364 = CARTESIAN_POINT ( 'NONE',  ( 2.390000000000001457, 0.2500000000000000000, -0.4300000000000004929 ) ) ;
#1365 = ORIENTED_EDGE ( 'NONE', *, *, #796, .T. ) ;
#1366 = LINE ( 'NONE', #2949, #2457 ) ;
#1367 = VECTOR ( 'NONE', #1396, 1000.000000000000000 ) ;
#1368 = ORIENTED_EDGE ( 'NONE', *, *, #2319, .F. ) ;
#1369 = ORIENTED_EDGE ( 'NONE', *, *, #2706, .F. ) ;
#1370 = PLANE ( 'NONE',  #358 ) ;
#1371 = VECTOR ( 'NONE', #2501, 1000.000000000000000 ) ;
#1372 = EDGE_LOOP ( 'NONE', ( #1986, #2610, #1221, #3101 ) ) ;
#1373 = CARTESIAN_POINT ( 'NONE',  ( -2.390000000000000568, 0.2500000000000000000, 1.699999999999999734 ) ) ;
#1374 = PLANE ( 'NONE',  #1 ) ;
#1375 = CARTESIAN_POINT ( 'NONE',  ( -1.629999999999998561, 0.2500000000000000000, 1.905000000000000027 ) ) ;
#1376 = EDGE_CURVE ( 'NONE', #2346, #2557, #1836, .T. ) ;
#1377 = ADVANCED_FACE ( 'NONE', ( #1598 ), #1052, .T. ) ;
#1378 = EDGE_CURVE ( 'NONE', #2126, #949, #2111, .T. ) ;
#1379 = FACE_OUTER_BOUND ( 'NONE', #2626, .T. ) ;
#1380 = CARTESIAN_POINT ( 'NONE',  ( 0.000000000000000000, 0.2500000000000000000, 1.699999999999999734 ) ) ;
#1381 = LINE ( 'NONE', #2434, #2196 ) ;
#1382 = EDGE_CURVE ( 'NONE', #1403, #1416, #2914, .T. ) ;
#1383 = EDGE_LOOP ( 'NONE', ( #3382, #2197, #1655, #2478, #2536, #381 ) ) ;
#1384 = CARTESIAN_POINT ( 'NONE',  ( -2.390000000000000568, 0.2500000000000000000, 0.000000000000000000 ) ) ;
#1385 = VERTEX_POINT ( 'NONE', #522 ) ;
#1386 = ORIENTED_EDGE ( 'NONE', *, *, #372, .T. ) ;
#1387 = ORIENTED_EDGE ( 'NONE', *, *, #1423, .T. ) ;
#1388 = DIRECTION ( 'NONE',  ( 0.000000000000000000, 0.000000000000000000, -1.000000000000000000 ) ) ;
#1389 = EDGE_CURVE ( 'NONE', #3351, #3070, #1293, .T. ) ;
#1390 = ORIENTED_EDGE ( 'NONE', *, *, #3043, .F. ) ;
#1391 = DIRECTION ( 'NONE',  ( 0.000000000000000000, 0.000000000000000000, -1.000000000000000000 ) ) ;
#1392 = DIRECTION ( 'NONE',  ( 0.000000000000000000, 0.000000000000000000, -1.000000000000000000 ) ) ;
#1393 = CARTESIAN_POINT ( 'NONE',  ( -5.971998851723433710E-16, 0.2500000000000000000, 0.8399999999999978595 ) ) ;
#1394 = CARTESIAN_POINT ( 'NONE',  ( -2.999999999999999112, 0.2500000000000000000, 2.109999999999999876 ) ) ;
#1395 = DIRECTION ( 'NONE',  ( 0.000000000000000000, -1.000000000000000000, 0.000000000000000000 ) ) ;
#1396 = DIRECTION ( 'NONE',  ( -1.000000000000000000, 0.000000000000000000, 0.000000000000000000 ) ) ;
#1397 = ORIENTED_EDGE ( 'NONE', *, *, #492, .F. ) ;
#1398 = DIRECTION ( 'NONE',  ( 0.000000000000000000, -1.000000000000000000, 0.000000000000000000 ) ) ;
#1399 = ORIENTED_EDGE ( 'NONE', *, *, #359, .T. ) ;
#1400 = ORIENTED_EDGE ( 'NONE', *, *, #2892, .T. ) ;
#1401 = ORIENTED_EDGE ( 'NONE', *, *, #1338, .F. ) ;
#1402 = DIRECTION ( 'NONE',  ( 1.000000000000000000, 0.000000000000000000, 0.000000000000000000 ) ) ;
#1403 = VERTEX_POINT ( 'NONE', #2385 ) ;
#1404 = CARTESIAN_POINT ( 'NONE',  ( 3.000000000000000000, 0.2500000000000000000, 0.000000000000000000 ) ) ;
#1405 = LINE ( 'NONE', #2737, #174 ) ;
#1406 = AXIS2_PLACEMENT_3D ( 'NONE', #1953, #2719, #3242 ) ;
#1407 = AXIS2_PLACEMENT_3D ( 'NONE', #485, #1553, #2605 ) ;
#1408 = CARTESIAN_POINT ( 'NONE',  ( 3.000000000000000000, 0.2500000000000000000, -2.110000000000000320 ) ) ;
#1409 = VECTOR ( 'NONE', #2932, 1000.000000000000000 ) ;
#1410 = CARTESIAN_POINT ( 'NONE',  ( -1.629999999999998339, -0.000000000000000000, -1.717861036356131604E-16 ) ) ;
#1411 = PLANE ( 'NONE',  #2182 ) ;
#1412 =( NAMED_UNIT ( * ) SI_UNIT ( $, .STERADIAN. ) SOLID_ANGLE_UNIT ( ) );
#1413 = VECTOR ( 'NONE', #490, 1000.000000000000000 ) ;
#1414 = EDGE_CURVE ( 'NONE', #2104, #628, #3415, .T. ) ;
#1415 = EDGE_CURVE ( 'NONE', #279, #9, #1366, .T. ) ;
#1416 = VERTEX_POINT ( 'NONE', #2678 ) ;
#1417 = FACE_OUTER_BOUND ( 'NONE', #1735, .T. ) ;
#1418 = EDGE_LOOP ( 'NONE', ( #1832, #1225, #453, #2489 ) ) ;
#1419 = ORIENTED_EDGE ( 'NONE', *, *, #2441, .F. ) ;
#1420 = ORIENTED_EDGE ( 'NONE', *, *, #1298, .F. ) ;
#1421 = AXIS2_PLACEMENT_3D ( 'NONE', #2054, #1859, #220 ) ;
#1422 = DIRECTION ( 'NONE',  ( 7.109522442527915774E-16, 0.000000000000000000, -1.000000000000000000 ) ) ;
#1423 = EDGE_CURVE ( 'NONE', #150, #1087, #294, .T. ) ;
#1424 = ORIENTED_EDGE ( 'NONE', *, *, #497, .F. ) ;
#1425 = CARTESIAN_POINT ( 'NONE',  ( 2.390000000000001457, 0.2500000000000000000, 0.8399999999999996358 ) ) ;
#1426 = CARTESIAN_POINT ( 'NONE',  ( -2.390000000000000568, 0.2500000000000000000, -0.8400000000000003020 ) ) ;
#1427 = VECTOR ( 'NONE', #898, 1000.000000000000000 ) ;
#1428 = CARTESIAN_POINT ( 'NONE',  ( -2.199999999999999289, 1.050000000000000044, -1.800000000000000044 ) ) ;
#1429 = VECTOR ( 'NONE', #1786, 1000.000000000000000 ) ;
#1430 = ADVANCED_FACE ( 'NONE', ( #1060 ), #286, .T. ) ;
#1431 = CARTESIAN_POINT ( 'NONE',  ( 2.250000000000031974, 0.2500000000000000000, 2.249999999999972911 ) ) ;
#1432 = LINE ( 'NONE', #1928, #3233 ) ;
#1433 = CARTESIAN_POINT ( 'NONE',  ( -2.999999999999999112, 0.2500000000000000000, -1.700000000000000400 ) ) ;
#1434 = AXIS2_PLACEMENT_3D ( 'NONE', #2597, #211, #2877 ) ;
#1435 = LINE ( 'NONE', #2262, #2418 ) ;
#1436 = ORIENTED_EDGE ( 'NONE', *, *, #2239, .T. ) ;
#1437 = VERTEX_POINT ( 'NONE', #2117 ) ;
#1438 = ORIENTED_EDGE ( 'NONE', *, *, #2322, .F. ) ;
#1439 = CARTESIAN_POINT ( 'NONE',  ( 3.000000000000000000, 0.2500000000000000000, -0.8400000000000003020 ) ) ;
#1440 = ORIENTED_EDGE ( 'NONE', *, *, #1579, .F. ) ;
#1441 = DIRECTION ( 'NONE',  ( 1.000000000000000000, 0.000000000000000000, 0.000000000000000000 ) ) ;
#1442 = CARTESIAN_POINT ( 'NONE',  ( 2.389999999999998792, 0.2500000000000000000, 3.615688175219098742E-15 ) ) ;
#1443 = DIRECTION ( 'NONE',  ( 0.000000000000000000, 0.000000000000000000, 1.000000000000000000 ) ) ;
#1444 = ADVANCED_FACE ( 'NONE', ( #2943 ), #1641, .T. ) ;
#1445 = CARTESIAN_POINT ( 'NONE',  ( 2.390000000000001457, 0.000000000000000000, -0.4300000000000004929 ) ) ;
#1446 = CARTESIAN_POINT ( 'NONE',  ( 0.000000000000000000, 0.2500000000000000000, 0.4299999999999998268 ) ) ;
#1447 = FACE_OUTER_BOUND ( 'NONE', #1169, .T. ) ;
#1448 = EDGE_CURVE ( 'NONE', #3188, #3169, #549, .T. ) ;
#1449 = LINE ( 'NONE', #882, #2981 ) ;
#1450 = ADVANCED_FACE ( 'NONE', ( #1891 ), #1844, .T. ) ;
#1451 = VERTEX_POINT ( 'NONE', #2688 ) ;
#1452 = ORIENTED_EDGE ( 'NONE', *, *, #492, .T. ) ;
#1453 = ORIENTED_EDGE ( 'NONE', *, *, #2611, .T. ) ;
#1454 = DIRECTION ( 'NONE',  ( -1.000000000000000000, 0.000000000000000000, -7.109522442527915774E-16 ) ) ;
#1455 = ORIENTED_EDGE ( 'NONE', *, *, #1926, .T. ) ;
#1456 = CARTESIAN_POINT ( 'NONE',  ( 3.000000000000000000, 0.2500000000000000000, 0.8399999999999998579 ) ) ;
#1457 = DIRECTION ( 'NONE',  ( 0.000000000000000000, 1.000000000000000000, 0.000000000000000000 ) ) ;
#1458 = FACE_OUTER_BOUND ( 'NONE', #3083, .T. ) ;
#1459 = VECTOR ( 'NONE', #1040, 1000.000000000000000 ) ;
#1460 = CARTESIAN_POINT ( 'NONE',  ( -1.324999999999999734, 0.2500000000000000000, -2.209999999999999520 ) ) ;
#1461 = DIRECTION ( 'NONE',  ( 0.000000000000000000, -1.000000000000000000, 0.000000000000000000 ) ) ;
#1462 = ADVANCED_FACE ( 'NONE', ( #1379 ), #1302, .F. ) ;
#1463 = SURFACE_STYLE_FILL_AREA ( #2484 ) ;
#1464 = VECTOR ( 'NONE', #3003, 1000.000000000000000 ) ;
#1465 = LINE ( 'NONE', #642, #2416 ) ;
#1466 = STYLED_ITEM ( 'NONE', ( #460 ), #1305 ) ;
#1467 = ADVANCED_FACE ( 'NONE', ( #2432 ), #831, .T. ) ;
#1468 = LINE ( 'NONE', #592, #759 ) ;
#1469 = VERTEX_POINT ( 'NONE', #533 ) ;
#1470 = ORIENTED_EDGE ( 'NONE', *, *, #68, .T. ) ;
#1471 = VERTEX_POINT ( 'NONE', #1622 ) ;
#1472 = LINE ( 'NONE', #2229, #1815 ) ;
#1473 = AXIS2_PLACEMENT_3D ( 'NONE', #1572, #1301, #469 ) ;
#1474 = ORIENTED_EDGE ( 'NONE', *, *, #3269, .F. ) ;
#1475 = CARTESIAN_POINT ( 'NONE',  ( 0.000000000000000000, 0.2500000000000000000, 0.4299999999999998268 ) ) ;
#1476 = DIRECTION ( 'NONE',  ( -1.000000000000000000, 0.000000000000000000, -0.000000000000000000 ) ) ;
#1477 = VECTOR ( 'NONE', #1496, 1000.000000000000000 ) ;
#1478 = DIRECTION ( 'NONE',  ( 1.000000000000000000, 0.000000000000000000, 2.843808977011173804E-15 ) ) ;
#1479 = LINE ( 'NONE', #145, #673 ) ;
#1480 = CARTESIAN_POINT ( 'NONE',  ( 3.000000000000000000, 0.2500000000000000000, 0.4299999999999998268 ) ) ;
#1481 = LINE ( 'NONE', #449, #79 ) ;
#1482 = ORIENTED_EDGE ( 'NONE', *, *, #1298, .T. ) ;
#1483 = COLOUR_RGB ( '',1.000000000000000000, 1.000000000000000000, 1.000000000000000000 ) ;
#1484 = LINE ( 'NONE', #148, #914 ) ;
#1485 = EDGE_CURVE ( 'NONE', #575, #1968, #3439, .T. ) ;
#1486 = AXIS2_PLACEMENT_3D ( 'NONE', #3102, #1998, #2802 ) ;
#1487 = ORIENTED_EDGE ( 'NONE', *, *, #3232, .F. ) ;
#1488 = DIRECTION ( 'NONE',  ( 0.000000000000000000, -1.000000000000000000, 0.000000000000000000 ) ) ;
#1489 = EDGE_LOOP ( 'NONE', ( #1397, #825, #1094, #1563 ) ) ;
#1490 = EDGE_LOOP ( 'NONE', ( #3424, #3034 ) ) ;
#1491 = LINE ( 'NONE', #348, #2032 ) ;
#1492 = LINE ( 'NONE', #196, #1259 ) ;
#1493 = EDGE_LOOP ( 'NONE', ( #921, #1651, #2337, #937 ) ) ;
#1494 = CARTESIAN_POINT ( 'NONE',  ( 0.000000000000000000, -0.000000000000000000, 1.699999999999999734 ) ) ;
#1495 = CARTESIAN_POINT ( 'NONE',  ( 3.000000000000000000, 0.000000000000000000, 0.8399999999999998579 ) ) ;
#1496 = DIRECTION ( 'NONE',  ( 0.000000000000000000, 0.000000000000000000, -1.000000000000000000 ) ) ;
#1497 = VERTEX_POINT ( 'NONE', #781 ) ;
#1498 = FACE_OUTER_BOUND ( 'NONE', #2333, .T. ) ;
#1499 = CARTESIAN_POINT ( 'NONE',  ( 3.000000000000000000, 0.000000000000000000, 2.500000000000000000 ) ) ;
#1500 =( LENGTH_UNIT ( ) NAMED_UNIT ( * ) SI_UNIT ( .MILLI., .METRE. ) );
#1501 = ORIENTED_EDGE ( 'NONE', *, *, #999, .T. ) ;
#1502 = PLANE ( 'NONE',  #2091 ) ;
#1503 = ORIENTED_EDGE ( 'NONE', *, *, #3204, .F. ) ;
#1504 = DIRECTION ( 'NONE',  ( 1.000000000000000000, 0.000000000000000000, 0.000000000000000000 ) ) ;
#1505 = VERTEX_POINT ( 'NONE', #2923 ) ;
#1506 = ORIENTED_EDGE ( 'NONE', *, *, #1485, .T. ) ;
#1507 = CARTESIAN_POINT ( 'NONE',  ( 1.208618815229750533E-15, 0.2500000000000000000, -1.699999999999998401 ) ) ;
#1508 = ORIENTED_EDGE ( 'NONE', *, *, #222, .F. ) ;
#1509 = LINE ( 'NONE', #2026, #2851 ) ;
#1510 = FACE_OUTER_BOUND ( 'NONE', #2502, .T. ) ;
#1511 = FACE_OUTER_BOUND ( 'NONE', #500, .T. ) ;
#1512 = ORIENTED_EDGE ( 'NONE', *, *, #2773, .F. ) ;
#1513 = ADVANCED_FACE ( 'NONE', ( #2622 ), #2395, .F. ) ;
#1514 = CARTESIAN_POINT ( 'NONE',  ( -2.390000000000000568, -0.000000000000000000, 2.109999999999999876 ) ) ;
#1515 = LINE ( 'NONE', #688, #2120 ) ;
#1516 = VERTEX_POINT ( 'NONE', #3 ) ;
#1517 = CARTESIAN_POINT ( 'NONE',  ( -1.074999999999998179, 0.000000000000000000, -2.209999999999999964 ) ) ;
#1518 = VECTOR ( 'NONE', #317, 1000.000000000000000 ) ;
#1519 = ORIENTED_EDGE ( 'NONE', *, *, #2066, .T. ) ;
#1520 = VECTOR ( 'NONE', #3072, 1000.000000000000000 ) ;
#1521 = VECTOR ( 'NONE', #22, 1000.000000000000000 ) ;
#1522 = EDGE_CURVE ( 'NONE', #1245, #2988, #3427, .T. ) ;
#1523 = VECTOR ( 'NONE', #2396, 1000.000000000000000 ) ;
#1524 = LINE ( 'NONE', #2558, #2201 ) ;
#1525 = EDGE_CURVE ( 'NONE', #925, #1121, #2906, .T. ) ;
#1526 = ORIENTED_EDGE ( 'NONE', *, *, #463, .F. ) ;
#1527 = EDGE_CURVE ( 'NONE', #439, #1204, #1044, .T. ) ;
#1528 = FACE_OUTER_BOUND ( 'NONE', #2710, .T. ) ;
#1529 = ORIENTED_EDGE ( 'NONE', *, *, #2939, .T. ) ;
#1530 = DIRECTION ( 'NONE',  ( 1.000000000000000000, 0.000000000000000000, 0.000000000000000000 ) ) ;
#1531 = DIRECTION ( 'NONE',  ( -1.000000000000000000, 0.000000000000000000, 0.000000000000000000 ) ) ;
#1532 = AXIS2_PLACEMENT_3D ( 'NONE', #2069, #1284, #1588 ) ;
#1533 = CARTESIAN_POINT ( 'NONE',  ( -1.324999999999986855, -0.000000000000000000, -6.935155275726177751E-15 ) ) ;
#1534 = EDGE_LOOP ( 'NONE', ( #2175, #885, #903, #2616 ) ) ;
#1535 = CARTESIAN_POINT ( 'NONE',  ( 2.390000000000001457, 0.2500000000000000000, -0.4300000000000004929 ) ) ;
#1536 = DIRECTION ( 'NONE',  ( 0.000000000000000000, 0.000000000000000000, -1.000000000000000000 ) ) ;
#1537 = CIRCLE ( 'NONE', #2138, 0.2999999999999999334 ) ;
#1538 = EDGE_LOOP ( 'NONE', ( #1984, #1229, #160, #2350 ) ) ;
#1539 = CARTESIAN_POINT ( 'NONE',  ( -2.390000000000000568, -0.000000000000000000, 0.8400000000000000799 ) ) ;
#1540 = EDGE_CURVE ( 'NONE', #9, #1275, #1877, .T. ) ;
#1541 = VECTOR ( 'NONE', #3037, 999.9999999999998863 ) ;
#1542 = PRODUCT_CONTEXT ( 'NONE', #3039, 'mechanical' ) ;
#1543 = ORIENTED_EDGE ( 'NONE', *, *, #1102, .F. ) ;
#1544 = VECTOR ( 'NONE', #658, 1000.000000000000000 ) ;
#1545 = AXIS2_PLACEMENT_3D ( 'NONE', #2420, #2146, #292 ) ;
#1546 = ORIENTED_EDGE ( 'NONE', *, *, #2530, .F. ) ;
#1547 = CARTESIAN_POINT ( 'NONE',  ( -1.324999999999998845, 0.2500000000000000000, 2.500000000000000000 ) ) ;
#1548 = ORIENTED_EDGE ( 'NONE', *, *, #1227, .T. ) ;
#1549 = LINE ( 'NONE', #3139, #1070 ) ;
#1550 = CARTESIAN_POINT ( 'NONE',  ( 0.000000000000000000, 0.2500000000000000000, -2.209999999999999964 ) ) ;
#1551 = CARTESIAN_POINT ( 'NONE',  ( 0.000000000000000000, 0.000000000000000000, 2.209999999999999964 ) ) ;
#1552 = ORIENTED_EDGE ( 'NONE', *, *, #1807, .F. ) ;
#1553 = DIRECTION ( 'NONE',  ( -1.000000000000000000, 0.000000000000000000, 0.000000000000000000 ) ) ;
#1554 = CARTESIAN_POINT ( 'NONE',  ( -1.074999999999998179, 0.2500000000000000000, -2.209999999999999964 ) ) ;
#1555 = EDGE_LOOP ( 'NONE', ( #3375, #2661, #420, #3203 ) ) ;
#1556 = DIRECTION ( 'NONE',  ( 0.7071067811865459074, 0.000000000000000000, 0.7071067811865491270 ) ) ;
#1557 = EDGE_CURVE ( 'NONE', #631, #2522, #2666, .T. ) ;
#1558 = CARTESIAN_POINT ( 'NONE',  ( 0.000000000000000000, 0.000000000000000000, 0.000000000000000000 ) ) ;
#1559 = DIRECTION ( 'NONE',  ( 7.109522442527915774E-16, 0.000000000000000000, -1.000000000000000000 ) ) ;
#1560 = ORIENTED_EDGE ( 'NONE', *, *, #2038, .F. ) ;
#1561 = EDGE_CURVE ( 'NONE', #431, #2562, #2379, .T. ) ;
#1562 = PLANE ( 'NONE',  #2039 ) ;
#1563 = ORIENTED_EDGE ( 'NONE', *, *, #2300, .T. ) ;
#1564 = CARTESIAN_POINT ( 'NONE',  ( 0.000000000000000000, 0.000000000000000000, -0.8400000000000003020 ) ) ;
#1565 = DIRECTION ( 'NONE',  ( -1.000000000000000000, 0.000000000000000000, -0.000000000000000000 ) ) ;
#1566 = CARTESIAN_POINT ( 'NONE',  ( -2.199999999999999289, 1.050000000000000044, -1.800000000000000044 ) ) ;
#1567 = EDGE_CURVE ( 'NONE', #544, #141, #567, .T. ) ;
#1568 = VERTEX_POINT ( 'NONE', #242 ) ;
#1569 = CARTESIAN_POINT ( 'NONE',  ( -2.999999999999999112, 0.2500000000000000000, 0.000000000000000000 ) ) ;
#1570 = CARTESIAN_POINT ( 'NONE',  ( 2.389999999999998792, 0.000000000000000000, 3.615688175219098742E-15 ) ) ;
#1571 = ORIENTED_EDGE ( 'NONE', *, *, #3054, .F. ) ;
#1572 = CARTESIAN_POINT ( 'NONE',  ( -2.390000000000000568, 0.2500000000000000000, 0.000000000000000000 ) ) ;
#1573 = DIRECTION ( 'NONE',  ( 0.000000000000000000, 0.000000000000000000, 1.000000000000000000 ) ) ;
#1574 = CARTESIAN_POINT ( 'NONE',  ( 2.290000000000004032, 0.2500000000000000000, 2.209999999999999964 ) ) ;
#1575 = FACE_OUTER_BOUND ( 'NONE', #415, .T. ) ;
#1576 = VECTOR ( 'NONE', #2429, 1000.000000000000000 ) ;
#1577 = VECTOR ( 'NONE', #1231, 1000.000000000000000 ) ;
#1578 = VECTOR ( 'NONE', #1612, 1000.000000000000000 ) ;
#1579 = EDGE_CURVE ( 'NONE', #9, #2053, #2140, .T. ) ;
#1580 = CARTESIAN_POINT ( 'NONE',  ( -5.971998851723462306E-16, 0.2500000000000000000, 0.8400000000000017453 ) ) ;
#1581 = ORIENTED_EDGE ( 'NONE', *, *, #1833, .T. ) ;
#1582 = LINE ( 'NONE', #3446, #2401 ) ;
#1583 = DIRECTION ( 'NONE',  ( -0.000000000000000000, -1.000000000000000000, -0.000000000000000000 ) ) ;
#1584 = VECTOR ( 'NONE', #2238, 1000.000000000000000 ) ;
#1585 = LINE ( 'NONE', #2601, #3085 ) ;
#1586 = DIRECTION ( 'NONE',  ( 1.000000000000000000, 0.000000000000000000, 0.000000000000000000 ) ) ;
#1587 = DIRECTION ( 'NONE',  ( 0.000000000000000000, -0.000000000000000000, -1.000000000000000000 ) ) ;
#1588 = DIRECTION ( 'NONE',  ( 0.000000000000000000, 0.000000000000000000, 1.000000000000000000 ) ) ;
#1589 = CARTESIAN_POINT ( 'NONE',  ( 3.057094650287019047E-16, 0.2500000000000000000, -0.4300000000000021583 ) ) ;
#1590 = LINE ( 'NONE', #767, #6 ) ;
#1591 = CARTESIAN_POINT ( 'NONE',  ( -2.199999999999999289, 0.9500000000000000666, -1.800000000000000044 ) ) ;
#1592 = VECTOR ( 'NONE', #741, 1000.000000000000000 ) ;
#1593 = VECTOR ( 'NONE', #1348, 1000.000000000000000 ) ;
#1594 = VECTOR ( 'NONE', #640, 1000.000000000000000 ) ;
#1595 = EDGE_CURVE ( 'NONE', #3051, #3218, #2156, .T. ) ;
#1596 = PLANE ( 'NONE',  #2592 ) ;
#1597 = VERTEX_POINT ( 'NONE', #3408 ) ;
#1598 = FACE_OUTER_BOUND ( 'NONE', #2147, .T. ) ;
#1599 =( LENGTH_UNIT ( ) NAMED_UNIT ( * ) SI_UNIT ( .MILLI., .METRE. ) );
#1600 = VECTOR ( 'NONE', #343, 1000.000000000000000 ) ;
#1601 = CARTESIAN_POINT ( 'NONE',  ( 0.000000000000000000, -0.000000000000000000, 1.699999999999999734 ) ) ;
#1602 = DIRECTION ( 'NONE',  ( 0.7071067811865473507, 0.000000000000000000, -0.7071067811865477948 ) ) ;
#1603 = CARTESIAN_POINT ( 'NONE',  ( 3.000000000000000000, 0.2500000000000000000, 0.000000000000000000 ) ) ;
#1604 = CARTESIAN_POINT ( 'NONE',  ( 2.250000000000005329, 0.2500000000000000000, -2.249999999999995115 ) ) ;
#1605 = ADVANCED_FACE ( 'NONE', ( #832 ), #3166, .F. ) ;
#1606 = CARTESIAN_POINT ( 'NONE',  ( 0.000000000000000000, 0.000000000000000000, 0.000000000000000000 ) ) ;
#1607 = PLANE ( 'NONE',  #2793 ) ;
#1608 = VERTEX_POINT ( 'NONE', #3151 ) ;
#1609 = LINE ( 'NONE', #1627, #868 ) ;
#1610 = ORIENTED_EDGE ( 'NONE', *, *, #1220, .T. ) ;
#1611 = EDGE_CURVE ( 'NONE', #2503, #33, #782, .T. ) ;
#1612 = DIRECTION ( 'NONE',  ( 1.000000000000000000, 0.000000000000000000, 7.109522442527915774E-16 ) ) ;
#1613 = FACE_OUTER_BOUND ( 'NONE', #3066, .T. ) ;
#1614 = ORIENTED_EDGE ( 'NONE', *, *, #2284, .T. ) ;
#1615 = CARTESIAN_POINT ( 'NONE',  ( -1.500109235373388548E-15, -0.000000000000000000, 2.109999999999997655 ) ) ;
#1616 = EDGE_CURVE ( 'NONE', #699, #3354, #1286, .T. ) ;
#1617 = ORIENTED_EDGE ( 'NONE', *, *, #2284, .F. ) ;
#1618 = LINE ( 'NONE', #3189, #1689 ) ;
#1619 = DIRECTION ( 'NONE',  ( -1.512840240677447616E-15, 0.000000000000000000, 1.000000000000000000 ) ) ;
#1620 = DIRECTION ( 'NONE',  ( -0.7071067811865383579, 0.000000000000000000, 0.7071067811865567876 ) ) ;
#1621 = EDGE_CURVE ( 'NONE', #1451, #2555, #1590, .T. ) ;
#1622 = CARTESIAN_POINT ( 'NONE',  ( -2.390000000000000568, -0.000000000000000000, 0.8400000000000000799 ) ) ;
#1623 = DIRECTION ( 'NONE',  ( 0.000000000000000000, -1.000000000000000000, 0.000000000000000000 ) ) ;
#1624 = DIRECTION ( 'NONE',  ( 0.000000000000000000, -1.000000000000000000, 0.000000000000000000 ) ) ;
#1625 = VECTOR ( 'NONE', #598, 1000.000000000000000 ) ;
#1626 = ORIENTED_EDGE ( 'NONE', *, *, #3054, .T. ) ;
#1627 = CARTESIAN_POINT ( 'NONE',  ( -2.999999999999999112, 0.2500000000000000000, 0.000000000000000000 ) ) ;
#1628 = VERTEX_POINT ( 'NONE', #3195 ) ;
#1629 = DIRECTION ( 'NONE',  ( 1.000000000000000000, 0.000000000000000000, 7.109522442527915774E-16 ) ) ;
#1630 = ADVANCED_FACE ( 'NONE', ( #3211 ), #2635, .F. ) ;
#1631 = EDGE_CURVE ( 'NONE', #1968, #1628, #257, .T. ) ;
#1632 = AXIS2_PLACEMENT_3D ( 'NONE', #49, #862, #1657 ) ;
#1633 = VECTOR ( 'NONE', #2349, 1000.000000000000000 ) ;
#1634 = ORIENTED_EDGE ( 'NONE', *, *, #1729, .F. ) ;
#1635 = ORIENTED_EDGE ( 'NONE', *, *, #2247, .F. ) ;
#1636 = CARTESIAN_POINT ( 'NONE',  ( -2.390000000000000568, -0.000000000000000000, 0.000000000000000000 ) ) ;
#1637 = ORIENTED_EDGE ( 'NONE', *, *, #3307, .T. ) ;
#1638 = DIRECTION ( 'NONE',  ( 1.512840240677447616E-15, 0.000000000000000000, -1.000000000000000000 ) ) ;
#1639 = CARTESIAN_POINT ( 'NONE',  ( -2.999999999999999112, 0.2500000000000000000, 0.000000000000000000 ) ) ;
#1640 = FACE_OUTER_BOUND ( 'NONE', #2159, .T. ) ;
#1641 = PLANE ( 'NONE',  #623 ) ;
#1642 = LINE ( 'NONE', #322, #901 ) ;
#1643 = MECHANICAL_DESIGN_GEOMETRIC_PRESENTATION_REPRESENTATION (  '', ( #2796 ), #574 ) ;
#1644 = DIRECTION ( 'NONE',  ( 0.000000000000000000, -0.000000000000000000, -1.000000000000000000 ) ) ;
#1645 = EDGE_CURVE ( 'NONE', #207, #2079, #3428, .T. ) ;
#1646 = VECTOR ( 'NONE', #2496, 1000.000000000000000 ) ;
#1647 = AXIS2_PLACEMENT_3D ( 'NONE', #2071, #2819, #189 ) ;
#1648 = ORIENTED_EDGE ( 'NONE', *, *, #1540, .T. ) ;
#1649 = CARTESIAN_POINT ( 'NONE',  ( -1.629999999999998339, -0.000000000000000000, -1.717861036356131604E-16 ) ) ;
#1650 = ORIENTED_EDGE ( 'NONE', *, *, #275, .T. ) ;
#1651 = ORIENTED_EDGE ( 'NONE', *, *, #139, .F. ) ;
#1652 = ORIENTED_EDGE ( 'NONE', *, *, #2602, .T. ) ;
#1653 = CARTESIAN_POINT ( 'NONE',  ( 3.000000000000000000, 0.2500000000000000000, -0.4300000000000002709 ) ) ;
#1654 = AXIS2_PLACEMENT_3D ( 'NONE', #1768, #1834, #2612 ) ;
#1655 = ORIENTED_EDGE ( 'NONE', *, *, #1191, .T. ) ;
#1656 = CARTESIAN_POINT ( 'NONE',  ( 0.000000000000000000, 0.000000000000000000, -2.110000000000000320 ) ) ;
#1657 = DIRECTION ( 'NONE',  ( 0.7071067811865459074, 0.000000000000000000, 0.7071067811865491270 ) ) ;
#1658 = CARTESIAN_POINT ( 'NONE',  ( -2.390000000000000568, 0.000000000000000000, -2.110000000000000320 ) ) ;
#1659 = DIRECTION ( 'NONE',  ( 0.000000000000000000, 0.000000000000000000, -1.000000000000000000 ) ) ;
#1660 = DIRECTION ( 'NONE',  ( 0.000000000000000000, 0.000000000000000000, -1.000000000000000000 ) ) ;
#1661 = ORIENTED_EDGE ( 'NONE', *, *, #1338, .T. ) ;
#1662 = DIRECTION ( 'NONE',  ( 0.000000000000000000, 0.000000000000000000, -1.000000000000000000 ) ) ;
#1663 = ORIENTED_EDGE ( 'NONE', *, *, #1981, .F. ) ;
#1664 = ORIENTED_EDGE ( 'NONE', *, *, #3199, .F. ) ;
#1665 = EDGE_LOOP ( 'NONE', ( #3091, #496, #1931, #2680 ) ) ;
#1666 = EDGE_CURVE ( 'NONE', #869, #1568, #2667, .T. ) ;
#1667 = DIRECTION ( 'NONE',  ( -1.000000000000000000, 0.000000000000000000, -0.000000000000000000 ) ) ;
#1668 = VERTEX_POINT ( 'NONE', #550 ) ;
#1669 = CARTESIAN_POINT ( 'NONE',  ( 0.000000000000000000, 0.2500000000000000000, -0.8400000000000003020 ) ) ;
#1670 = LINE ( 'NONE', #2153, #2569 ) ;
#1671 = EDGE_CURVE ( 'NONE', #3018, #761, #2380, .T. ) ;
#1672 = CARTESIAN_POINT ( 'NONE',  ( -1.074999999999998179, -0.000000000000000000, 0.000000000000000000 ) ) ;
#1673 = EDGE_CURVE ( 'NONE', #2555, #1283, #3440, .T. ) ;
#1674 = DIRECTION ( 'NONE',  ( 0.000000000000000000, 0.000000000000000000, -1.000000000000000000 ) ) ;
#1675 = DIRECTION ( 'NONE',  ( 1.000000000000000000, 0.000000000000000000, 0.000000000000000000 ) ) ;
#1676 = EDGE_CURVE ( 'NONE', #1071, #2965, #1862, .T. ) ;
#1677 = EDGE_CURVE ( 'NONE', #834, #1122, #2924, .T. ) ;
#1678 = ORIENTED_EDGE ( 'NONE', *, *, #40, .T. ) ;
#1679 = CARTESIAN_POINT ( 'NONE',  ( 2.390000000000001457, 0.2500000000000000000, -1.700000000000000622 ) ) ;
#1680 = ORIENTED_EDGE ( 'NONE', *, *, #2639, .T. ) ;
#1681 = ORIENTED_EDGE ( 'NONE', *, *, #1737, .T. ) ;
#1682 = ORIENTED_EDGE ( 'NONE', *, *, #2187, .T. ) ;
#1683 = EDGE_CURVE ( 'NONE', #542, #1787, #2413, .T. ) ;
#1684 = CARTESIAN_POINT ( 'NONE',  ( 0.000000000000000000, -0.000000000000000000, 0.4299999999999998268 ) ) ;
#1685 = ORIENTED_EDGE ( 'NONE', *, *, #1010, .F. ) ;
#1686 = CARTESIAN_POINT ( 'NONE',  ( 0.000000000000000000, 0.000000000000000000, 0.000000000000000000 ) ) ;
#1687 = CARTESIAN_POINT ( 'NONE',  ( 1.208618815229747180E-15, 0.2500000000000000000, -1.700000000000002398 ) ) ;
#1688 = VECTOR ( 'NONE', #2185, 1000.000000000000000 ) ;
#1689 = VECTOR ( 'NONE', #2152, 1000.000000000000000 ) ;
#1690 = DIRECTION ( 'NONE',  ( -0.000000000000000000, -1.000000000000000000, -0.000000000000000000 ) ) ;
#1691 = AXIS2_PLACEMENT_3D ( 'NONE', #816, #2889, #797 ) ;
#1692 = CARTESIAN_POINT ( 'NONE',  ( 3.000000000000000000, 0.000000000000000000, 0.000000000000000000 ) ) ;
#1693 = CYLINDRICAL_SURFACE ( 'NONE', #3128, 0.2999999999999999334 ) ;
#1694 = DIRECTION ( 'NONE',  ( 0.000000000000000000, 0.000000000000000000, -1.000000000000000000 ) ) ;
#1695 = LINE ( 'NONE', #2748, #307 ) ;
#1696 = VECTOR ( 'NONE', #2705, 1000.000000000000000 ) ;
#1697 = EDGE_LOOP ( 'NONE', ( #401, #578, #122, #733 ) ) ;
#1698 = ORIENTED_EDGE ( 'NONE', *, *, #2130, .F. ) ;
#1699 = ORIENTED_EDGE ( 'NONE', *, *, #3357, .T. ) ;
#1700 = EDGE_CURVE ( 'NONE', #331, #809, #1831, .T. ) ;
#1701 = PRODUCT_DEFINITION_FORMATION_WITH_SPECIFIED_SOURCE ( 'ANY', '', #909, .NOT_KNOWN. ) ;
#1702 = CARTESIAN_POINT ( 'NONE',  ( 0.000000000000000000, -0.000000000000000000, 0.4299999999999998268 ) ) ;
#1703 = ORIENTED_EDGE ( 'NONE', *, *, #685, .F. ) ;
#1704 = CARTESIAN_POINT ( 'NONE',  ( -2.390000000000000568, -0.000000000000000000, 0.000000000000000000 ) ) ;
#1705 = DIRECTION ( 'NONE',  ( -0.000000000000000000, -1.000000000000000000, -0.000000000000000000 ) ) ;
#1706 = VECTOR ( 'NONE', #298, 1000.000000000000000 ) ;
#1707 = FACE_OUTER_BOUND ( 'NONE', #953, .T. ) ;
#1708 = PRESENTATION_LAYER_ASSIGNMENT (  '', '', ( #2417 ) ) ;
#1709 = ADVANCED_FACE ( 'NONE', ( #503 ), #1607, .T. ) ;
#1710 = DIRECTION ( 'NONE',  ( 1.000000000000000000, 0.000000000000000000, 7.109522442527915774E-16 ) ) ;
#1711 = CARTESIAN_POINT ( 'NONE',  ( 2.390000000000000124, 0.2500000000000000000, -0.8400000000000003020 ) ) ;
#1712 = FILL_AREA_STYLE_COLOUR ( '', #1483 ) ;
#1713 = DIRECTION ( 'NONE',  ( -1.000000000000000000, 0.000000000000000000, -0.000000000000000000 ) ) ;
#1714 = EDGE_CURVE ( 'NONE', #3119, #2543, #3007, .T. ) ;
#1715 = PLANE ( 'NONE',  #3308 ) ;
#1716 = ORIENTED_EDGE ( 'NONE', *, *, #2240, .F. ) ;
#1717 = ORIENTED_EDGE ( 'NONE', *, *, #497, .T. ) ;
#1718 = ORIENTED_EDGE ( 'NONE', *, *, #3435, .F. ) ;
#1719 = CARTESIAN_POINT ( 'NONE',  ( -2.999999999999999112, 0.2500000000000000000, 2.109999999999999876 ) ) ;
#1720 = EDGE_CURVE ( 'NONE', #44, #2967, #3299, .T. ) ;
#1721 = ORIENTED_EDGE ( 'NONE', *, *, #1048, .F. ) ;
#1722 = CARTESIAN_POINT ( 'NONE',  ( -2.390000000000000568, 0.2500000000000000000, 0.8400000000000000799 ) ) ;
#1723 = LINE ( 'NONE', #2004, #1014 ) ;
#1724 = CARTESIAN_POINT ( 'NONE',  ( 0.000000000000000000, 0.2500000000000000000, 1.699999999999999734 ) ) ;
#1725 = DIRECTION ( 'NONE',  ( -1.000000000000000000, 0.000000000000000000, -0.000000000000000000 ) ) ;
#1726 = CARTESIAN_POINT ( 'NONE',  ( -2.390000000000000568, 0.2500000000000000000, 0.4299999999999998268 ) ) ;
#1727 =( LENGTH_UNIT ( ) NAMED_UNIT ( * ) SI_UNIT ( .MILLI., .METRE. ) );
#1728 = LINE ( 'NONE', #2777, #1969 ) ;
#1729 = EDGE_CURVE ( 'NONE', #3050, #542, #619, .T. ) ;
#1730 = DIRECTION ( 'NONE',  ( -1.000000000000000000, 0.000000000000000000, -0.000000000000000000 ) ) ;
#1731 = ORIENTED_EDGE ( 'NONE', *, *, #857, .T. ) ;
#1732 = EDGE_LOOP ( 'NONE', ( #2055, #3272, #2963, #327 ) ) ;
#1733 = ORIENTED_EDGE ( 'NONE', *, *, #1673, .F. ) ;
#1734 = DIRECTION ( 'NONE',  ( -0.000000000000000000, -0.000000000000000000, 1.000000000000000000 ) ) ;
#1735 = EDGE_LOOP ( 'NONE', ( #557, #1915, #3067, #1008 ) ) ;
#1736 = LINE ( 'NONE', #2789, #112 ) ;
#1737 = EDGE_CURVE ( 'NONE', #1971, #1469, #2958, .T. ) ;
#1738 = FACE_OUTER_BOUND ( 'NONE', #1372, .T. ) ;
#1739 = VECTOR ( 'NONE', #2794, 1000.000000000000000 ) ;
#1740 = DIRECTION ( 'NONE',  ( 1.000000000000000000, -0.000000000000000000, 1.512840240677447616E-15 ) ) ;
#1741 = LINE ( 'NONE', #427, #394 ) ;
#1742 = CARTESIAN_POINT ( 'NONE',  ( 3.000000000000000000, 0.000000000000000000, 1.699999999999999734 ) ) ;
#1743 = ORIENTED_EDGE ( 'NONE', *, *, #1833, .F. ) ;
#1744 = AXIS2_PLACEMENT_3D ( 'NONE', #3353, #1978, #2854 ) ;
#1745 = DIRECTION ( 'NONE',  ( 0.000000000000000000, -1.000000000000000000, 0.000000000000000000 ) ) ;
#1746 = CARTESIAN_POINT ( 'NONE',  ( 3.000000000000000000, 0.000000000000000000, -1.700000000000000400 ) ) ;
#1747 = ORIENTED_EDGE ( 'NONE', *, *, #2968, .T. ) ;
#1748 = ORIENTED_EDGE ( 'NONE', *, *, #1963, .T. ) ;
#1749 = LINE ( 'NONE', #2544, #1541 ) ;
#1750 = ORIENTED_EDGE ( 'NONE', *, *, #2206, .T. ) ;
#1751 = DIRECTION ( 'NONE',  ( 1.000000000000000000, 0.000000000000000000, 0.000000000000000000 ) ) ;
#1752 = LINE ( 'NONE', #965, #1898 ) ;
#1753 = VECTOR ( 'NONE', #445, 1000.000000000000000 ) ;
#1754 = DIRECTION ( 'NONE',  ( 0.000000000000000000, 0.000000000000000000, -1.000000000000000000 ) ) ;
#1755 = ORIENTED_EDGE ( 'NONE', *, *, #1376, .T. ) ;
#1756 = AXIS2_PLACEMENT_3D ( 'NONE', #1558, #1217, #2278 ) ;
#1757 = LINE ( 'NONE', #1230, #2905 ) ;
#1758 = DIRECTION ( 'NONE',  ( -0.000000000000000000, -1.000000000000000000, -0.000000000000000000 ) ) ;
#1759 = ORIENTED_EDGE ( 'NONE', *, *, #626, .T. ) ;
#1760 = AXIS2_PLACEMENT_3D ( 'NONE', #1306, #551, #504 ) ;
#1761 = FACE_OUTER_BOUND ( 'NONE', #581, .T. ) ;
#1762 = VECTOR ( 'NONE', #2437, 1000.000000000000000 ) ;
#1763 = EDGE_LOOP ( 'NONE', ( #2356, #2787, #2162, #456 ) ) ;
#1764 = CARTESIAN_POINT ( 'NONE',  ( 2.390000000000002789, 0.000000000000000000, 3.615688175219103475E-15 ) ) ;
#1765 = VERTEX_POINT ( 'NONE', #2433 ) ;
#1766 = ORIENTED_EDGE ( 'NONE', *, *, #2415, .F. ) ;
#1767 = FACE_OUTER_BOUND ( 'NONE', #2579, .T. ) ;
#1768 = CARTESIAN_POINT ( 'NONE',  ( -2.199999999999999289, 0.9500000000000000666, -1.800000000000000044 ) ) ;
#1769 = ORIENTED_EDGE ( 'NONE', *, *, #3253, .F. ) ;
#1770 = DIRECTION ( 'NONE',  ( -0.000000000000000000, -1.000000000000000000, -0.000000000000000000 ) ) ;
#1771 = DIRECTION ( 'NONE',  ( 0.000000000000000000, 0.000000000000000000, 1.000000000000000000 ) ) ;
#1772 = DIRECTION ( 'NONE',  ( -1.000000000000000000, 0.000000000000000000, -0.000000000000000000 ) ) ;
#1773 = EDGE_LOOP ( 'NONE', ( #2805, #884, #2343, #2573 ) ) ;
#1774 = DIRECTION ( 'NONE',  ( 0.000000000000000000, 0.000000000000000000, -1.000000000000000000 ) ) ;
#1775 = CARTESIAN_POINT ( 'NONE',  ( 2.390000000000001457, 0.2500000000000000000, 2.109999999999999432 ) ) ;
#1776 = EDGE_CURVE ( 'NONE', #1245, #1608, #1642, .T. ) ;
#1777 = DIRECTION ( 'NONE',  ( 0.000000000000000000, -1.000000000000000000, 0.000000000000000000 ) ) ;
#1778 = EDGE_LOOP ( 'NONE', ( #1152, #1873, #1548, #2700 ) ) ;
#1779 = DIRECTION ( 'NONE',  ( -1.000000000000000000, 0.000000000000000000, -0.000000000000000000 ) ) ;
#1780 = EDGE_CURVE ( 'NONE', #2126, #1416, #1909, .T. ) ;
#1781 = VERTEX_POINT ( 'NONE', #639 ) ;
#1782 = CARTESIAN_POINT ( 'NONE',  ( -2.390000000000000568, 0.2500000000000000000, 0.000000000000000000 ) ) ;
#1783 = EDGE_CURVE ( 'NONE', #542, #3070, #2977, .T. ) ;
#1784 = ORIENTED_EDGE ( 'NONE', *, *, #626, .F. ) ;
#1785 = ORIENTED_EDGE ( 'NONE', *, *, #1700, .T. ) ;
#1786 = DIRECTION ( 'NONE',  ( 1.000000000000000000, 0.000000000000000000, 0.000000000000000000 ) ) ;
#1787 = VERTEX_POINT ( 'NONE', #2708 ) ;
#1788 = LINE ( 'NONE', #2844, #1346 ) ;
#1789 = DIRECTION ( 'NONE',  ( 0.000000000000000000, 0.000000000000000000, -1.000000000000000000 ) ) ;
#1790 = EDGE_CURVE ( 'NONE', #362, #1023, #1432, .T. ) ;
#1791 = CARTESIAN_POINT ( 'NONE',  ( 3.000000000000000000, 0.2500000000000000000, 0.000000000000000000 ) ) ;
#1792 = ORIENTED_EDGE ( 'NONE', *, *, #3010, .T. ) ;
#1793 = LINE ( 'NONE', #1569, #1064 ) ;
#1794 = LINE ( 'NONE', #2273, #2351 ) ;
#1795 = EDGE_LOOP ( 'NONE', ( #219, #938, #3156, #491 ) ) ;
#1796 = PLANE ( 'NONE',  #3359 ) ;
#1797 = AXIS2_PLACEMENT_3D ( 'NONE', #2683, #1857, #1638 ) ;
#1798 = ORIENTED_EDGE ( 'NONE', *, *, #40, .F. ) ;
#1799 = AXIS2_PLACEMENT_3D ( 'NONE', #88, #1157, #1906 ) ;
#1800 = AXIS2_PLACEMENT_3D ( 'NONE', #3202, #2127, #10 ) ;
#1801 = VECTOR ( 'NONE', #568, 1000.000000000000000 ) ;
#1802 = VERTEX_POINT ( 'NONE', #1711 ) ;
#1803 = FACE_OUTER_BOUND ( 'NONE', #291, .T. ) ;
#1804 = EDGE_LOOP ( 'NONE', ( #1901, #3144, #450, #81 ) ) ;
#1805 = CARTESIAN_POINT ( 'NONE',  ( 3.000000000000000000, 1.050000000000000044, -2.500000000000000000 ) ) ;
#1806 = PRESENTATION_STYLE_ASSIGNMENT (( #214 ) ) ;
#1807 = EDGE_CURVE ( 'NONE', #1023, #1035, #1161, .T. ) ;
#1808 = CARTESIAN_POINT ( 'NONE',  ( 3.000000000000000000, 0.2500000000000000000, 0.000000000000000000 ) ) ;
#1809 = ORIENTED_EDGE ( 'NONE', *, *, #2948, .F. ) ;
#1810 = DIRECTION ( 'NONE',  ( 0.000000000000000000, -0.000000000000000000, -1.000000000000000000 ) ) ;
#1811 = DIRECTION ( 'NONE',  ( 1.000000000000000000, 0.000000000000000000, 7.109522442527915774E-16 ) ) ;
#1812 = VECTOR ( 'NONE', #1402, 1000.000000000000000 ) ;
#1813 = ORIENTED_EDGE ( 'NONE', *, *, #2387, .T. ) ;
#1814 = CARTESIAN_POINT ( 'NONE',  ( -1.324999999999999734, 0.2500000000000000000, -2.500000000000000000 ) ) ;
#1815 = VECTOR ( 'NONE', #1168, 1000.000000000000000 ) ;
#1816 =( LENGTH_UNIT ( ) NAMED_UNIT ( * ) SI_UNIT ( .MILLI., .METRE. ) );
#1817 = EDGE_CURVE ( 'NONE', #65, #3163, #3246, .T. ) ;
#1818 = ORIENTED_EDGE ( 'NONE', *, *, #267, .T. ) ;
#1819 = STYLED_ITEM ( 'NONE', ( #2762 ), #108 ) ;
#1820 = ADVANCED_FACE ( 'NONE', ( #1960 ), #2993, .F. ) ;
#1821 = VECTOR ( 'NONE', #2996, 1000.000000000000000 ) ;
#1822 = DIRECTION ( 'NONE',  ( -0.000000000000000000, 1.000000000000000000, -0.000000000000000000 ) ) ;
#1823 = VERTEX_POINT ( 'NONE', #2761 ) ;
#1824 = CARTESIAN_POINT ( 'NONE',  ( 0.000000000000000000, -0.000000000000000000, 0.4299999999999998268 ) ) ;
#1825 = DIRECTION ( 'NONE',  ( 0.000000000000000000, -0.000000000000000000, 1.000000000000000000 ) ) ;
#1826 = ORIENTED_EDGE ( 'NONE', *, *, #2818, .F. ) ;
#1827 = CARTESIAN_POINT ( 'NONE',  ( 3.000000000000000000, 0.2500000000000000000, -0.4300000000000002709 ) ) ;
#1828 = DIRECTION ( 'NONE',  ( 0.000000000000000000, -0.000000000000000000, 1.000000000000000000 ) ) ;
#1829 = ORIENTED_EDGE ( 'NONE', *, *, #3064, .F. ) ;
#1830 = DIRECTION ( 'NONE',  ( 1.000000000000000000, 0.000000000000000000, 1.512840240677447616E-15 ) ) ;
#1831 = LINE ( 'NONE', #1303, #3407 ) ;
#1832 = ORIENTED_EDGE ( 'NONE', *, *, #3124, .F. ) ;
#1833 = EDGE_CURVE ( 'NONE', #2783, #662, #603, .T. ) ;
#1834 = DIRECTION ( 'NONE',  ( -0.000000000000000000, 1.000000000000000000, -0.000000000000000000 ) ) ;
#1835 = EDGE_LOOP ( 'NONE', ( #2849, #694, #2859, #3104 ) ) ;
#1836 = LINE ( 'NONE', #1824, #3013 ) ;
#1837 = CARTESIAN_POINT ( 'NONE',  ( 6.284817839194682499E-15, -0.000000000000000000, -2.209999999999995968 ) ) ;
#1838 = VERTEX_POINT ( 'NONE', #305 ) ;
#1839 = EDGE_CURVE ( 'NONE', #3163, #544, #2448, .T. ) ;
#1840 = PLANE ( 'NONE',  #1797 ) ;
#1841 = CARTESIAN_POINT ( 'NONE',  ( 3.000000000000000000, 0.2500000000000000000, -2.110000000000000320 ) ) ;
#1842 = ORIENTED_EDGE ( 'NONE', *, *, #1058, .F. ) ;
#1843 = CARTESIAN_POINT ( 'NONE',  ( 2.389999999999998792, 0.2500000000000000000, 3.615688175219098742E-15 ) ) ;
#1844 = PLANE ( 'NONE',  #2909 ) ;
#1845 = CARTESIAN_POINT ( 'NONE',  ( -1.500109235373391309E-15, 0.2500000000000000000, 2.110000000000001652 ) ) ;
#1846 = FACE_OUTER_BOUND ( 'NONE', #2712, .T. ) ;
#1847 = ADVANCED_FACE ( 'NONE', ( #1115 ), #1175, .T. ) ;
#1848 = VECTOR ( 'NONE', #333, 1000.000000000000000 ) ;
#1849 = VECTOR ( 'NONE', #2721, 1000.000000000000000 ) ;
#1850 = VECTOR ( 'NONE', #1114, 1000.000000000000000 ) ;
#1851 = CARTESIAN_POINT ( 'NONE',  ( 3.000000000000000000, 1.050000000000000044, 2.500000000000000000 ) ) ;
#1852 = ORIENTED_EDGE ( 'NONE', *, *, #546, .F. ) ;
#1853 = CARTESIAN_POINT ( 'NONE',  ( -1.500109235373388548E-15, 0.2500000000000000000, 2.109999999999997655 ) ) ;
#1854 = DIRECTION ( 'NONE',  ( 0.000000000000000000, 0.000000000000000000, -1.000000000000000000 ) ) ;
#1855 = VECTOR ( 'NONE', #1029, 1000.000000000000000 ) ;
#1856 = DIRECTION ( 'NONE',  ( 0.000000000000000000, 0.000000000000000000, 1.000000000000000000 ) ) ;
#1857 = DIRECTION ( 'NONE',  ( 1.000000000000000000, 0.000000000000000000, 1.512840240677447616E-15 ) ) ;
#1858 = FACE_OUTER_BOUND ( 'NONE', #1697, .T. ) ;
#1859 = DIRECTION ( 'NONE',  ( 1.000000000000000000, 0.000000000000000000, -0.000000000000000000 ) ) ;
#1860 = AXIS2_PLACEMENT_3D ( 'NONE', #461, #1019, #2328 ) ;
#1861 = DIRECTION ( 'NONE',  ( -1.000000000000000000, 0.000000000000000000, -7.109522442527915774E-16 ) ) ;
#1862 = LINE ( 'NONE', #1356, #3350 ) ;
#1863 = CARTESIAN_POINT ( 'NONE',  ( -2.390000000000000568, -0.000000000000000000, 0.000000000000000000 ) ) ;
#1864 = VECTOR ( 'NONE', #3093, 1000.000000000000000 ) ;
#1865 = VECTOR ( 'NONE', #2020, 1000.000000000000000 ) ;
#1866 = AXIS2_PLACEMENT_3D ( 'NONE', #3106, #2826, #2561 ) ;
#1867 = CARTESIAN_POINT ( 'NONE',  ( -2.999999999999999112, 0.2500000000000000000, -2.110000000000000320 ) ) ;
#1868 = ORIENTED_EDGE ( 'NONE', *, *, #206, .T. ) ;
#1869 = PLANE ( 'NONE',  #1860 ) ;
#1870 = ORIENTED_EDGE ( 'NONE', *, *, #3253, .T. ) ;
#1871 = ADVANCED_FACE ( 'NONE', ( #336 ), #1411, .T. ) ;
#1872 = DIRECTION ( 'NONE',  ( 1.000000000000000000, 0.000000000000000000, 7.109522442527915774E-16 ) ) ;
#1873 = ORIENTED_EDGE ( 'NONE', *, *, #3357, .F. ) ;
#1874 = CARTESIAN_POINT ( 'NONE',  ( -1.324999999999998179, 0.000000000000000000, 2.209999999999999964 ) ) ;
#1875 = CARTESIAN_POINT ( 'NONE',  ( -1.324999999999986855, 0.2500000000000000000, -6.935155275726177751E-15 ) ) ;
#1876 = DIRECTION ( 'NONE',  ( -0.000000000000000000, 0.000000000000000000, 1.000000000000000000 ) ) ;
#1877 = LINE ( 'NONE', #2106, #2299 ) ;
#1878 = CARTESIAN_POINT ( 'NONE',  ( 0.000000000000000000, 0.2500000000000000000, 1.699999999999999734 ) ) ;
#1879 = ORIENTED_EDGE ( 'NONE', *, *, #3198, .T. ) ;
#1880 = EDGE_CURVE ( 'NONE', #3188, #2407, #850, .T. ) ;
#1881 = ADVANCED_FACE ( 'NONE', ( #1942 ), #1693, .F. ) ;
#1882 = LINE ( 'NONE', #2946, #3250 ) ;
#1883 = ORIENTED_EDGE ( 'NONE', *, *, #2754, .T. ) ;
#1884 = ORIENTED_EDGE ( 'NONE', *, *, #2441, .T. ) ;
#1885 = CARTESIAN_POINT ( 'NONE',  ( -2.999999999999999112, 0.2500000000000000000, 0.4299999999999998268 ) ) ;
#1886 = ORIENTED_EDGE ( 'NONE', *, *, #1010, .T. ) ;
#1887 = DIRECTION ( 'NONE',  ( -0.000000000000000000, 0.000000000000000000, 1.000000000000000000 ) ) ;
#1888 = EDGE_CURVE ( 'NONE', #2783, #2523, #2332, .T. ) ;
#1889 = PLANE ( 'NONE',  #2450 ) ;
#1890 = DIRECTION ( 'NONE',  ( -1.000000000000000000, 0.000000000000000000, -7.109522442527915774E-16 ) ) ;
#1891 = FACE_OUTER_BOUND ( 'NONE', #468, .T. ) ;
#1892 = CARTESIAN_POINT ( 'NONE',  ( -2.999999999999999112, 0.2500000000000000000, -1.700000000000000400 ) ) ;
#1893 = PLANE ( 'NONE',  #3304 ) ;
#1894 = VECTOR ( 'NONE', #968, 1000.000000000000000 ) ;
#1895 = VERTEX_POINT ( 'NONE', #991 ) ;
#1896 = CARTESIAN_POINT ( 'NONE',  ( 3.000000000000000000, 0.2500000000000000000, 0.4299999999999998268 ) ) ;
#1897 = ORIENTED_EDGE ( 'NONE', *, *, #830, .F. ) ;
#1898 = VECTOR ( 'NONE', #102, 1000.000000000000000 ) ;
#1899 =( GEOMETRIC_REPRESENTATION_CONTEXT ( 3 ) GLOBAL_UNCERTAINTY_ASSIGNED_CONTEXT ( ( #2121 ) ) GLOBAL_UNIT_ASSIGNED_CONTEXT ( ( #2288, #178, #123 ) ) REPRESENTATION_CONTEXT ( 'NONE', 'WORKASPACE' ) );
#1900 = EDGE_LOOP ( 'NONE', ( #446, #3312, #238, #1062 ) ) ;
#1901 = ORIENTED_EDGE ( 'NONE', *, *, #1720, .T. ) ;
#1902 = PLANE ( 'NONE',  #297 ) ;
#1903 = ORIENTED_EDGE ( 'NONE', *, *, #1082, .F. ) ;
#1904 = EDGE_CURVE ( 'NONE', #2522, #998, #1794, .T. ) ;
#1905 = CARTESIAN_POINT ( 'NONE',  ( -2.999999999999999112, 0.000000000000000000, 2.500000000000000000 ) ) ;
#1906 = DIRECTION ( 'NONE',  ( 0.000000000000000000, 0.000000000000000000, -1.000000000000000000 ) ) ;
#1907 = LINE ( 'NONE', #2665, #1255 ) ;
#1908 = DIRECTION ( 'NONE',  ( 1.000000000000000000, 0.000000000000000000, 0.000000000000000000 ) ) ;
#1909 = LINE ( 'NONE', #587, #2354 ) ;
#1910 = EDGE_CURVE ( 'NONE', #324, #44, #2775, .T. ) ;
#1911 = VECTOR ( 'NONE', #1113, 1000.000000000000000 ) ;
#1912 = AXIS2_PLACEMENT_3D ( 'NONE', #1254, #3100, #1713 ) ;
#1913 = EDGE_LOOP ( 'NONE', ( #270, #2559, #2405, #818 ) ) ;
#1914 = LINE ( 'NONE', #1983, #1600 ) ;
#1915 = ORIENTED_EDGE ( 'NONE', *, *, #1423, .F. ) ;
#1916 = EDGE_CURVE ( 'NONE', #960, #2767, #930, .T. ) ;
#1917 = ORIENTED_EDGE ( 'NONE', *, *, #1063, .F. ) ;
#1918 = ORIENTED_EDGE ( 'NONE', *, *, #2611, .F. ) ;
#1919 = LINE ( 'NONE', #1601, #1812 ) ;
#1920 = VECTOR ( 'NONE', #697, 1000.000000000000000 ) ;
#1921 = EDGE_LOOP ( 'NONE', ( #2598, #2128, #1766, #2302 ) ) ;
#1922 = ADVANCED_FACE ( 'NONE', ( #729 ), #2315, .F. ) ;
#1923 = FACE_OUTER_BOUND ( 'NONE', #1383, .T. ) ;
#1924 = DIRECTION ( 'NONE',  ( 0.000000000000000000, 0.000000000000000000, -1.000000000000000000 ) ) ;
#1925 = LINE ( 'NONE', #2431, #2243 ) ;
#1926 = EDGE_CURVE ( 'NONE', #2365, #1296, #467, .T. ) ;
#1927 = DIRECTION ( 'NONE',  ( 0.000000000000000000, 0.000000000000000000, -1.000000000000000000 ) ) ;
#1928 = CARTESIAN_POINT ( 'NONE',  ( -1.767499999999999405, 0.2500000000000000000, 1.767500000000000515 ) ) ;
#1929 = PLANE ( 'NONE',  #1199 ) ;
#1930 = ADVANCED_FACE ( 'NONE', ( #1251 ), #390, .F. ) ;
#1931 = ORIENTED_EDGE ( 'NONE', *, *, #3010, .F. ) ;
#1932 = DIRECTION ( 'NONE',  ( 1.000000000000000000, 0.000000000000000000, 0.000000000000000000 ) ) ;
#1933 = ORIENTED_EDGE ( 'NONE', *, *, #1621, .T. ) ;
#1934 = ORIENTED_EDGE ( 'NONE', *, *, #1631, .F. ) ;
#1935 = ORIENTED_EDGE ( 'NONE', *, *, #430, .F. ) ;
#1936 = DIRECTION ( 'NONE',  ( -0.000000000000000000, 0.000000000000000000, -1.000000000000000000 ) ) ;
#1937 = VERTEX_POINT ( 'NONE', #2008 ) ;
#1938 = DIRECTION ( 'NONE',  ( 0.000000000000000000, -0.000000000000000000, -1.000000000000000000 ) ) ;
#1939 = CARTESIAN_POINT ( 'NONE',  ( -1.074999999999998179, 0.000000000000000000, -2.500000000000000000 ) ) ;
#1940 = CARTESIAN_POINT ( 'NONE',  ( 2.289999999999999591, 0.2500000000000000000, -2.209999999999999964 ) ) ;
#1941 = LINE ( 'NONE', #3025, #3230 ) ;
#1942 = FACE_OUTER_BOUND ( 'NONE', #3001, .T. ) ;
#1943 = FACE_OUTER_BOUND ( 'NONE', #2018, .T. ) ;
#1944 = EDGE_CURVE ( 'NONE', #1451, #1071, #2296, .T. ) ;
#1945 = LINE ( 'NONE', #1164, #1371 ) ;
#1946 = EDGE_LOOP ( 'NONE', ( #2057, #47, #3338, #1387 ) ) ;
#1947 = VERTEX_POINT ( 'NONE', #3079 ) ;
#1948 = ORIENTED_EDGE ( 'NONE', *, *, #800, .T. ) ;
#1949 = DIRECTION ( 'NONE',  ( 0.000000000000000000, -1.000000000000000000, 0.000000000000000000 ) ) ;
#1950 = VECTOR ( 'NONE', #1195, 1000.000000000000000 ) ;
#1951 = ORIENTED_EDGE ( 'NONE', *, *, #2939, .F. ) ;
#1952 = DIRECTION ( 'NONE',  ( -1.000000000000000000, 0.000000000000000000, 0.000000000000000000 ) ) ;
#1953 = CARTESIAN_POINT ( 'NONE',  ( -2.199999999999999289, 0.9500000000000000666, -1.800000000000000044 ) ) ;
#1954 = VECTOR ( 'NONE', #3367, 1000.000000000000000 ) ;
#1955 = AXIS2_PLACEMENT_3D ( 'NONE', #2047, #2828, #2308 ) ;
#1956 = EDGE_CURVE ( 'NONE', #2984, #1385, #1515, .T. ) ;
#1957 = PLANE ( 'NONE',  #412 ) ;
#1958 = VECTOR ( 'NONE', #2092, 1000.000000000000000 ) ;
#1959 = FACE_OUTER_BOUND ( 'NONE', #2596, .T. ) ;
#1960 = FACE_OUTER_BOUND ( 'NONE', #2161, .T. ) ;
#1961 = DIRECTION ( 'NONE',  ( -0.000000000000000000, -1.000000000000000000, -0.000000000000000000 ) ) ;
#1962 = LINE ( 'NONE', #3355, #2747 ) ;
#1963 = EDGE_CURVE ( 'NONE', #3378, #2002, #1741, .T. ) ;
#1964 = DIRECTION ( 'NONE',  ( 1.053902476292106240E-16, 0.000000000000000000, -1.000000000000000000 ) ) ;
#1965 = CIRCLE ( 'NONE', #12, 0.2999999999999999334 ) ;
#1966 = ORIENTED_EDGE ( 'NONE', *, *, #1049, .F. ) ;
#1967 = VERTEX_POINT ( 'NONE', #1268 ) ;
#1968 = VERTEX_POINT ( 'NONE', #2553 ) ;
#1969 = VECTOR ( 'NONE', #391, 1000.000000000000000 ) ;
#1970 = LINE ( 'NONE', #1206, #976 ) ;
#1971 = VERTEX_POINT ( 'NONE', #1726 ) ;
#1972 = CARTESIAN_POINT ( 'NONE',  ( -2.999999999999999112, -0.000000000000000000, 0.8399999999999998579 ) ) ;
#1973 = DIRECTION ( 'NONE',  ( 0.000000000000000000, 0.000000000000000000, -1.000000000000000000 ) ) ;
#1974 = ADVANCED_FACE ( 'NONE', ( #3374 ), #916, .T. ) ;
#1975 = CARTESIAN_POINT ( 'NONE',  ( -2.390000000000000568, 0.000000000000000000, -0.8400000000000003020 ) ) ;
#1976 = VECTOR ( 'NONE', #2697, 1000.000000000000000 ) ;
#1977 = DIRECTION ( 'NONE',  ( 1.000000000000000000, 0.000000000000000000, 0.000000000000000000 ) ) ;
#1978 = DIRECTION ( 'NONE',  ( 7.109522442527915774E-16, 0.000000000000000000, -1.000000000000000000 ) ) ;
#1979 = LINE ( 'NONE', #54, #1544 ) ;
#1980 = CARTESIAN_POINT ( 'NONE',  ( -2.390000000000000568, 0.2500000000000000000, 2.109999999999999876 ) ) ;
#1981 = EDGE_CURVE ( 'NONE', #779, #1275, #2834, .T. ) ;
#1982 = ADVANCED_FACE ( 'NONE', ( #3097 ), #2572, .T. ) ;
#1983 = CARTESIAN_POINT ( 'NONE',  ( 2.390000000000001457, 0.2500000000000000000, 0.8399999999999996358 ) ) ;
#1984 = ORIENTED_EDGE ( 'NONE', *, *, #1317, .F. ) ;
#1985 = ORIENTED_EDGE ( 'NONE', *, *, #2030, .F. ) ;
#1986 = ORIENTED_EDGE ( 'NONE', *, *, #1047, .T. ) ;
#1987 = FACE_OUTER_BOUND ( 'NONE', #1763, .T. ) ;
#1988 = VERTEX_POINT ( 'NONE', #1775 ) ;
#1989 = CARTESIAN_POINT ( 'NONE',  ( 2.390000000000001457, 0.2500000000000000000, 2.109999999999999432 ) ) ;
#1990 = DIRECTION ( 'NONE',  ( 7.109522442527915774E-16, 0.000000000000000000, -1.000000000000000000 ) ) ;
#1991 = DIRECTION ( 'NONE',  ( 0.000000000000000000, 0.000000000000000000, -1.000000000000000000 ) ) ;
#1992 = ADVANCED_FACE ( 'NONE', ( #1196 ), #1994, .F. ) ;
#1993 = FACE_OUTER_BOUND ( 'NONE', #2831, .T. ) ;
#1994 = PLANE ( 'NONE',  #2293 ) ;
#1995 = SURFACE_STYLE_USAGE ( .BOTH. , #689 ) ;
#1996 = VERTEX_POINT ( 'NONE', #2795 ) ;
#1997 = LINE ( 'NONE', #2318, #2248 ) ;
#1998 = DIRECTION ( 'NONE',  ( 0.000000000000000000, 1.000000000000000000, 0.000000000000000000 ) ) ;
#1999 = VERTEX_POINT ( 'NONE', #408 ) ;
#2000 = ORIENTED_EDGE ( 'NONE', *, *, #1963, .F. ) ;
#2001 = DIRECTION ( 'NONE',  ( -0.000000000000000000, -1.000000000000000000, -0.000000000000000000 ) ) ;
#2002 = VERTEX_POINT ( 'NONE', #1480 ) ;
#2003 = LINE ( 'NONE', #3108, #2235 ) ;
#2004 = CARTESIAN_POINT ( 'NONE',  ( -5.971998851723462306E-16, -0.000000000000000000, 0.8400000000000017453 ) ) ;
#2005 = CARTESIAN_POINT ( 'NONE',  ( -2.199999999999999289, 0.9500000000000000666, -1.500000000000000000 ) ) ;
#2006 = VECTOR ( 'NONE', #561, 1000.000000000000000 ) ;
#2007 = CARTESIAN_POINT ( 'NONE',  ( -1.324999999999986855, 0.2500000000000000000, -6.935155275726177751E-15 ) ) ;
#2008 = CARTESIAN_POINT ( 'NONE',  ( 2.390000000000000124, 0.000000000000000000, -2.110000000000000320 ) ) ;
#2009 = CARTESIAN_POINT ( 'NONE',  ( -2.390000000000000568, 0.2500000000000000000, -0.4300000000000000488 ) ) ;
#2010 = VERTEX_POINT ( 'NONE', #2534 ) ;
#2011 = VECTOR ( 'NONE', #1811, 1000.000000000000000 ) ;
#2012 = CARTESIAN_POINT ( 'NONE',  ( 3.000000000000000000, 0.000000000000000000, 2.500000000000000000 ) ) ;
#2013 = VECTOR ( 'NONE', #2880, 999.9999999999998863 ) ;
#2014 =( NAMED_UNIT ( * ) PLANE_ANGLE_UNIT ( ) SI_UNIT ( $, .RADIAN. ) );
#2015 = ORIENTED_EDGE ( 'NONE', *, *, #1265, .F. ) ;
#2016 = VECTOR ( 'NONE', #880, 1000.000000000000000 ) ;
#2017 = LINE ( 'NONE', #170, #2095 ) ;
#2018 = EDGE_LOOP ( 'NONE', ( #996, #1369, #484, #1330 ) ) ;
#2019 = ORIENTED_EDGE ( 'NONE', *, *, #1595, .T. ) ;
#2020 = DIRECTION ( 'NONE',  ( 0.000000000000000000, 0.000000000000000000, -1.000000000000000000 ) ) ;
#2021 = STYLED_ITEM ( 'NONE', ( #3416 ), #2455 ) ;
#2022 = ADVANCED_FACE ( 'NONE', ( #2870 ), #1057, .F. ) ;
#2023 = CARTESIAN_POINT ( 'NONE',  ( -1.324999999999999734, 0.2500000000000000000, -2.500000000000000000 ) ) ;
#2024 = EDGE_CURVE ( 'NONE', #1071, #2542, #3423, .T. ) ;
#2025 = ORIENTED_EDGE ( 'NONE', *, *, #1790, .F. ) ;
#2026 = CARTESIAN_POINT ( 'NONE',  ( 0.000000000000000000, 0.2500000000000000000, -2.110000000000000320 ) ) ;
#2027 = CARTESIAN_POINT ( 'NONE',  ( 2.389999999999998792, 0.000000000000000000, 3.615688175219098742E-15 ) ) ;
#2028 = VECTOR ( 'NONE', #2873, 1000.000000000000000 ) ;
#2029 = CARTESIAN_POINT ( 'NONE',  ( -1.500109235373388548E-15, -0.000000000000000000, 2.109999999999997655 ) ) ;
#2030 = EDGE_CURVE ( 'NONE', #1568, #628, #3131, .T. ) ;
#2031 = ORIENTED_EDGE ( 'NONE', *, *, #3323, .F. ) ;
#2032 = VECTOR ( 'NONE', #3311, 1000.000000000000000 ) ;
#2033 = FACE_OUTER_BOUND ( 'NONE', #228, .T. ) ;
#2034 = DIRECTION ( 'NONE',  ( 1.000000000000000000, 0.000000000000000000, 0.000000000000000000 ) ) ;
#2035 = CARTESIAN_POINT ( 'NONE',  ( -2.999999999999999112, 0.000000000000000000, -0.8400000000000003020 ) ) ;
#2036 = ORIENTED_EDGE ( 'NONE', *, *, #2956, .T. ) ;
#2037 = CARTESIAN_POINT ( 'NONE',  ( -2.999999999999999112, 0.2500000000000000000, 0.8399999999999998579 ) ) ;
#2038 = EDGE_CURVE ( 'NONE', #2934, #1437, #2363, .T. ) ;
#2039 = AXIS2_PLACEMENT_3D ( 'NONE', #2306, #3364, #2176 ) ;
#2040 = ORIENTED_EDGE ( 'NONE', *, *, #93, .F. ) ;
#2041 = DIRECTION ( 'NONE',  ( 0.000000000000000000, -1.000000000000000000, 0.000000000000000000 ) ) ;
#2042 = EDGE_CURVE ( 'NONE', #2388, #33, #2392, .T. ) ;
#2043 = ORIENTED_EDGE ( 'NONE', *, *, #206, .F. ) ;
#2044 = VERTEX_POINT ( 'NONE', #2618 ) ;
#2045 = DIRECTION ( 'NONE',  ( 0.000000000000000000, 0.000000000000000000, 1.000000000000000000 ) ) ;
#2046 = ORIENTED_EDGE ( 'NONE', *, *, #3282, .F. ) ;
#2047 = CARTESIAN_POINT ( 'NONE',  ( 0.000000000000000000, 0.2500000000000000000, 0.000000000000000000 ) ) ;
#2048 = DIRECTION ( 'NONE',  ( -1.512840240677447616E-15, 0.000000000000000000, 1.000000000000000000 ) ) ;
#2049 = LINE ( 'NONE', #1791, #1592 ) ;
#2050 = ORIENTED_EDGE ( 'NONE', *, *, #935, .F. ) ;
#2051 = LINE ( 'NONE', #2832, #1894 ) ;
#2052 = DIRECTION ( 'NONE',  ( 0.000000000000000000, 0.000000000000000000, -1.000000000000000000 ) ) ;
#2053 = VERTEX_POINT ( 'NONE', #745 ) ;
#2054 = CARTESIAN_POINT ( 'NONE',  ( -1.074999999999998179, 0.2500000000000000000, 0.000000000000000000 ) ) ;
#2055 = ORIENTED_EDGE ( 'NONE', *, *, #677, .T. ) ;
#2056 = EDGE_CURVE ( 'NONE', #3119, #998, #814, .T. ) ;
#2057 = ORIENTED_EDGE ( 'NONE', *, *, #2929, .F. ) ;
#2058 = CARTESIAN_POINT ( 'NONE',  ( -2.999999999999999112, 0.2500000000000000000, -0.8400000000000003020 ) ) ;
#2059 = ORIENTED_EDGE ( 'NONE', *, *, #2077, .T. ) ;
#2060 = PLANE ( 'NONE',  #1955 ) ;
#2061 = PLANE ( 'NONE',  #1247 ) ;
#2062 = EDGE_CURVE ( 'NONE', #1437, #738, #2938, .T. ) ;
#2063 = FACE_OUTER_BOUND ( 'NONE', #1921, .T. ) ;
#2064 = VERTEX_POINT ( 'NONE', #1299 ) ;
#2065 = CARTESIAN_POINT ( 'NONE',  ( 3.000000000000000000, 0.2500000000000000000, -2.110000000000000320 ) ) ;
#2066 = EDGE_CURVE ( 'NONE', #2104, #869, #1076, .T. ) ;
#2067 = CARTESIAN_POINT ( 'NONE',  ( 2.250000000000005329, 0.2500000000000000000, -2.249999999999995115 ) ) ;
#2068 = EDGE_LOOP ( 'NONE', ( #293, #2820, #649, #63 ) ) ;
#2069 = CARTESIAN_POINT ( 'NONE',  ( -2.199999999999999289, 0.9500000000000000666, -1.800000000000000044 ) ) ;
#2070 = VECTOR ( 'NONE', #1927, 1000.000000000000000 ) ;
#2071 = CARTESIAN_POINT ( 'NONE',  ( -2.199999999999999289, 0.9500000000000000666, -1.800000000000000044 ) ) ;
#2072 = ORIENTED_EDGE ( 'NONE', *, *, #1916, .T. ) ;
#2073 = VECTOR ( 'NONE', #405, 999.9999999999998863 ) ;
#2074 = MECHANICAL_DESIGN_GEOMETRIC_PRESENTATION_REPRESENTATION (  '', ( #1466 ), #1899 ) ;
#2075 = COLOUR_RGB ( '',0.7921568627450980005, 0.8196078431372548767, 0.9333333333333333481 ) ;
#2076 = VECTOR ( 'NONE', #38, 1000.000000000000000 ) ;
#2077 = EDGE_CURVE ( 'NONE', #1121, #3372, #1025, .T. ) ;
#2078 = FACE_OUTER_BOUND ( 'NONE', #1665, .T. ) ;
#2079 = VERTEX_POINT ( 'NONE', #1318 ) ;
#2080 = DIRECTION ( 'NONE',  ( -0.000000000000000000, 0.000000000000000000, 1.000000000000000000 ) ) ;
#2081 = DIRECTION ( 'NONE',  ( 0.000000000000000000, 0.000000000000000000, 1.000000000000000000 ) ) ;
#2082 = EDGE_CURVE ( 'NONE', #575, #2562, #3162, .T. ) ;
#2083 = CARTESIAN_POINT ( 'NONE',  ( 2.390000000000000124, 0.2500000000000000000, -2.110000000000000320 ) ) ;
#2084 = EDGE_LOOP ( 'NONE', ( #1470, #191, #1897, #3432 ) ) ;
#2085 = EDGE_CURVE ( 'NONE', #2227, #135, #1352, .T. ) ;
#2086 = DIRECTION ( 'NONE',  ( -1.000000000000000000, 0.000000000000000000, -7.109522442527915774E-16 ) ) ;
#2087 = LINE ( 'NONE', #3437, #897 ) ;
#2088 = AXIS2_PLACEMENT_3D ( 'NONE', #2205, #1143, #1876 ) ;
#2089 = EDGE_LOOP ( 'NONE', ( #1184, #3450, #2827, #1266 ) ) ;
#2090 = PLANE ( 'NONE',  #2975 ) ;
#2091 = AXIS2_PLACEMENT_3D ( 'NONE', #2298, #3063, #1234 ) ;
#2092 = DIRECTION ( 'NONE',  ( 1.000000000000000000, 0.000000000000000000, 7.109522442527951273E-16 ) ) ;
#2093 = VERTEX_POINT ( 'NONE', #529 ) ;
#2094 = CLOSED_SHELL ( 'NONE', ( #2858, #320, #972, #803, #3430, #3185, #290, #2738, #3261, #1377, #1847, #997, #2746, #2280, #3181, #383, #314, #2852, #210, #2603, #1922, #130, #2435, #2199, #2491, #2565, #724, #26, #1630, #2549 ) ) ;
#2095 = VECTOR ( 'NONE', #1504, 1000.000000000000000 ) ;
#2096 = ADVANCED_FACE ( 'NONE', ( #2133 ), #513, .T. ) ;
#2097 = LINE ( 'NONE', #2058, #811 ) ;
#2098 = ORIENTED_EDGE ( 'NONE', *, *, #716, .T. ) ;
#2099 = SURFACE_STYLE_USAGE ( .BOTH. , #807 ) ;
#2100 = DIRECTION ( 'NONE',  ( 0.000000000000000000, 1.000000000000000000, 0.000000000000000000 ) ) ;
#2101 = ORIENTED_EDGE ( 'NONE', *, *, #1378, .T. ) ;
#2102 = CARTESIAN_POINT ( 'NONE',  ( -1.324999999999999734, 0.2500000000000000000, 0.000000000000000000 ) ) ;
#2103 = DIRECTION ( 'NONE',  ( 0.000000000000000000, 0.000000000000000000, -1.000000000000000000 ) ) ;
#2104 = VERTEX_POINT ( 'NONE', #1282 ) ;
#2105 = CARTESIAN_POINT ( 'NONE',  ( 1.208618815229750533E-15, 0.2500000000000000000, -1.699999999999998401 ) ) ;
#2106 = CARTESIAN_POINT ( 'NONE',  ( -1.324999999999999734, -0.000000000000000000, 0.000000000000000000 ) ) ;
#2107 = CARTESIAN_POINT ( 'NONE',  ( -2.999999999999999112, 0.2500000000000000000, 0.4299999999999998268 ) ) ;
#2108 = PLANE ( 'NONE',  #1760 ) ;
#2109 = CARTESIAN_POINT ( 'NONE',  ( -1.629999999999998561, 0.2500000000000000000, 1.905000000000000027 ) ) ;
#2110 = ORIENTED_EDGE ( 'NONE', *, *, #1389, .F. ) ;
#2111 = LINE ( 'NONE', #1853, #1578 ) ;
#2112 = CARTESIAN_POINT ( 'NONE',  ( 0.000000000000000000, 0.2500000000000000000, -2.110000000000000320 ) ) ;
#2113 = DIRECTION ( 'NONE',  ( -1.000000000000000000, 0.000000000000000000, -0.000000000000000000 ) ) ;
#2114 = CARTESIAN_POINT ( 'NONE',  ( 3.000000000000000000, 0.2500000000000000000, 2.109999999999999876 ) ) ;
#2115 = LINE ( 'NONE', #2885, #2456 ) ;
#2116 = DIRECTION ( 'NONE',  ( -0.7071067811865491270, 0.000000000000000000, 0.7071067811865459074 ) ) ;
#2117 = CARTESIAN_POINT ( 'NONE',  ( 2.289999999999999591, 0.2500000000000000000, -2.209999999999999964 ) ) ;
#2118 = CARTESIAN_POINT ( 'NONE',  ( 0.000000000000000000, 0.000000000000000000, -2.500000000000000000 ) ) ;
#2119 = DIRECTION ( 'NONE',  ( -0.000000000000000000, 0.000000000000000000, -1.000000000000000000 ) ) ;
#2120 = VECTOR ( 'NONE', #1758, 1000.000000000000000 ) ;
#2121 = UNCERTAINTY_MEASURE_WITH_UNIT (LENGTH_MEASURE( 1.000000000000000082E-05 ), #2288, 'distance_accuracy_value', 'NONE');
#2122 = VECTOR ( 'NONE', #632, 1000.000000000000000 ) ;
#2123 = EDGE_CURVE ( 'NONE', #1516, #2804, #2664, .T. ) ;
#2124 = AXIS2_PLACEMENT_3D ( 'NONE', #1845, #1559, #516 ) ;
#2125 = FACE_OUTER_BOUND ( 'NONE', #1534, .T. ) ;
#2126 = VERTEX_POINT ( 'NONE', #3147 ) ;
#2127 = DIRECTION ( 'NONE',  ( 1.000000000000000000, -0.000000000000000000, 5.234079453378299335E-15 ) ) ;
#2128 = ORIENTED_EDGE ( 'NONE', *, *, #1956, .F. ) ;
#2129 = LINE ( 'NONE', #3187, #1362 ) ;
#2130 = EDGE_CURVE ( 'NONE', #1051, #3287, #2377, .T. ) ;
#2131 = VERTEX_POINT ( 'NONE', #3404 ) ;
#2132 = DIRECTION ( 'NONE',  ( -1.000000000000000000, 0.000000000000000000, -7.109522442527915774E-16 ) ) ;
#2133 = FACE_OUTER_BOUND ( 'NONE', #3326, .T. ) ;
#2134 = AXIS2_PLACEMENT_3D ( 'NONE', #1550, #2081, #274 ) ;
#2135 = DIRECTION ( 'NONE',  ( 0.000000000000000000, -0.000000000000000000, -1.000000000000000000 ) ) ;
#2136 = EDGE_CURVE ( 'NONE', #779, #2607, #2087, .T. ) ;
#2137 = EDGE_CURVE ( 'NONE', #2064, #647, #2115, .T. ) ;
#2138 = AXIS2_PLACEMENT_3D ( 'NONE', #1566, #3159, #1856 ) ;
#2139 = DIRECTION ( 'NONE',  ( -0.000000000000000000, 0.000000000000000000, 1.000000000000000000 ) ) ;
#2140 = LINE ( 'NONE', #2118, #1633 ) ;
#2141 = EDGE_LOOP ( 'NONE', ( #2540, #2999, #2195, #625, #2040, #475, #83, #3309, #368, #873, #2414, #116, #384, #1883, #1884, #2931, #1325, #3361, #1482, #686, #2424, #1012, #2297, #14, #1342, #2613, #577, #838 ) ) ;
#2142 = PRESENTATION_LAYER_ASSIGNMENT (  '', '', ( #193 ) ) ;
#2143 = VECTOR ( 'NONE', #3343, 1000.000000000000000 ) ;
#2144 = AXIS2_PLACEMENT_3D ( 'NONE', #604, #2742, #107 ) ;
#2145 = EDGE_CURVE ( 'NONE', #2646, #834, #499, .T. ) ;
#2146 = DIRECTION ( 'NONE',  ( 0.000000000000000000, -1.000000000000000000, 0.000000000000000000 ) ) ;
#2147 = EDGE_LOOP ( 'NONE', ( #379, #1236, #3032, #2474 ) ) ;
#2148 = DIRECTION ( 'NONE',  ( 1.000000000000000000, 0.000000000000000000, 0.000000000000000000 ) ) ;
#2149 = ORIENTED_EDGE ( 'NONE', *, *, #1091, .F. ) ;
#2150 = LINE ( 'NONE', #1653, #2313 ) ;
#2151 = ORIENTED_EDGE ( 'NONE', *, *, #3370, .T. ) ;
#2152 = DIRECTION ( 'NONE',  ( 1.000000000000000000, 0.000000000000000000, 7.109522442527951273E-16 ) ) ;
#2153 = CARTESIAN_POINT ( 'NONE',  ( -2.999999999999999112, 0.2500000000000000000, 0.000000000000000000 ) ) ;
#2154 = FACE_OUTER_BOUND ( 'NONE', #1913, .T. ) ;
#2155 = CARTESIAN_POINT ( 'NONE',  ( 2.390000000000002789, 0.000000000000000000, 3.615688175219103475E-15 ) ) ;
#2156 = LINE ( 'NONE', #2107, #113 ) ;
#2157 = ORIENTED_EDGE ( 'NONE', *, *, #1944, .T. ) ;
#2158 = ADVANCED_FACE ( 'NONE', ( #1858 ), #1889, .F. ) ;
#2159 = EDGE_LOOP ( 'NONE', ( #521, #2871, #41, #2165 ) ) ;
#2160 = DIRECTION ( 'NONE',  ( 0.000000000000000000, 0.000000000000000000, -1.000000000000000000 ) ) ;
#2161 = EDGE_LOOP ( 'NONE', ( #2769, #3081, #2031, #2936 ) ) ;
#2162 = ORIENTED_EDGE ( 'NONE', *, *, #1378, .F. ) ;
#2163 = VERTEX_POINT ( 'NONE', #1939 ) ;
#2164 = FACE_OUTER_BOUND ( 'NONE', #1292, .T. ) ;
#2165 = ORIENTED_EDGE ( 'NONE', *, *, #1273, .T. ) ;
#2166 = FACE_OUTER_BOUND ( 'NONE', #3414, .T. ) ;
#2167 = FACE_OUTER_BOUND ( 'NONE', #1490, .T. ) ;
#2168 = EDGE_CURVE ( 'NONE', #31, #1505, #583, .T. ) ;
#2169 = LINE ( 'NONE', #72, #2580 ) ;
#2170 = EDGE_CURVE ( 'NONE', #3050, #3351, #1670, .T. ) ;
#2171 = DIRECTION ( 'NONE',  ( 0.000000000000000000, 0.000000000000000000, 1.000000000000000000 ) ) ;
#2172 = CARTESIAN_POINT ( 'NONE',  ( 2.390000000000002789, 0.2500000000000000000, 3.615688175219103475E-15 ) ) ;
#2173 = CARTESIAN_POINT ( 'NONE',  ( -2.999999999999999112, 0.000000000000000000, 2.500000000000000000 ) ) ;
#2174 = VECTOR ( 'NONE', #321, 1000.000000000000000 ) ;
#2175 = ORIENTED_EDGE ( 'NONE', *, *, #1191, .F. ) ;
#2176 = DIRECTION ( 'NONE',  ( 1.053902476292106240E-16, 0.000000000000000000, -1.000000000000000000 ) ) ;
#2177 = VERTEX_POINT ( 'NONE', #1112 ) ;
#2178 = AXIS2_PLACEMENT_3D ( 'NONE', #127, #1461, #969 ) ;
#2179 = ORIENTED_EDGE ( 'NONE', *, *, #2082, .T. ) ;
#2180 = ORIENTED_EDGE ( 'NONE', *, *, #2910, .F. ) ;
#2181 = LINE ( 'NONE', #3239, #3301 ) ;
#2182 = AXIS2_PLACEMENT_3D ( 'NONE', #3228, #2467, #1145 ) ;
#2183 = VERTEX_POINT ( 'NONE', #2757 ) ;
#2184 = DIRECTION ( 'NONE',  ( 0.000000000000000000, 0.000000000000000000, 1.000000000000000000 ) ) ;
#2185 = DIRECTION ( 'NONE',  ( 0.000000000000000000, -1.000000000000000000, 0.000000000000000000 ) ) ;
#2186 = CARTESIAN_POINT ( 'NONE',  ( 2.390000000000001457, 0.2500000000000000000, -1.700000000000000622 ) ) ;
#2187 = EDGE_CURVE ( 'NONE', #3273, #439, #3208, .T. ) ;
#2188 = LINE ( 'NONE', #3245, #2570 ) ;
#2189 = CARTESIAN_POINT ( 'NONE',  ( -2.999999999999999112, -0.000000000000000000, 0.000000000000000000 ) ) ;
#2190 =( LENGTH_UNIT ( ) NAMED_UNIT ( * ) SI_UNIT ( .MILLI., .METRE. ) );
#2191 = VECTOR ( 'NONE', #1038, 1000.000000000000000 ) ;
#2192 = COLOUR_RGB ( '',0.7921568627450980005, 0.8196078431372548767, 0.9333333333333333481 ) ;
#2193 = ORIENTED_EDGE ( 'NONE', *, *, #1525, .F. ) ;
#2194 = DIRECTION ( 'NONE',  ( -1.000000000000000000, 0.000000000000000000, -0.000000000000000000 ) ) ;
#2195 = ORIENTED_EDGE ( 'NONE', *, *, #1579, .T. ) ;
#2196 = VECTOR ( 'NONE', #39, 1000.000000000000000 ) ;
#2197 = ORIENTED_EDGE ( 'NONE', *, *, #1049, .T. ) ;
#2198 = EDGE_LOOP ( 'NONE', ( #346, #119, #2050, #1870, #2576, #2682, #663, #2766, #2997, #3445, #1664, #3107, #233, #823, #2713, #186, #3394, #3365, #2702, #1933 ) ) ;
#2199 = ADVANCED_FACE ( 'NONE', ( #1096 ), #301, .F. ) ;
#2200 = DIRECTION ( 'NONE',  ( 0.000000000000000000, -1.000000000000000000, 0.000000000000000000 ) ) ;
#2201 = VECTOR ( 'NONE', #414, 1000.000000000000000 ) ;
#2202 = ORIENTED_EDGE ( 'NONE', *, *, #2247, .T. ) ;
#2203 = DIRECTION ( 'NONE',  ( -0.000000000000000000, 0.000000000000000000, 1.000000000000000000 ) ) ;
#2204 = LINE ( 'NONE', #1639, #3340 ) ;
#2205 = CARTESIAN_POINT ( 'NONE',  ( -2.999999999999999112, 0.2500000000000000000, 0.000000000000000000 ) ) ;
#2206 = EDGE_CURVE ( 'NONE', #3351, #1497, #562, .T. ) ;
#2207 = LINE ( 'NONE', #879, #455 ) ;
#2208 = CARTESIAN_POINT ( 'NONE',  ( -5.971998851723433710E-16, -0.000000000000000000, 0.8399999999999978595 ) ) ;
#2209 = DIRECTION ( 'NONE',  ( 0.000000000000000000, -1.000000000000000000, 0.000000000000000000 ) ) ;
#2210 = EDGE_CURVE ( 'NONE', #2320, #1787, #3277, .T. ) ;
#2211 = ORIENTED_EDGE ( 'NONE', *, *, #93, .T. ) ;
#2212 = PRODUCT_DEFINITION_CONTEXT ( 'detailed design', #770, 'design' ) ;
#2213 = ORIENTED_EDGE ( 'NONE', *, *, #1358, .T. ) ;
#2214 = ORIENTED_EDGE ( 'NONE', *, *, #2662, .F. ) ;
#2215 = PLANE ( 'NONE',  #17 ) ;
#2216 = ORIENTED_EDGE ( 'NONE', *, *, #983, .F. ) ;
#2217 = LINE ( 'NONE', #3276, #55 ) ;
#2218 = CARTESIAN_POINT ( 'NONE',  ( -2.999999999999999112, 0.000000000000000000, 2.500000000000000000 ) ) ;
#2219 = CARTESIAN_POINT ( 'NONE',  ( 0.000000000000000000, 0.2500000000000000000, -2.209999999999999964 ) ) ;
#2220 = FACE_OUTER_BOUND ( 'NONE', #609, .T. ) ;
#2221 = CARTESIAN_POINT ( 'NONE',  ( -1.324999999999998179, 0.2500000000000000000, 2.209999999999999964 ) ) ;
#2222 = DIRECTION ( 'NONE',  ( 1.000000000000000000, 0.000000000000000000, 0.000000000000000000 ) ) ;
#2223 = ADVANCED_FACE ( 'NONE', ( #2167 ), #614, .T. ) ;
#2224 = EDGE_CURVE ( 'NONE', #2064, #69, #2204, .T. ) ;
#2225 = LINE ( 'NONE', #2486, #2255 ) ;
#2226 = ORIENTED_EDGE ( 'NONE', *, *, #2874, .F. ) ;
#2227 = VERTEX_POINT ( 'NONE', #2990 ) ;
#2228 = ORIENTED_EDGE ( 'NONE', *, *, #222, .T. ) ;
#2229 = CARTESIAN_POINT ( 'NONE',  ( -1.767499999999999405, -0.000000000000000000, 1.767500000000000515 ) ) ;
#2230 = AXIS2_PLACEMENT_3D ( 'NONE', #545, #1602, #3402 ) ;
#2231 = EDGE_LOOP ( 'NONE', ( #2894, #2226, #1438, #594 ) ) ;
#2232 = PLANE ( 'NONE',  #2506 ) ;
#2233 = PLANE ( 'NONE',  #2961 ) ;
#2234 = VECTOR ( 'NONE', #1536, 1000.000000000000000 ) ;
#2235 = VECTOR ( 'NONE', #2788, 1000.000000000000114 ) ;
#2236 = LINE ( 'NONE', #2219, #2631 ) ;
#2237 = CARTESIAN_POINT ( 'NONE',  ( 0.000000000000000000, 0.2500000000000000000, -2.500000000000000000 ) ) ;
#2238 = DIRECTION ( 'NONE',  ( 0.000000000000000000, -1.000000000000000000, 0.000000000000000000 ) ) ;
#2239 = EDGE_CURVE ( 'NONE', #2965, #438, #2409, .T. ) ;
#2240 = EDGE_CURVE ( 'NONE', #1823, #2010, #2972, .T. ) ;
#2241 = CARTESIAN_POINT ( 'NONE',  ( 2.390000000000000124, 0.2500000000000000000, 0.4299999999999998268 ) ) ;
#2242 = CARTESIAN_POINT ( 'NONE',  ( 3.000000000000000000, 0.2500000000000000000, 1.699999999999999734 ) ) ;
#2243 = VECTOR ( 'NONE', #334, 1000.000000000000000 ) ;
#2244 = ORIENTED_EDGE ( 'NONE', *, *, #3154, .T. ) ;
#2245 = ORIENTED_EDGE ( 'NONE', *, *, #106, .F. ) ;
#2246 = EDGE_LOOP ( 'NONE', ( #1350, #2546, #2440, #3219 ) ) ;
#2247 = EDGE_CURVE ( 'NONE', #1996, #661, #1405, .T. ) ;
#2248 = VECTOR ( 'NONE', #129, 1000.000000000000000 ) ;
#2249 = LINE ( 'NONE', #1702, #302 ) ;
#2250 = ORIENTED_EDGE ( 'NONE', *, *, #437, .T. ) ;
#2251 = CARTESIAN_POINT ( 'NONE',  ( 2.390000000000000568, 0.2500000000000000000, 3.615688175219100320E-15 ) ) ;
#2252 = DIRECTION ( 'NONE',  ( 0.000000000000000000, 0.000000000000000000, -1.000000000000000000 ) ) ;
#2253 = CLOSED_SHELL ( 'NONE', ( #923, #3363, #3019, #1605, #2535, #1871 ) ) ;
#2254 = CARTESIAN_POINT ( 'NONE',  ( -2.999999999999999112, -0.000000000000000000, 0.000000000000000000 ) ) ;
#2255 = VECTOR ( 'NONE', #2209, 1000.000000000000000 ) ;
#2256 = DIRECTION ( 'NONE',  ( 0.000000000000000000, -1.000000000000000000, 0.000000000000000000 ) ) ;
#2257 = CARTESIAN_POINT ( 'NONE',  ( -2.199999999999999289, 0.9500000000000000666, -1.800000000000000044 ) ) ;
#2258 = CARTESIAN_POINT ( 'NONE',  ( 0.000000000000000000, -0.000000000000000000, -2.209999999999999964 ) ) ;
#2259 = ORIENTED_EDGE ( 'NONE', *, *, #2206, .F. ) ;
#2260 = CARTESIAN_POINT ( 'NONE',  ( -2.390000000000000568, 0.2500000000000000000, 1.699999999999999734 ) ) ;
#2261 = ADVANCED_FACE ( 'NONE', ( #3023 ), #633, .F. ) ;
#2262 = CARTESIAN_POINT ( 'NONE',  ( -2.390000000000000568, 0.2500000000000000000, 0.000000000000000000 ) ) ;
#2263 = ORIENTED_EDGE ( 'NONE', *, *, #329, .T. ) ;
#2264 = ORIENTED_EDGE ( 'NONE', *, *, #1525, .T. ) ;
#2265 = ORIENTED_EDGE ( 'NONE', *, *, #57, .F. ) ;
#2266 = ADVANCED_FACE ( 'NONE', ( #827 ), #1374, .T. ) ;
#2267 = LINE ( 'NONE', #1684, #2525 ) ;
#2268 = EDGE_LOOP ( 'NONE', ( #2211, #1030, #2886, #1680 ) ) ;
#2269 = LINE ( 'NONE', #1189, #2575 ) ;
#2270 = CARTESIAN_POINT ( 'NONE',  ( 2.390000000000000124, 0.000000000000000000, 0.4299999999999998268 ) ) ;
#2271 = CARTESIAN_POINT ( 'NONE',  ( -2.199999999999999289, 0.9500000000000000666, -1.800000000000000044 ) ) ;
#2272 = CARTESIAN_POINT ( 'NONE',  ( 2.390000000000000124, 0.000000000000000000, -2.110000000000000320 ) ) ;
#2273 = CARTESIAN_POINT ( 'NONE',  ( 0.000000000000000000, 0.2500000000000000000, 2.500000000000000000 ) ) ;
#2274 = PRESENTATION_STYLE_ASSIGNMENT (( #1995 ) ) ;
#2275 = ORIENTED_EDGE ( 'NONE', *, *, #1776, .F. ) ;
#2276 = DIRECTION ( 'NONE',  ( -0.000000000000000000, -1.000000000000000000, -0.000000000000000000 ) ) ;
#2277 = EDGE_CURVE ( 'NONE', #1280, #2714, #351, .T. ) ;
#2278 = DIRECTION ( 'NONE',  ( 1.000000000000000000, 0.000000000000000000, 0.000000000000000000 ) ) ;
#2279 = EDGE_LOOP ( 'NONE', ( #3183, #1792, #3237, #1017, #43, #345, #212, #2443, #2101, #1721, #1103, #400, #3306, #3062, #2000, #939, #1948, #2668, #2843, #2970, #3400, #2428, #1185, #380, #2878, #2193, #2836, #494 ) ) ;
#2280 = ADVANCED_FACE ( 'NONE', ( #2480 ), #843, .T. ) ;
#2281 = DIRECTION ( 'NONE',  ( -1.512840240677447616E-15, 0.000000000000000000, 1.000000000000000000 ) ) ;
#2282 = ORIENTED_EDGE ( 'NONE', *, *, #3214, .T. ) ;
#2283 = ORIENTED_EDGE ( 'NONE', *, *, #755, .T. ) ;
#2284 = EDGE_CURVE ( 'NONE', #1118, #690, #877, .T. ) ;
#2285 = DIRECTION ( 'NONE',  ( -1.000000000000000000, 0.000000000000000000, -2.843808977011173804E-15 ) ) ;
#2286 = CARTESIAN_POINT ( 'NONE',  ( -2.199999999999999289, 0.9500000000000000666, -1.500000000000000000 ) ) ;
#2287 = VERTEX_POINT ( 'NONE', #2528 ) ;
#2288 =( LENGTH_UNIT ( ) NAMED_UNIT ( * ) SI_UNIT ( .MILLI., .METRE. ) );
#2289 = LINE ( 'NONE', #927, #117 ) ;
#2290 = EDGE_CURVE ( 'NONE', #506, #834, #911, .T. ) ;
#2291 = DIRECTION ( 'NONE',  ( 0.000000000000000000, 0.000000000000000000, -1.000000000000000000 ) ) ;
#2292 = EDGE_LOOP ( 'NONE', ( #715, #1222, #1154, #1637 ) ) ;
#2293 = AXIS2_PLACEMENT_3D ( 'NONE', #2257, #3318, #3060 ) ;
#2294 = AXIS2_PLACEMENT_3D ( 'NONE', #1669, #1391, #1125 ) ;
#2295 = LINE ( 'NONE', #1250, #1013 ) ;
#2296 = LINE ( 'NONE', #2814, #284 ) ;
#2297 = ORIENTED_EDGE ( 'NONE', *, *, #645, .T. ) ;
#2298 = CARTESIAN_POINT ( 'NONE',  ( 3.057094650286992423E-16, 0.2500000000000000000, -0.4299999999999983835 ) ) ;
#2299 = VECTOR ( 'NONE', #1098, 1000.000000000000000 ) ;
#2300 = EDGE_CURVE ( 'NONE', #1947, #2183, #443, .T. ) ;
#2301 = VECTOR ( 'NONE', #1395, 1000.000000000000000 ) ;
#2302 = ORIENTED_EDGE ( 'NONE', *, *, #819, .T. ) ;
#2303 = PLANE ( 'NONE',  #2695 ) ;
#2304 = ORIENTED_EDGE ( 'NONE', *, *, #3141, .F. ) ;
#2305 = ORIENTED_EDGE ( 'NONE', *, *, #2833, .F. ) ;
#2306 = CARTESIAN_POINT ( 'NONE',  ( -1.629999999999998339, 0.2500000000000000000, -1.717861036356131604E-16 ) ) ;
#2307 = ORIENTED_EDGE ( 'NONE', *, *, #3409, .F. ) ;
#2308 = DIRECTION ( 'NONE',  ( 0.000000000000000000, -0.000000000000000000, -1.000000000000000000 ) ) ;
#2309 = CARTESIAN_POINT ( 'NONE',  ( 2.290000000000004032, 0.2500000000000000000, 2.209999999999999964 ) ) ;
#2310 = VECTOR ( 'NONE', #3192, 1000.000000000000000 ) ;
#2311 = CARTESIAN_POINT ( 'NONE',  ( -1.074999999999998179, 0.2500000000000000000, 2.209999999999999964 ) ) ;
#2312 = VERTEX_POINT ( 'NONE', #2309 ) ;
#2313 = VECTOR ( 'NONE', #1329, 1000.000000000000000 ) ;
#2314 = DIRECTION ( 'NONE',  ( 5.234079453378299335E-15, 0.000000000000000000, -1.000000000000000000 ) ) ;
#2315 = PLANE ( 'NONE',  #1744 ) ;
#2316 = ORIENTED_EDGE ( 'NONE', *, *, #377, .T. ) ;
#2317 = PRESENTATION_LAYER_ASSIGNMENT (  '', '', ( #865 ) ) ;
#2318 = CARTESIAN_POINT ( 'NONE',  ( 2.390000000000001457, 0.2500000000000000000, -0.4300000000000004929 ) ) ;
#2319 = EDGE_CURVE ( 'NONE', #3410, #439, #143, .T. ) ;
#2320 = VERTEX_POINT ( 'NONE', #2845 ) ;
#2321 = EDGE_CURVE ( 'NONE', #506, #1802, #723, .T. ) ;
#2322 = EDGE_CURVE ( 'NONE', #699, #1233, #1736, .T. ) ;
#2323 = ORIENTED_EDGE ( 'NONE', *, *, #1288, .T. ) ;
#2324 = EDGE_CURVE ( 'NONE', #3018, #1988, #3057, .T. ) ;
#2325 = PLANE ( 'NONE',  #2370 ) ;
#2326 = ORIENTED_EDGE ( 'NONE', *, *, #590, .T. ) ;
#2327 = DIRECTION ( 'NONE',  ( -1.512840240677447616E-15, 0.000000000000000000, 1.000000000000000000 ) ) ;
#2328 = DIRECTION ( 'NONE',  ( 0.000000000000000000, -0.000000000000000000, -1.000000000000000000 ) ) ;
#2329 = PLANE ( 'NONE',  #973 ) ;
#2330 = ORIENTED_EDGE ( 'NONE', *, *, #655, .F. ) ;
#2331 = DIRECTION ( 'NONE',  ( 1.000000000000000000, 0.000000000000000000, 7.109522442527915774E-16 ) ) ;
#2332 = LINE ( 'NONE', #448, #3073 ) ;
#2333 = EDGE_LOOP ( 'NONE', ( #1519, #2594, #1107, #1400 ) ) ;
#2334 = DIRECTION ( 'NONE',  ( 1.000000000000000000, 0.000000000000000000, -0.000000000000000000 ) ) ;
#2335 = ADVANCED_FACE ( 'NONE', ( #1510 ), #3109, .F. ) ;
#2336 = VERTEX_POINT ( 'NONE', #179 ) ;
#2337 = ORIENTED_EDGE ( 'NONE', *, *, #769, .F. ) ;
#2338 = EDGE_CURVE ( 'NONE', #1328, #3410, #1209, .T. ) ;
#2339 = CARTESIAN_POINT ( 'NONE',  ( -2.390000000000000568, 0.2500000000000000000, 1.699999999999999734 ) ) ;
#2340 = ORIENTED_EDGE ( 'NONE', *, *, #668, .T. ) ;
#2341 = CARTESIAN_POINT ( 'NONE',  ( 2.250000000000031974, 0.000000000000000000, 2.249999999999972911 ) ) ;
#2342 = CARTESIAN_POINT ( 'NONE',  ( -2.390000000000000568, 0.000000000000000000, -2.110000000000000320 ) ) ;
#2343 = ORIENTED_EDGE ( 'NONE', *, *, #3124, .T. ) ;
#2344 = PLANE ( 'NONE',  #734 ) ;
#2345 = DIRECTION ( 'NONE',  ( -0.000000000000000000, -1.000000000000000000, -0.000000000000000000 ) ) ;
#2346 = VERTEX_POINT ( 'NONE', #2270 ) ;
#2347 = CARTESIAN_POINT ( 'NONE',  ( 0.000000000000000000, 0.000000000000000000, 0.000000000000000000 ) ) ;
#2348 = AXIS2_PLACEMENT_3D ( 'NONE', #2102, #3161, #777 ) ;
#2349 = DIRECTION ( 'NONE',  ( 1.000000000000000000, 0.000000000000000000, 0.000000000000000000 ) ) ;
#2350 = ORIENTED_EDGE ( 'NONE', *, *, #1677, .T. ) ;
#2351 = VECTOR ( 'NONE', #3333, 1000.000000000000000 ) ;
#2352 = COLOUR_RGB ( '',0.7921568627450980005, 0.8196078431372548767, 0.9333333333333333481 ) ;
#2353 = EDGE_CURVE ( 'NONE', #1136, #1471, #1723, .T. ) ;
#2354 = VECTOR ( 'NONE', #105, 1000.000000000000000 ) ;
#2355 = PLANE ( 'NONE',  #1201 ) ;
#2356 = ORIENTED_EDGE ( 'NONE', *, *, #2780, .T. ) ;
#2357 = CARTESIAN_POINT ( 'NONE',  ( -2.999999999999999112, 0.2500000000000000000, -2.110000000000000320 ) ) ;
#2358 = SURFACE_STYLE_FILL_AREA ( #2386 ) ;
#2359 = ADVANCED_FACE ( 'NONE', ( #3041 ), #2233, .T. ) ;
#2360 = LINE ( 'NONE', #1808, #858 ) ;
#2361 = EDGE_LOOP ( 'NONE', ( #478, #3087, #3396, #764 ) ) ;
#2362 = DIRECTION ( 'NONE',  ( 0.000000000000000000, -1.000000000000000000, 0.000000000000000000 ) ) ;
#2363 = LINE ( 'NONE', #2067, #3284 ) ;
#2364 = VECTOR ( 'NONE', #725, 1000.000000000000000 ) ;
#2365 = VERTEX_POINT ( 'NONE', #124 ) ;
#2366 = DIRECTION ( 'NONE',  ( 0.000000000000000000, -0.000000000000000000, -1.000000000000000000 ) ) ;
#2367 = CARTESIAN_POINT ( 'NONE',  ( -2.390000000000000568, 0.2500000000000000000, 0.000000000000000000 ) ) ;
#2368 = DIRECTION ( 'NONE',  ( 0.000000000000000000, -1.000000000000000000, 0.000000000000000000 ) ) ;
#2369 = ORIENTED_EDGE ( 'NONE', *, *, #2324, .F. ) ;
#2370 = AXIS2_PLACEMENT_3D ( 'NONE', #3381, #962, #2045 ) ;
#2371 = DIRECTION ( 'NONE',  ( 1.512840240677447616E-15, 0.000000000000000000, -1.000000000000000000 ) ) ;
#2372 = ORIENTED_EDGE ( 'NONE', *, *, #1415, .F. ) ;
#2373 = CARTESIAN_POINT ( 'NONE',  ( 2.390000000000000124, 0.2500000000000000000, 1.699999999999999734 ) ) ;
#2374 = FACE_OUTER_BOUND ( 'NONE', #1262, .T. ) ;
#2375 = CARTESIAN_POINT ( 'NONE',  ( 2.390000000000001457, 0.2500000000000000000, -1.700000000000000622 ) ) ;
#2376 = CARTESIAN_POINT ( 'NONE',  ( -2.999999999999999112, 1.050000000000000044, 2.500000000000000000 ) ) ;
#2377 = LINE ( 'NONE', #3388, #234 ) ;
#2378 = FACE_OUTER_BOUND ( 'NONE', #2141, .T. ) ;
#2379 = LINE ( 'NONE', #2412, #1521 ) ;
#2380 = LINE ( 'NONE', #1574, #462 ) ;
#2381 = ORIENTED_EDGE ( 'NONE', *, *, #359, .F. ) ;
#2382 = EDGE_CURVE ( 'NONE', #2458, #2407, #1752, .T. ) ;
#2383 = DIRECTION ( 'NONE',  ( -0.000000000000000000, -1.000000000000000000, -0.000000000000000000 ) ) ;
#2384 = ORIENTED_EDGE ( 'NONE', *, *, #2898, .T. ) ;
#2385 = CARTESIAN_POINT ( 'NONE',  ( 2.290000000000004032, 0.000000000000000000, 2.209999999999999964 ) ) ;
#2386 = FILL_AREA_STYLE ('',( #1294 ) ) ;
#2387 = EDGE_CURVE ( 'NONE', #1968, #1781, #706, .T. ) ;
#2388 = VERTEX_POINT ( 'NONE', #1171 ) ;
#2389 = LINE ( 'NONE', #3449, #3142 ) ;
#2390 = EDGE_LOOP ( 'NONE', ( #1474, #3257, #871, #1681 ) ) ;
#2391 = FACE_OUTER_BOUND ( 'NONE', #2292, .T. ) ;
#2392 = LINE ( 'NONE', #3452, #58 ) ;
#2393 = ADVANCED_FACE ( 'NONE', ( #944 ), #2809, .T. ) ;
#2394 = CARTESIAN_POINT ( 'NONE',  ( -1.074999999999998179, 0.2500000000000000000, 2.500000000000000000 ) ) ;
#2395 = PLANE ( 'NONE',  #1179 ) ;
#2396 = DIRECTION ( 'NONE',  ( -0.000000000000000000, -0.000000000000000000, 1.000000000000000000 ) ) ;
#2397 = CARTESIAN_POINT ( 'NONE',  ( 3.000000000000000000, 0.2500000000000000000, -1.700000000000000400 ) ) ;
#2398 = EDGE_CURVE ( 'NONE', #1451, #2388, #2509, .T. ) ;
#2399 = VECTOR ( 'NONE', #602, 1000.000000000000000 ) ;
#2400 = VECTOR ( 'NONE', #2048, 1000.000000000000000 ) ;
#2401 = VECTOR ( 'NONE', #2080, 1000.000000000000000 ) ;
#2402 = LINE ( 'NONE', #8, #481 ) ;
#2403 = ORIENTED_EDGE ( 'NONE', *, *, #2577, .F. ) ;
#2404 =( NAMED_UNIT ( * ) SI_UNIT ( $, .STERADIAN. ) SOLID_ANGLE_UNIT ( ) );
#2405 = ORIENTED_EDGE ( 'NONE', *, *, #2759, .T. ) ;
#2406 = LINE ( 'NONE', #366, #2470 ) ;
#2407 = VERTEX_POINT ( 'NONE', #1495 ) ;
#2408 = LINE ( 'NONE', #762, #175 ) ;
#2409 = LINE ( 'NONE', #599, #457 ) ;
#2410 = PLANE ( 'NONE',  #2861 ) ;
#2411 = VECTOR ( 'NONE', #32, 1000.000000000000000 ) ;
#2412 = CARTESIAN_POINT ( 'NONE',  ( 3.000000000000000000, 0.2500000000000000000, 0.000000000000000000 ) ) ;
#2413 = LINE ( 'NONE', #223, #1958 ) ;
#2414 = ORIENTED_EDGE ( 'NONE', *, *, #2319, .T. ) ;
#2415 = EDGE_CURVE ( 'NONE', #2966, #2984, #1226, .T. ) ;
#2416 = VECTOR ( 'NONE', #411, 1000.000000000000000 ) ;
#2417 = STYLED_ITEM ( 'NONE', ( #1146 ), #111 ) ;
#2418 = VECTOR ( 'NONE', #361, 1000.000000000000000 ) ;
#2419 = ORIENTED_EDGE ( 'NONE', *, *, #1522, .F. ) ;
#2420 = CARTESIAN_POINT ( 'NONE',  ( 0.000000000000000000, 0.2500000000000000000, 0.000000000000000000 ) ) ;
#2421 = EDGE_CURVE ( 'NONE', #1608, #3328, #2289, .T. ) ;
#2422 = ORIENTED_EDGE ( 'NONE', *, *, #3204, .T. ) ;
#2423 = MANIFOLD_SOLID_BREP ( 'Pin 2', #2980 ) ;
#2424 = ORIENTED_EDGE ( 'NONE', *, *, #2780, .F. ) ;
#2425 = ORIENTED_EDGE ( 'NONE', *, *, #2321, .T. ) ;
#2426 = EDGE_CURVE ( 'NONE', #2934, #1937, #1053, .T. ) ;
#2427 = DIRECTION ( 'NONE',  ( 0.000000000000000000, -1.000000000000000000, 0.000000000000000000 ) ) ;
#2428 = ORIENTED_EDGE ( 'NONE', *, *, #2145, .F. ) ;
#2429 = DIRECTION ( 'NONE',  ( 0.000000000000000000, 0.000000000000000000, -1.000000000000000000 ) ) ;
#2430 = CARTESIAN_POINT ( 'NONE',  ( 1.208618815229750533E-15, 0.2500000000000000000, -1.699999999999998401 ) ) ;
#2431 = CARTESIAN_POINT ( 'NONE',  ( -1.629999999999998561, 0.2500000000000000000, 1.905000000000000027 ) ) ;
#2432 = FACE_OUTER_BOUND ( 'NONE', #11, .T. ) ;
#2433 = CARTESIAN_POINT ( 'NONE',  ( -2.199999999999999289, 1.050000000000000044, -2.100000000000000089 ) ) ;
#2434 = CARTESIAN_POINT ( 'NONE',  ( -1.767499999999999405, -0.000000000000000000, 1.767500000000000515 ) ) ;
#2435 = ADVANCED_FACE ( 'NONE', ( #2881 ), #2061, .T. ) ;
#2436 = ORIENTED_EDGE ( 'NONE', *, *, #1714, .T. ) ;
#2437 = DIRECTION ( 'NONE',  ( -0.000000000000000000, 0.000000000000000000, 1.000000000000000000 ) ) ;
#2438 = ORIENTED_EDGE ( 'NONE', *, *, #2426, .F. ) ;
#2439 = EDGE_LOOP ( 'NONE', ( #905, #1546 ) ) ;
#2440 = ORIENTED_EDGE ( 'NONE', *, *, #1108, .T. ) ;
#2441 = EDGE_CURVE ( 'NONE', #730, #2458, #2645, .T. ) ;
#2442 = CARTESIAN_POINT ( 'NONE',  ( -2.390000000000000568, 0.2500000000000000000, -0.8400000000000003020 ) ) ;
#2443 = ORIENTED_EDGE ( 'NONE', *, *, #2786, .T. ) ;
#2444 = FACE_OUTER_BOUND ( 'NONE', #1256, .T. ) ;
#2445 = CARTESIAN_POINT ( 'NONE',  ( 0.000000000000000000, 0.2500000000000000000, -2.110000000000000320 ) ) ;
#2446 = DIRECTION ( 'NONE',  ( 7.109522442527915774E-16, 0.000000000000000000, -1.000000000000000000 ) ) ;
#2447 = DIRECTION ( 'NONE',  ( -0.7071067811865567876, 0.000000000000000000, -0.7071067811865383579 ) ) ;
#2448 = LINE ( 'NONE', #1380, #2076 ) ;
#2449 = EDGE_CURVE ( 'NONE', #2312, #631, #230, .T. ) ;
#2450 = AXIS2_PLACEMENT_3D ( 'NONE', #2445, #1392, #16 ) ;
#2451 = VECTOR ( 'NONE', #1710, 1000.000000000000000 ) ;
#2452 = VERTEX_POINT ( 'NONE', #1327 ) ;
#2453 = CARTESIAN_POINT ( 'NONE',  ( 3.057094650286992423E-16, 0.000000000000000000, -0.4299999999999983835 ) ) ;
#2454 = ORIENTED_EDGE ( 'NONE', *, *, #2449, .T. ) ;
#2455 = MANIFOLD_SOLID_BREP ( 'Pin 5', #2094 ) ;
#2456 = VECTOR ( 'NONE', #2919, 1000.000000000000000 ) ;
#2457 = VECTOR ( 'NONE', #555, 1000.000000000000000 ) ;
#2458 = VERTEX_POINT ( 'NONE', #2583 ) ;
#2459 = ORIENTED_EDGE ( 'NONE', *, *, #3307, .F. ) ;
#2460 = EDGE_CURVE ( 'NONE', #1988, #3135, #2627, .T. ) ;
#2461 = CARTESIAN_POINT ( 'NONE',  ( -2.999999999999999112, 0.2500000000000000000, -1.700000000000000400 ) ) ;
#2462 = ORIENTED_EDGE ( 'NONE', *, *, #2662, .T. ) ;
#2463 = PLANE ( 'NONE',  #844 ) ;
#2464 = CARTESIAN_POINT ( 'NONE',  ( -2.390000000000000568, 0.2500000000000000000, 0.000000000000000000 ) ) ;
#2465 = CARTESIAN_POINT ( 'NONE',  ( -2.390000000000000568, 0.000000000000000000, -0.8400000000000003020 ) ) ;
#2466 = CARTESIAN_POINT ( 'NONE',  ( -2.390000000000000568, -0.000000000000000000, 0.000000000000000000 ) ) ;
#2467 = DIRECTION ( 'NONE',  ( 0.000000000000000000, -1.000000000000000000, 0.000000000000000000 ) ) ;
#2468 = SURFACE_STYLE_USAGE ( .BOTH. , #1176 ) ;
#2469 = VECTOR ( 'NONE', #200, 1000.000000000000000 ) ;
#2470 = VECTOR ( 'NONE', #941, 1000.000000000000000 ) ;
#2471 = DIRECTION ( 'NONE',  ( 0.000000000000000000, 1.000000000000000000, 0.000000000000000000 ) ) ;
#2472 = ORIENTED_EDGE ( 'NONE', *, *, #1527, .F. ) ;
#2473 = VECTOR ( 'NONE', #2835, 1000.000000000000000 ) ;
#2474 = ORIENTED_EDGE ( 'NONE', *, *, #753, .T. ) ;
#2475 = ORIENTED_EDGE ( 'NONE', *, *, #392, .F. ) ;
#2476 = CARTESIAN_POINT ( 'NONE',  ( 0.000000000000000000, 0.2500000000000000000, 0.4299999999999998268 ) ) ;
#2477 = AXIS2_PLACEMENT_3D ( 'NONE', #853, #3216, #2371 ) ;
#2478 = ORIENTED_EDGE ( 'NONE', *, *, #668, .F. ) ;
#2479 = LINE ( 'NONE', #87, #3176 ) ;
#2480 = FACE_OUTER_BOUND ( 'NONE', #2246, .T. ) ;
#2481 = DIRECTION ( 'NONE',  ( 0.000000000000000000, 1.000000000000000000, 0.000000000000000000 ) ) ;
#2482 = CARTESIAN_POINT ( 'NONE',  ( -1.500109235373391309E-15, -0.000000000000000000, 2.110000000000001652 ) ) ;
#2483 = CARTESIAN_POINT ( 'NONE',  ( -1.324999999999998179, 0.2500000000000000000, 2.209999999999999964 ) ) ;
#2484 = FILL_AREA_STYLE ('',( #1712 ) ) ;
#2485 = ADVANCED_FACE ( 'NONE', ( #2374 ), #1869, .F. ) ;
#2486 = CARTESIAN_POINT ( 'NONE',  ( -2.390000000000000568, 0.2500000000000000000, 2.109999999999999876 ) ) ;
#2487 = ORIENTED_EDGE ( 'NONE', *, *, #1783, .F. ) ;
#2488 = ORIENTED_EDGE ( 'NONE', *, *, #693, .F. ) ;
#2489 = ORIENTED_EDGE ( 'NONE', *, *, #2773, .T. ) ;
#2490 = CARTESIAN_POINT ( 'NONE',  ( 2.390000000000000124, 0.2500000000000000000, 1.699999999999999734 ) ) ;
#2491 = ADVANCED_FACE ( 'NONE', ( #740 ), #480, .F. ) ;
#2492 = ORIENTED_EDGE ( 'NONE', *, *, #895, .F. ) ;
#2493 = ADVANCED_FACE ( 'NONE', ( #1613 ), #2933, .T. ) ;
#2494 = CARTESIAN_POINT ( 'NONE',  ( -2.999999999999999112, -0.000000000000000000, 2.109999999999999876 ) ) ;
#2495 = DIRECTION ( 'NONE',  ( -1.512840240677447616E-15, 0.000000000000000000, 1.000000000000000000 ) ) ;
#2496 = DIRECTION ( 'NONE',  ( 0.000000000000000000, -1.000000000000000000, 0.000000000000000000 ) ) ;
#2497 = CARTESIAN_POINT ( 'NONE',  ( -1.074999999999998179, -0.000000000000000000, 0.000000000000000000 ) ) ;
#2498 = DIRECTION ( 'NONE',  ( 0.000000000000000000, 0.000000000000000000, -1.000000000000000000 ) ) ;
#2499 = LINE ( 'NONE', #187, #3362 ) ;
#2500 = EDGE_CURVE ( 'NONE', #2767, #1245, #3376, .T. ) ;
#2501 = DIRECTION ( 'NONE',  ( 0.000000000000000000, 0.000000000000000000, -1.000000000000000000 ) ) ;
#2502 = EDGE_LOOP ( 'NONE', ( #1661, #61, #1685, #30 ) ) ;
#2503 = VERTEX_POINT ( 'NONE', #2856 ) ;
#2504 = EDGE_LOOP ( 'NONE', ( #3260, #3086, #2551, #1785 ) ) ;
#2505 = DIRECTION ( 'NONE',  ( 1.000000000000000000, 0.000000000000000000, -0.000000000000000000 ) ) ;
#2506 = AXIS2_PLACEMENT_3D ( 'NONE', #1686, #3262, #1938 ) ;
#2507 = EDGE_LOOP ( 'NONE', ( #1440, #2372, #3120, #1759 ) ) ;
#2508 = LINE ( 'NONE', #705, #2511 ) ;
#2509 = LINE ( 'NONE', #1190, #1239 ) ;
#2510 = VECTOR ( 'NONE', #2495, 1000.000000000000000 ) ;
#2511 = VECTOR ( 'NONE', #1770, 1000.000000000000000 ) ;
#2512 = CARTESIAN_POINT ( 'NONE',  ( -2.390000000000000568, 0.2500000000000000000, 0.000000000000000000 ) ) ;
#2513 = LINE ( 'NONE', #2482, #2451 ) ;
#2514 = DIRECTION ( 'NONE',  ( -1.000000000000000000, 0.000000000000000000, -0.000000000000000000 ) ) ;
#2515 = CARTESIAN_POINT ( 'NONE',  ( 0.000000000000000000, 0.2500000000000000000, 0.4299999999999998268 ) ) ;
#2516 = CARTESIAN_POINT ( 'NONE',  ( -2.999999999999999112, 0.2500000000000000000, 2.109999999999999876 ) ) ;
#2517 = ADVANCED_FACE ( 'NONE', ( #3406 ), #3115, .T. ) ;
#2518 = VECTOR ( 'NONE', #1531, 1000.000000000000000 ) ;
#2519 = PRODUCT_DEFINITION_SHAPE ( 'NONE', 'NONE',  #398 ) ;
#2520 = DIRECTION ( 'NONE',  ( 1.000000000000000000, 0.000000000000000000, 0.000000000000000000 ) ) ;
#2521 = AXIS2_PLACEMENT_3D ( 'NONE', #1077, #829, #50 ) ;
#2522 = VERTEX_POINT ( 'NONE', #2608 ) ;
#2523 = VERTEX_POINT ( 'NONE', #1334 ) ;
#2524 = ORIENTED_EDGE ( 'NONE', *, *, #95, .F. ) ;
#2525 = VECTOR ( 'NONE', #154, 1000.000000000000000 ) ;
#2526 = DIRECTION ( 'NONE',  ( -1.000000000000000000, 0.000000000000000000, -0.000000000000000000 ) ) ;
#2527 = EDGE_LOOP ( 'NONE', ( #2677, #2265, #1614, #959, #1829, #1560, #2323, #1747, #1716, #1120, #701, #2950, #1809, #772, #854, #410, #841, #1506, #2855, #2899, #2717, #2369, #1151, #708, #2151, #3389, #2025, #2488 ) ) ;
#2528 = CARTESIAN_POINT ( 'NONE',  ( -1.629999999999998561, 0.000000000000000000, 1.905000000000000027 ) ) ;
#2529 = CLOSED_SHELL ( 'NONE', ( #2539, #114, #2942, #1011, #2485, #2691 ) ) ;
#2530 = EDGE_CURVE ( 'NONE', #1895, #2755, #3411, .T. ) ;
#2531 = CARTESIAN_POINT ( 'NONE',  ( -2.390000000000000568, 0.000000000000000000, -0.4300000000000000488 ) ) ;
#2532 = VECTOR ( 'NONE', #1932, 1000.000000000000000 ) ;
#2533 = CARTESIAN_POINT ( 'NONE',  ( -5.971998851723462306E-16, -0.000000000000000000, 0.8400000000000017453 ) ) ;
#2534 = CARTESIAN_POINT ( 'NONE',  ( 3.000000000000000000, 0.2500000000000000000, -1.700000000000000400 ) ) ;
#2535 = ADVANCED_FACE ( 'NONE', ( #795 ), #2632, .F. ) ;
#2536 = ORIENTED_EDGE ( 'NONE', *, *, #3377, .F. ) ;
#2537 = CARTESIAN_POINT ( 'NONE',  ( 0.000000000000000000, 0.2500000000000000000, 0.4299999999999998268 ) ) ;
#2538 = SURFACE_STYLE_FILL_AREA ( #433 ) ;
#2539 = ADVANCED_FACE ( 'NONE', ( #239 ), #3174, .F. ) ;
#2540 = ORIENTED_EDGE ( 'NONE', *, *, #1047, .F. ) ;
#2541 = CARTESIAN_POINT ( 'NONE',  ( 3.000000000000000000, 0.000000000000000000, -0.4300000000000002709 ) ) ;
#2542 = VERTEX_POINT ( 'NONE', #1539 ) ;
#2543 = VERTEX_POINT ( 'NONE', #1319 ) ;
#2544 = CARTESIAN_POINT ( 'NONE',  ( 2.250000000000031974, 0.000000000000000000, 2.249999999999972911 ) ) ;
#2545 = CARTESIAN_POINT ( 'NONE',  ( -1.074999999999998179, 0.000000000000000000, 2.500000000000000000 ) ) ;
#2546 = ORIENTED_EDGE ( 'NONE', *, *, #56, .F. ) ;
#2547 = CARTESIAN_POINT ( 'NONE',  ( -2.999999999999999112, 0.000000000000000000, -0.8400000000000003020 ) ) ;
#2548 = CARTESIAN_POINT ( 'NONE',  ( 1.208618815229747180E-15, 0.2500000000000000000, -1.700000000000002398 ) ) ;
#2549 = ADVANCED_FACE ( 'NONE', ( #2378 ), #531, .T. ) ;
#2550 = CARTESIAN_POINT ( 'NONE',  ( 3.000000000000000000, 0.2500000000000000000, 0.000000000000000000 ) ) ;
#2551 = ORIENTED_EDGE ( 'NONE', *, *, #791, .F. ) ;
#2552 = PLANE ( 'NONE',  #3069 ) ;
#2553 = CARTESIAN_POINT ( 'NONE',  ( 2.390000000000000124, 0.2500000000000000000, 1.699999999999999734 ) ) ;
#2554 = DIRECTION ( 'NONE',  ( -0.000000000000000000, -1.000000000000000000, -0.000000000000000000 ) ) ;
#2555 = VERTEX_POINT ( 'NONE', #266 ) ;
#2556 = LINE ( 'NONE', #165, #132 ) ;
#2557 = VERTEX_POINT ( 'NONE', #765 ) ;
#2558 = CARTESIAN_POINT ( 'NONE',  ( 0.000000000000000000, 0.000000000000000000, 2.209999999999999964 ) ) ;
#2559 = ORIENTED_EDGE ( 'NONE', *, *, #2353, .F. ) ;
#2560 = ORIENTED_EDGE ( 'NONE', *, *, #3118, .T. ) ;
#2561 = DIRECTION ( 'NONE',  ( -1.000000000000000000, 0.000000000000000000, -0.000000000000000000 ) ) ;
#2562 = VERTEX_POINT ( 'NONE', #2593 ) ;
#2563 = SURFACE_STYLE_FILL_AREA ( #1002 ) ;
#2564 = DIRECTION ( 'NONE',  ( -0.000000000000000000, -1.000000000000000000, -0.000000000000000000 ) ) ;
#2565 = ADVANCED_FACE ( 'NONE', ( #1027 ), #731, .T. ) ;
#2566 = VECTOR ( 'NONE', #1977, 1000.000000000000000 ) ;
#2567 = DIRECTION ( 'NONE',  ( -0.000000000000000000, 0.000000000000000000, 1.000000000000000000 ) ) ;
#2568 = ORIENTED_EDGE ( 'NONE', *, *, #1210, .T. ) ;
#2569 = VECTOR ( 'NONE', #318, 1000.000000000000000 ) ;
#2570 = VECTOR ( 'NONE', #866, 1000.000000000000114 ) ;
#2571 = CARTESIAN_POINT ( 'NONE',  ( -1.074999999999998179, 0.2500000000000000000, -2.500000000000000000 ) ) ;
#2572 = PLANE ( 'NONE',  #1129 ) ;
#2573 = ORIENTED_EDGE ( 'NONE', *, *, #615, .T. ) ;
#2574 = CARTESIAN_POINT ( 'NONE',  ( -2.999999999999999112, 0.2500000000000000000, -2.110000000000000320 ) ) ;
#2575 = VECTOR ( 'NONE', #682, 1000.000000000000000 ) ;
#2576 = ORIENTED_EDGE ( 'NONE', *, *, #3282, .T. ) ;
#2577 = EDGE_CURVE ( 'NONE', #1233, #860, #205, .T. ) ;
#2578 = AXIS2_PLACEMENT_3D ( 'NONE', #1344, #541, #2658 ) ;
#2579 = EDGE_LOOP ( 'NONE', ( #403, #98, #1347, #2213, #812, #970, #1610, #3111 ) ) ;
#2580 = VECTOR ( 'NONE', #1690, 1000.000000000000000 ) ;
#2581 = DIRECTION ( 'NONE',  ( 7.109522442527951273E-16, 0.000000000000000000, -1.000000000000000000 ) ) ;
#2582 = ORIENTED_EDGE ( 'NONE', *, *, #819, .F. ) ;
#2583 = CARTESIAN_POINT ( 'NONE',  ( 3.000000000000000000, 0.000000000000000000, 0.4299999999999998268 ) ) ;
#2584 = AXIS2_PLACEMENT_3D ( 'NONE', #2825, #376, #1779 ) ;
#2585 = PLANE ( 'NONE',  #245 ) ;
#2586 = ADVANCED_FACE ( 'NONE', ( #1059 ), #1796, .F. ) ;
#2587 = ORIENTED_EDGE ( 'NONE', *, *, #2743, .F. ) ;
#2588 = VECTOR ( 'NONE', #1777, 1000.000000000000000 ) ;
#2589 = CARTESIAN_POINT ( 'NONE',  ( 2.390000000000000124, 0.000000000000000000, -0.8400000000000003020 ) ) ;
#2590 = DIRECTION ( 'NONE',  ( 0.000000000000000000, -0.000000000000000000, -1.000000000000000000 ) ) ;
#2591 = ORIENTED_EDGE ( 'NONE', *, *, #2387, .F. ) ;
#2592 = AXIS2_PLACEMENT_3D ( 'NONE', #2676, #3235, #1065 ) ;
#2593 = CARTESIAN_POINT ( 'NONE',  ( 3.000000000000000000, 0.2500000000000000000, 0.8399999999999998579 ) ) ;
#2594 = ORIENTED_EDGE ( 'NONE', *, *, #3403, .F. ) ;
#2595 = EDGE_CURVE ( 'NONE', #746, #2346, #2887, .T. ) ;
#2596 = EDGE_LOOP ( 'NONE', ( #209, #84, #979, #2749 ) ) ;
#2597 = CARTESIAN_POINT ( 'NONE',  ( 0.000000000000000000, 0.2500000000000000000, 2.209999999999999964 ) ) ;
#2598 = ORIENTED_EDGE ( 'NONE', *, *, #1063, .T. ) ;
#2599 = DIRECTION ( 'NONE',  ( -0.000000000000000000, -1.000000000000000000, -0.000000000000000000 ) ) ;
#2600 = FILL_AREA_STYLE_COLOUR ( '', #2075 ) ;
#2601 = CARTESIAN_POINT ( 'NONE',  ( -1.324999999999986855, -0.000000000000000000, -6.935155275726177751E-15 ) ) ;
#2602 = EDGE_CURVE ( 'NONE', #1118, #1838, #747, .T. ) ;
#2603 = ADVANCED_FACE ( 'NONE', ( #489 ), #2090, .T. ) ;
#2604 = ORIENTED_EDGE ( 'NONE', *, *, #1187, .T. ) ;
#2605 = DIRECTION ( 'NONE',  ( 0.000000000000000000, 0.000000000000000000, 1.000000000000000000 ) ) ;
#2606 = CARTESIAN_POINT ( 'NONE',  ( 0.000000000000000000, 0.000000000000000000, 0.000000000000000000 ) ) ;
#2607 = VERTEX_POINT ( 'NONE', #3426 ) ;
#2608 = CARTESIAN_POINT ( 'NONE',  ( -1.074999999999998179, 0.2500000000000000000, 2.500000000000000000 ) ) ;
#2609 = DIRECTION ( 'NONE',  ( 0.000000000000000000, 0.000000000000000000, -1.000000000000000000 ) ) ;
#2610 = ORIENTED_EDGE ( 'NONE', *, *, #881, .F. ) ;
#2611 = EDGE_CURVE ( 'NONE', #3050, #2320, #1043, .T. ) ;
#2612 = DIRECTION ( 'NONE',  ( 0.000000000000000000, 0.000000000000000000, 1.000000000000000000 ) ) ;
#2613 = ORIENTED_EDGE ( 'NONE', *, *, #2956, .F. ) ;
#2614 = CARTESIAN_POINT ( 'NONE',  ( 0.000000000000000000, -0.000000000000000000, 0.4299999999999998268 ) ) ;
#2615 = CARTESIAN_POINT ( 'NONE',  ( -2.390000000000000568, 0.2500000000000000000, -2.110000000000000320 ) ) ;
#2616 = ORIENTED_EDGE ( 'NONE', *, *, #2130, .T. ) ;
#2617 = DIRECTION ( 'NONE',  ( 7.109522442527915774E-16, 0.000000000000000000, -1.000000000000000000 ) ) ;
#2618 = CARTESIAN_POINT ( 'NONE',  ( 2.390000000000001457, 0.000000000000000000, 0.8399999999999996358 ) ) ;
#2619 = ORIENTED_EDGE ( 'NONE', *, *, #1360, .T. ) ;
#2620 = DIRECTION ( 'NONE',  ( 0.000000000000000000, -0.000000000000000000, -1.000000000000000000 ) ) ;
#2621 = AXIS2_PLACEMENT_3D ( 'NONE', #252, #2937, #2086 ) ;
#2622 = FACE_OUTER_BOUND ( 'NONE', #839, .T. ) ;
#2623 = DIRECTION ( 'NONE',  ( -0.000000000000000000, -1.000000000000000000, -0.000000000000000000 ) ) ;
#2624 = CARTESIAN_POINT ( 'NONE',  ( -1.324999999999999734, 0.2500000000000000000, 0.000000000000000000 ) ) ;
#2625 = PLANE ( 'NONE',  #2477 ) ;
#2626 = EDGE_LOOP ( 'NONE', ( #1755, #726, #2304, #719 ) ) ;
#2627 = LINE ( 'NONE', #249, #2916 ) ;
#2628 = PLANE ( 'NONE',  #192 ) ;
#2629 = DIRECTION ( 'NONE',  ( 0.000000000000000000, 0.000000000000000000, -1.000000000000000000 ) ) ;
#2630 = CARTESIAN_POINT ( 'NONE',  ( 0.000000000000000000, 0.2500000000000000000, 2.209999999999999964 ) ) ;
#2631 = VECTOR ( 'NONE', #2772, 1000.000000000000000 ) ;
#2632 = PLANE ( 'NONE',  #1359 ) ;
#2633 = EDGE_CURVE ( 'NONE', #1823, #1322, #780, .T. ) ;
#2634 = CARTESIAN_POINT ( 'NONE',  ( -1.074999999999998179, 0.2500000000000000000, 0.000000000000000000 ) ) ;
#2635 = PLANE ( 'NONE',  #2734 ) ;
#2636 = CARTESIAN_POINT ( 'NONE',  ( 3.000000000000000000, 0.2500000000000000000, 0.4299999999999998268 ) ) ;
#2637 = MECHANICAL_DESIGN_GEOMETRIC_PRESENTATION_REPRESENTATION (  '', ( #865 ), #527 ) ;
#2638 = VECTOR ( 'NONE', #310, 1000.000000000000000 ) ;
#2639 = EDGE_CURVE ( 'NONE', #2840, #1967, #2955, .T. ) ;
#2640 = UNCERTAINTY_MEASURE_WITH_UNIT (LENGTH_MEASURE( 1.000000000000000082E-05 ), #2190, 'distance_accuracy_value', 'NONE');
#2641 = ADVANCED_FACE ( 'NONE', ( #36 ), #564, .T. ) ;
#2642 = CARTESIAN_POINT ( 'NONE',  ( -2.999999999999999112, 0.000000000000000000, 2.500000000000000000 ) ) ;
#2643 = ORIENTED_EDGE ( 'NONE', *, *, #1666, .F. ) ;
#2644 = DIRECTION ( 'NONE',  ( 0.000000000000000000, -1.000000000000000000, 0.000000000000000000 ) ) ;
#2645 = LINE ( 'NONE', #2614, #190 ) ;
#2646 = VERTEX_POINT ( 'NONE', #1408 ) ;
#2647 = DIRECTION ( 'NONE',  ( -0.000000000000000000, 0.000000000000000000, 1.000000000000000000 ) ) ;
#2648 = LINE ( 'NONE', #2884, #1127 ) ;
#2649 = EDGE_CURVE ( 'NONE', #539, #204, #2739, .T. ) ;
#2650 = CARTESIAN_POINT ( 'NONE',  ( -2.390000000000000568, 0.2500000000000000000, 0.8400000000000000799 ) ) ;
#2651 = CARTESIAN_POINT ( 'NONE',  ( 0.000000000000000000, 0.2500000000000000000, 0.000000000000000000 ) ) ;
#2652 = CARTESIAN_POINT ( 'NONE',  ( 0.000000000000000000, 0.2500000000000000000, 1.699999999999999734 ) ) ;
#2653 = DIRECTION ( 'NONE',  ( 7.109522442527915774E-16, 0.000000000000000000, -1.000000000000000000 ) ) ;
#2654 = DIRECTION ( 'NONE',  ( 1.000000000000000000, 0.000000000000000000, -0.000000000000000000 ) ) ;
#2655 = LINE ( 'NONE', #2642, #980 ) ;
#2656 = ORIENTED_EDGE ( 'NONE', *, *, #367, .T. ) ;
#2657 = LINE ( 'NONE', #2373, #1409 ) ;
#2658 = DIRECTION ( 'NONE',  ( 0.000000000000000000, -0.000000000000000000, -1.000000000000000000 ) ) ;
#2659 = EDGE_LOOP ( 'NONE', ( #1529, #2582, #2524, #365 ) ) ;
#2660 = CARTESIAN_POINT ( 'NONE',  ( -1.629999999999998339, 0.2500000000000000000, -1.717861036356131604E-16 ) ) ;
#2661 = ORIENTED_EDGE ( 'NONE', *, *, #2595, .F. ) ;
#2662 = EDGE_CURVE ( 'NONE', #2522, #204, #3264, .T. ) ;
#2663 = LINE ( 'NONE', #280, #2669 ) ;
#2664 = LINE ( 'NONE', #3173, #1345 ) ;
#2665 = CARTESIAN_POINT ( 'NONE',  ( 3.000000000000000000, 0.2500000000000000000, 0.8399999999999998579 ) ) ;
#2666 = LINE ( 'NONE', #256, #792 ) ;
#2667 = LINE ( 'NONE', #1321, #1180 ) ;
#2668 = ORIENTED_EDGE ( 'NONE', *, *, #377, .F. ) ;
#2669 = VECTOR ( 'NONE', #1887, 1000.000000000000000 ) ;
#2670 = EDGE_CURVE ( 'NONE', #506, #1328, #600, .T. ) ;
#2671 = VECTOR ( 'NONE', #253, 1000.000000000000000 ) ;
#2672 = AXIS2_PLACEMENT_3D ( 'NONE', #1606, #3210, #502 ) ;
#2673 = ADVANCED_FACE ( 'NONE', ( #1640 ), #2941, .F. ) ;
#2674 = VECTOR ( 'NONE', #1131, 1000.000000000000000 ) ;
#2675 = ORIENTED_EDGE ( 'NONE', *, *, #3377, .T. ) ;
#2676 = CARTESIAN_POINT ( 'NONE',  ( 0.000000000000000000, 0.2500000000000000000, -2.209999999999999964 ) ) ;
#2677 = ORIENTED_EDGE ( 'NONE', *, *, #3223, .F. ) ;
#2678 = CARTESIAN_POINT ( 'NONE',  ( 2.390000000000001457, 0.000000000000000000, 2.109999999999999432 ) ) ;
#2679 = ORIENTED_EDGE ( 'NONE', *, *, #2833, .T. ) ;
#2680 = ORIENTED_EDGE ( 'NONE', *, *, #881, .T. ) ;
#2681 = FACE_OUTER_BOUND ( 'NONE', #1773, .T. ) ;
#2682 = ORIENTED_EDGE ( 'NONE', *, *, #1220, .F. ) ;
#2683 = CARTESIAN_POINT ( 'NONE',  ( 2.390000000000002789, 0.2500000000000000000, 3.615688175219103475E-15 ) ) ;
#2684 = DIRECTION ( 'NONE',  ( -0.000000000000000000, 0.000000000000000000, 1.000000000000000000 ) ) ;
#2685 = EDGE_CURVE ( 'NONE', #1999, #2797, #2686, .T. ) ;
#2686 = LINE ( 'NONE', #1097, #1911 ) ;
#2687 = VECTOR ( 'NONE', #2866, 1000.000000000000000 ) ;
#2688 = CARTESIAN_POINT ( 'NONE',  ( -2.999999999999999112, 0.2500000000000000000, 0.8399999999999998579 ) ) ;
#2689 = DIRECTION ( 'NONE',  ( 1.000000000000000000, 0.000000000000000000, 7.109522442527915774E-16 ) ) ;
#2690 = DIRECTION ( 'NONE',  ( 0.000000000000000000, -1.000000000000000000, 0.000000000000000000 ) ) ;
#2691 = ADVANCED_FACE ( 'NONE', ( #2154 ), #2410, .T. ) ;
#2692 = VECTOR ( 'NONE', #1949, 1000.000000000000000 ) ;
#2693 = AXIS2_PLACEMENT_3D ( 'NONE', #2515, #1694, #3247 ) ;
#2694 = ADVANCED_FACE ( 'NONE', ( #3209 ), #584, .T. ) ;
#2695 = AXIS2_PLACEMENT_3D ( 'NONE', #3337, #3358, #454 ) ;
#2696 = EDGE_LOOP ( 'NONE', ( #679, #45 ) ) ;
#2697 = DIRECTION ( 'NONE',  ( 0.000000000000000000, -1.000000000000000000, 0.000000000000000000 ) ) ;
#2698 = EDGE_LOOP ( 'NONE', ( #96, #1167, #2157, #3215 ) ) ;
#2699 = ORIENTED_EDGE ( 'NONE', *, *, #3443, .F. ) ;
#2700 = ORIENTED_EDGE ( 'NONE', *, *, #20, .T. ) ;
#2701 = LINE ( 'NONE', #315, #2979 ) ;
#2702 = ORIENTED_EDGE ( 'NONE', *, *, #2398, .F. ) ;
#2703 = CARTESIAN_POINT ( 'NONE',  ( -1.629999999999998117, -0.000000000000000000, -2.210000000000000409 ) ) ;
#2704 = DIRECTION ( 'NONE',  ( 1.000000000000000000, 0.000000000000000000, 0.000000000000000000 ) ) ;
#2705 = DIRECTION ( 'NONE',  ( 0.000000000000000000, -1.000000000000000000, 0.000000000000000000 ) ) ;
#2706 = EDGE_CURVE ( 'NONE', #362, #2287, #1925, .T. ) ;
#2707 = PLANE ( 'NONE',  #955 ) ;
#2708 = CARTESIAN_POINT ( 'NONE',  ( -2.390000000000000568, 0.000000000000000000, -1.700000000000000178 ) ) ;
#2709 = SURFACE_STYLE_FILL_AREA ( #2723 ) ;
#2710 = EDGE_LOOP ( 'NONE', ( #3448, #3077, #1918, #2913 ) ) ;
#2711 = CARTESIAN_POINT ( 'NONE',  ( -1.074999999999998179, 0.000000000000000000, 2.209999999999999964 ) ) ;
#2712 = EDGE_LOOP ( 'NONE', ( #1648, #1663, #153, #3238 ) ) ;
#2713 = ORIENTED_EDGE ( 'NONE', *, *, #1888, .F. ) ;
#2714 = VERTEX_POINT ( 'NONE', #2465 ) ;
#2715 = CARTESIAN_POINT ( 'NONE',  ( 0.000000000000000000, 0.2500000000000000000, -2.209999999999999964 ) ) ;
#2716 = EDGE_CURVE ( 'NONE', #2952, #2967, #2169, .T. ) ;
#2717 = ORIENTED_EDGE ( 'NONE', *, *, #2460, .F. ) ;
#2718 = CARTESIAN_POINT ( 'NONE',  ( 3.000000000000000000, 0.2500000000000000000, 0.4299999999999998268 ) ) ;
#2719 = DIRECTION ( 'NONE',  ( 0.000000000000000000, 1.000000000000000000, 0.000000000000000000 ) ) ;
#2720 = DIRECTION ( 'NONE',  ( -1.512840240677447616E-15, 0.000000000000000000, 1.000000000000000000 ) ) ;
#2721 = DIRECTION ( 'NONE',  ( 1.000000000000000000, 0.000000000000000000, 7.109522442527915774E-16 ) ) ;
#2722 = DIRECTION ( 'NONE',  ( -1.000000000000000000, 0.000000000000000000, -0.000000000000000000 ) ) ;
#2723 = FILL_AREA_STYLE ('',( #588 ) ) ;
#2724 = VECTOR ( 'NONE', #1041, 1000.000000000000000 ) ;
#2725 = VECTOR ( 'NONE', #1952, 1000.000000000000000 ) ;
#2726 = VERTEX_POINT ( 'NONE', #303 ) ;
#2727 = FACE_OUTER_BOUND ( 'NONE', #1946, .T. ) ;
#2728 = EDGE_LOOP ( 'NONE', ( #1903, #2110, #1750, #435 ) ) ;
#2729 = VECTOR ( 'NONE', #1623, 1000.000000000000000 ) ;
#2730 = VERTEX_POINT ( 'NONE', #1375 ) ;
#2731 = VERTEX_POINT ( 'NONE', #1658 ) ;
#2732 = DIRECTION ( 'NONE',  ( -0.000000000000000000, -1.000000000000000000, -0.000000000000000000 ) ) ;
#2733 = ADVANCED_BREP_SHAPE_REPRESENTATION ( 'CSD16407Q5', ( #108, #169, #1309, #2423, #111, #1305, #2455, #1756 ), #3417 ) ;
#2734 = AXIS2_PLACEMENT_3D ( 'NONE', #2944, #1099, #1336 ) ;
#2735 = EDGE_LOOP ( 'NONE', ( #1798, #1243, #344, #1026, #2419, #27, #2250, #1134, #1215, #2216, #1818, #1455, #2587, #2816, #316, #2098, #1165, #1046, #3138, #2800 ) ) ;
#2736 = CARTESIAN_POINT ( 'NONE',  ( -2.390000000000000568, -0.000000000000000000, 0.000000000000000000 ) ) ;
#2737 = CARTESIAN_POINT ( 'NONE',  ( -2.390000000000000568, 0.2500000000000000000, 2.109999999999999876 ) ) ;
#2738 = ADVANCED_FACE ( 'NONE', ( #3225 ), #815, .F. ) ;
#2739 = LINE ( 'NONE', #1672, #2744 ) ;
#2740 = DIRECTION ( 'NONE',  ( -1.053902476292106240E-16, 0.000000000000000000, 1.000000000000000000 ) ) ;
#2741 = CARTESIAN_POINT ( 'NONE',  ( -2.199999999999999289, 0.9500000000000000666, -1.800000000000000044 ) ) ;
#2742 = DIRECTION ( 'NONE',  ( 0.7071067811865473507, 0.000000000000000000, -0.7071067811865477948 ) ) ;
#2743 = EDGE_CURVE ( 'NONE', #2562, #1296, #1907, .T. ) ;
#2744 = VECTOR ( 'NONE', #353, 1000.000000000000000 ) ;
#2745 = EDGE_CURVE ( 'NONE', #746, #648, #18, .T. ) ;
#2746 = ADVANCED_FACE ( 'NONE', ( #1354 ), #319, .F. ) ;
#2747 = VECTOR ( 'NONE', #971, 1000.000000000000000 ) ;
#2748 = CARTESIAN_POINT ( 'NONE',  ( -2.390000000000000568, 0.2500000000000000000, 0.8400000000000000799 ) ) ;
#2749 = ORIENTED_EDGE ( 'NONE', *, *, #1265, .T. ) ;
#2750 = AXIS2_PLACEMENT_3D ( 'NONE', #1276, #984, #2842 ) ;
#2751 = EDGE_LOOP ( 'NONE', ( #875, #262, #2454, #1150 ) ) ;
#2752 = EDGE_LOOP ( 'NONE', ( #3234, #678, #2179, #942 ) ) ;
#2753 = DIRECTION ( 'NONE',  ( 1.000000000000000000, 0.000000000000000000, 0.000000000000000000 ) ) ;
#2754 = EDGE_CURVE ( 'NONE', #757, #730, #864, .T. ) ;
#2755 = VERTEX_POINT ( 'NONE', #2005 ) ;
#2756 = DIRECTION ( 'NONE',  ( 1.000000000000000000, 0.000000000000000000, 0.000000000000000000 ) ) ;
#2757 = CARTESIAN_POINT ( 'NONE',  ( -1.324999999999999734, -0.000000000000000000, -2.209999999999999520 ) ) ;
#2758 = LINE ( 'NONE', #3058, #1252 ) ;
#2759 = EDGE_CURVE ( 'NONE', #1136, #3218, #125, .T. ) ;
#2760 = CARTESIAN_POINT ( 'NONE',  ( 2.289999999999999591, -0.000000000000000000, -2.209999999999999964 ) ) ;
#2761 = CARTESIAN_POINT ( 'NONE',  ( 2.390000000000001457, 0.2500000000000000000, -1.700000000000000622 ) ) ;
#2762 = PRESENTATION_STYLE_ASSIGNMENT (( #2468 ) ) ;
#2763 = DIRECTION ( 'NONE',  ( 0.000000000000000000, -1.000000000000000000, 0.000000000000000000 ) ) ;
#2764 = DIRECTION ( 'NONE',  ( 0.000000000000000000, 0.000000000000000000, 1.000000000000000000 ) ) ;
#2765 = EDGE_LOOP ( 'NONE', ( #2643, #1110, #967, #1985 ) ) ;
#2766 = ORIENTED_EDGE ( 'NONE', *, *, #2421, .T. ) ;
#2767 = VERTEX_POINT ( 'NONE', #388 ) ;
#2768 = CARTESIAN_POINT ( 'NONE',  ( -1.500109235373388548E-15, 0.2500000000000000000, 2.109999999999997655 ) ) ;
#2769 = ORIENTED_EDGE ( 'NONE', *, *, #3232, .T. ) ;
#2770 = DIRECTION ( 'NONE',  ( -0.000000000000000000, -1.000000000000000000, -0.000000000000000000 ) ) ;
#2771 = CARTESIAN_POINT ( 'NONE',  ( 2.390000000000000124, 0.2500000000000000000, 1.699999999999999734 ) ) ;
#2772 = DIRECTION ( 'NONE',  ( -1.000000000000000000, 0.000000000000000000, 0.000000000000000000 ) ) ;
#2773 = EDGE_CURVE ( 'NONE', #69, #1249, #966, .T. ) ;
#2774 = DIRECTION ( 'NONE',  ( -0.000000000000000000, -1.000000000000000000, -0.000000000000000000 ) ) ;
#2775 = LINE ( 'NONE', #947, #1577 ) ;
#2776 =( NAMED_UNIT ( * ) SI_UNIT ( $, .STERADIAN. ) SOLID_ANGLE_UNIT ( ) );
#2777 = CARTESIAN_POINT ( 'NONE',  ( 2.390000000000000124, 0.2500000000000000000, -0.8400000000000003020 ) ) ;
#2778 = ADVANCED_FACE ( 'NONE', ( #890 ), #684, .F. ) ;
#2779 = PLANE ( 'NONE',  #2811 ) ;
#2780 = EDGE_CURVE ( 'NONE', #1416, #1005, #103, .T. ) ;
#2781 = ORIENTED_EDGE ( 'NONE', *, *, #1522, .T. ) ;
#2782 = ORIENTED_EDGE ( 'NONE', *, *, #267, .F. ) ;
#2783 = VERTEX_POINT ( 'NONE', #707 ) ;
#2784 = CARTESIAN_POINT ( 'NONE',  ( -1.074999999999998179, 0.000000000000000000, -2.209999999999999964 ) ) ;
#2785 = VECTOR ( 'NONE', #613, 1000.000000000000000 ) ;
#2786 = EDGE_CURVE ( 'NONE', #2312, #2126, #2758, .T. ) ;
#2787 = ORIENTED_EDGE ( 'NONE', *, *, #753, .F. ) ;
#2788 = DIRECTION ( 'NONE',  ( -0.7071067811865459074, 0.000000000000000000, -0.7071067811865491270 ) ) ;
#2789 = CARTESIAN_POINT ( 'NONE',  ( -2.999999999999999112, 0.2500000000000000000, 0.000000000000000000 ) ) ;
#2790 = AXIS2_PLACEMENT_3D ( 'NONE', #2630, #1828, #1333 ) ;
#2791 = CARTESIAN_POINT ( 'NONE',  ( 6.284817839194682499E-15, 0.2500000000000000000, -2.209999999999995968 ) ) ;
#2792 = VECTOR ( 'NONE', #3092, 1000.000000000000000 ) ;
#2793 = AXIS2_PLACEMENT_3D ( 'NONE', #1080, #2653, #23 ) ;
#2794 = DIRECTION ( 'NONE',  ( 0.000000000000000000, -1.000000000000000000, 0.000000000000000000 ) ) ;
#2795 = CARTESIAN_POINT ( 'NONE',  ( -2.390000000000000568, 0.2500000000000000000, 2.109999999999999876 ) ) ;
#2796 = STYLED_ITEM ( 'NONE', ( #1806 ), #2423 ) ;
#2797 = VERTEX_POINT ( 'NONE', #1193 ) ;
#2798 = CARTESIAN_POINT ( 'NONE',  ( 2.390000000000000124, 0.000000000000000000, -0.8400000000000003020 ) ) ;
#2799 = FILL_AREA_STYLE_COLOUR ( '', #2192 ) ;
#2800 = ORIENTED_EDGE ( 'NONE', *, *, #2030, .T. ) ;
#2801 = ADVANCED_FACE ( 'NONE', ( #1211 ), #1172, .F. ) ;
#2802 = DIRECTION ( 'NONE',  ( 0.000000000000000000, 0.000000000000000000, 1.000000000000000000 ) ) ;
#2803 = VECTOR ( 'NONE', #2921, 1000.000000000000000 ) ;
#2804 = VERTEX_POINT ( 'NONE', #2531 ) ;
#2805 = ORIENTED_EDGE ( 'NONE', *, *, #3255, .F. ) ;
#2806 = MECHANICAL_DESIGN_GEOMETRIC_PRESENTATION_REPRESENTATION (  '', ( #193 ), #3248 ) ;
#2807 = FACE_OUTER_BOUND ( 'NONE', #156, .T. ) ;
#2808 = VERTEX_POINT ( 'NONE', #2830 ) ;
#2809 = CYLINDRICAL_SURFACE ( 'NONE', #3347, 0.2999999999999999334 ) ;
#2810 = DIRECTION ( 'NONE',  ( -1.000000000000000000, 0.000000000000000000, -7.109522442527915774E-16 ) ) ;
#2811 = AXIS2_PLACEMENT_3D ( 'NONE', #3322, #1662, #2194 ) ;
#2812 = ORIENTED_EDGE ( 'NONE', *, *, #1273, .F. ) ;
#2813 = DIRECTION ( 'NONE',  ( 0.000000000000000000, -1.000000000000000000, 0.000000000000000000 ) ) ;
#2814 = CARTESIAN_POINT ( 'NONE',  ( -5.971998851723462306E-16, 0.2500000000000000000, 0.8400000000000017453 ) ) ;
#2815 =( NAMED_UNIT ( * ) SI_UNIT ( $, .STERADIAN. ) SOLID_ANGLE_UNIT ( ) );
#2816 = ORIENTED_EDGE ( 'NONE', *, *, #1561, .F. ) ;
#2817 = PLANE ( 'NONE',  #195 ) ;
#2818 = EDGE_CURVE ( 'NONE', #1765, #2726, #1361, .T. ) ;
#2819 = DIRECTION ( 'NONE',  ( 0.000000000000000000, 1.000000000000000000, 0.000000000000000000 ) ) ;
#2820 = ORIENTED_EDGE ( 'NONE', *, *, #208, .F. ) ;
#2821 = ADVANCED_FACE ( 'NONE', ( #1458 ), #159, .T. ) ;
#2822 = CARTESIAN_POINT ( 'NONE',  ( -2.390000000000000568, 0.2500000000000000000, -0.4300000000000000488 ) ) ;
#2823 = VERTEX_POINT ( 'NONE', #1975 ) ;
#2824 = ORIENTED_EDGE ( 'NONE', *, *, #2338, .F. ) ;
#2825 = CARTESIAN_POINT ( 'NONE',  ( -2.999999999999999112, 1.050000000000000044, 2.500000000000000000 ) ) ;
#2826 = DIRECTION ( 'NONE',  ( 0.000000000000000000, 0.000000000000000000, -1.000000000000000000 ) ) ;
#2827 = ORIENTED_EDGE ( 'NONE', *, *, #2911, .T. ) ;
#2828 = DIRECTION ( 'NONE',  ( 0.000000000000000000, -1.000000000000000000, 0.000000000000000000 ) ) ;
#2829 = CARTESIAN_POINT ( 'NONE',  ( -1.074999999999998179, 0.2500000000000000000, 0.000000000000000000 ) ) ;
#2830 = CARTESIAN_POINT ( 'NONE',  ( -1.324999999999998845, 0.000000000000000000, 2.500000000000000000 ) ) ;
#2831 = EDGE_LOOP ( 'NONE', ( #1074, #932, #671, #608 ) ) ;
#2832 = CARTESIAN_POINT ( 'NONE',  ( -1.074999999999998179, 0.2500000000000000000, 0.000000000000000000 ) ) ;
#2833 = EDGE_CURVE ( 'NONE', #1996, #3356, #1158, .T. ) ;
#2834 = LINE ( 'NONE', #162, #1177 ) ;
#2835 = DIRECTION ( 'NONE',  ( 0.000000000000000000, -1.000000000000000000, 0.000000000000000000 ) ) ;
#2836 = ORIENTED_EDGE ( 'NONE', *, *, #90, .F. ) ;
#2837 = LINE ( 'NONE', #2037, #863 ) ;
#2838 = EDGE_LOOP ( 'NONE', ( #197, #1260, #627, #1436 ) ) ;
#2839 = FACE_OUTER_BOUND ( 'NONE', #1795, .T. ) ;
#2840 = VERTEX_POINT ( 'NONE', #3042 ) ;
#2841 = ORIENTED_EDGE ( 'NONE', *, *, #173, .F. ) ;
#2842 = DIRECTION ( 'NONE',  ( 0.000000000000000000, 0.000000000000000000, 1.000000000000000000 ) ) ;
#2843 = ORIENTED_EDGE ( 'NONE', *, *, #995, .F. ) ;
#2844 = CARTESIAN_POINT ( 'NONE',  ( 0.000000000000000000, 0.000000000000000000, -2.110000000000000320 ) ) ;
#2845 = CARTESIAN_POINT ( 'NONE',  ( -2.390000000000000568, 0.2500000000000000000, -1.700000000000000178 ) ) ;
#2846 = EDGE_CURVE ( 'NONE', #2840, #1121, #2236, .T. ) ;
#2847 = VECTOR ( 'NONE', #1160, 1000.000000000000000 ) ;
#2848 = LINE ( 'NONE', #1533, #2469 ) ;
#2849 = ORIENTED_EDGE ( 'NONE', *, *, #1880, .T. ) ;
#2850 = AXIS2_PLACEMENT_3D ( 'NONE', #2464, #1141, #2684 ) ;
#2851 = VECTOR ( 'NONE', #1751, 1000.000000000000000 ) ;
#2852 = ADVANCED_FACE ( 'NONE', ( #424 ), #667, .T. ) ;
#2853 = DIRECTION ( 'NONE',  ( -0.000000000000000000, 0.000000000000000000, 1.000000000000000000 ) ) ;
#2854 = DIRECTION ( 'NONE',  ( -1.000000000000000000, 0.000000000000000000, -7.109522442527915774E-16 ) ) ;
#2855 = ORIENTED_EDGE ( 'NONE', *, *, #1631, .T. ) ;
#2856 = CARTESIAN_POINT ( 'NONE',  ( -2.999999999999999112, 0.000000000000000000, -0.4300000000000002709 ) ) ;
#2857 = ORIENTED_EDGE ( 'NONE', *, *, #1645, .F. ) ;
#2858 = ADVANCED_FACE ( 'NONE', ( #1738 ), #1957, .F. ) ;
#2859 = ORIENTED_EDGE ( 'NONE', *, *, #3315, .F. ) ;
#2860 = ADVANCED_FACE ( 'NONE', ( #1707 ), #371, .T. ) ;
#2861 = AXIS2_PLACEMENT_3D ( 'NONE', #3005, #616, #2135 ) ;
#2862 = PLANE ( 'NONE',  #2750 ) ;
#2863 = VERTEX_POINT ( 'NONE', #3297 ) ;
#2864 = CARTESIAN_POINT ( 'NONE',  ( 3.000000000000000000, 0.000000000000000000, 0.8399999999999998579 ) ) ;
#2865 = AXIS2_PLACEMENT_3D ( 'NONE', #974, #714, #1271 ) ;
#2866 = DIRECTION ( 'NONE',  ( 0.000000000000000000, 0.000000000000000000, -1.000000000000000000 ) ) ;
#2867 = ORIENTED_EDGE ( 'NONE', *, *, #1353, .F. ) ;
#2868 = CLOSED_SHELL ( 'NONE', ( #3117, #1982, #576, #188, #323, #1467 ) ) ;
#2869 = LINE ( 'NONE', #2065, #1739 ) ;
#2870 = FACE_OUTER_BOUND ( 'NONE', #2659, .T. ) ;
#2871 = ORIENTED_EDGE ( 'NONE', *, *, #728, .F. ) ;
#2872 = VECTOR ( 'NONE', #607, 1000.000000000000000 ) ;
#2873 = DIRECTION ( 'NONE',  ( -0.000000000000000000, -1.000000000000000000, -0.000000000000000000 ) ) ;
#2874 = EDGE_CURVE ( 'NONE', #1233, #312, #913, .T. ) ;
#2875 = DIRECTION ( 'NONE',  ( 1.000000000000000000, 0.000000000000000000, 7.109522442527951273E-16 ) ) ;
#2876 = EDGE_LOOP ( 'NONE', ( #3206, #349, #3310, #225 ) ) ;
#2877 = DIRECTION ( 'NONE',  ( 1.000000000000000000, 0.000000000000000000, -0.000000000000000000 ) ) ;
#2878 = ORIENTED_EDGE ( 'NONE', *, *, #2846, .T. ) ;
#2879 = ADVANCED_FACE ( 'NONE', ( #3171 ), #2628, .F. ) ;
#2880 = DIRECTION ( 'NONE',  ( 0.7071067811865383579, 0.000000000000000000, -0.7071067811865567876 ) ) ;
#2881 = FACE_OUTER_BOUND ( 'NONE', #2947, .T. ) ;
#2882 = FACE_OUTER_BOUND ( 'NONE', #2765, .T. ) ;
#2883 = EDGE_LOOP ( 'NONE', ( #3217, #3254, #2228, #1337 ) ) ;
#2884 = CARTESIAN_POINT ( 'NONE',  ( 0.000000000000000000, 0.2500000000000000000, -0.8400000000000003020 ) ) ;
#2885 = CARTESIAN_POINT ( 'NONE',  ( 3.057094650286992423E-16, 0.2500000000000000000, -0.4299999999999983835 ) ) ;
#2886 = ORIENTED_EDGE ( 'NONE', *, *, #2846, .F. ) ;
#2887 = LINE ( 'NONE', #3390, #1192 ) ;
#2888 = ADVANCED_FACE ( 'NONE', ( #2063 ), #3369, .F. ) ;
#2889 = DIRECTION ( 'NONE',  ( 0.000000000000000000, 0.000000000000000000, -1.000000000000000000 ) ) ;
#2890 = DIRECTION ( 'NONE',  ( 0.000000000000000000, -1.000000000000000000, 0.000000000000000000 ) ) ;
#2891 = CARTESIAN_POINT ( 'NONE',  ( -1.324999999999999734, 0.000000000000000000, -2.500000000000000000 ) ) ;
#2892 = EDGE_CURVE ( 'NONE', #1823, #2104, #790, .T. ) ;
#2893 = DIRECTION ( 'NONE',  ( -0.000000000000000000, -0.000000000000000000, 1.000000000000000000 ) ) ;
#2894 = ORIENTED_EDGE ( 'NONE', *, *, #3292, .T. ) ;
#2895 = LINE ( 'NONE', #248, #3016 ) ;
#2896 = DIRECTION ( 'NONE',  ( 1.000000000000000000, 0.000000000000000000, 0.000000000000000000 ) ) ;
#2897 = CARTESIAN_POINT ( 'NONE',  ( -1.074999999999998179, 0.2500000000000000000, 0.000000000000000000 ) ) ;
#2898 = EDGE_CURVE ( 'NONE', #3052, #243, #1537, .T. ) ;
#2899 = ORIENTED_EDGE ( 'NONE', *, *, #983, .T. ) ;
#2900 = LINE ( 'NONE', #3146, #1459 ) ;
#2901 = DIRECTION ( 'NONE',  ( -0.000000000000000000, -1.000000000000000000, -0.000000000000000000 ) ) ;
#2902 = ORIENTED_EDGE ( 'NONE', *, *, #655, .T. ) ;
#2903 = DIRECTION ( 'NONE',  ( 0.000000000000000000, 0.000000000000000000, -1.000000000000000000 ) ) ;
#2904 = EDGE_CURVE ( 'NONE', #3429, #992, #2360, .T. ) ;
#2905 = VECTOR ( 'NONE', #990, 1000.000000000000000 ) ;
#2906 = LINE ( 'NONE', #2634, #340 ) ;
#2907 = CARTESIAN_POINT ( 'NONE',  ( -1.500109235373391309E-15, 0.2500000000000000000, 2.110000000000001652 ) ) ;
#2908 = LINE ( 'NONE', #2397, #133 ) ;
#2909 = AXIS2_PLACEMENT_3D ( 'NONE', #1589, #304, #3177 ) ;
#2910 = EDGE_CURVE ( 'NONE', #2726, #1765, #1965, .T. ) ;
#2911 = EDGE_CURVE ( 'NONE', #1205, #860, #510, .T. ) ;
#2912 = LINE ( 'NONE', #259, #589 ) ;
#2913 = ORIENTED_EDGE ( 'NONE', *, *, #1729, .T. ) ;
#2914 = LINE ( 'NONE', #2341, #2013 ) ;
#2915 = SURFACE_STYLE_FILL_AREA ( #1003 ) ;
#2916 = VECTOR ( 'NONE', #1314, 1000.000000000000000 ) ;
#2917 = DIRECTION ( 'NONE',  ( -1.000000000000000000, 0.000000000000000000, -0.000000000000000000 ) ) ;
#2918 = CARTESIAN_POINT ( 'NONE',  ( -1.324999999999998845, 0.2500000000000000000, 2.500000000000000000 ) ) ;
#2919 = DIRECTION ( 'NONE',  ( 1.000000000000000000, 0.000000000000000000, 7.109522442527915774E-16 ) ) ;
#2920 = AXIS2_PLACEMENT_3D ( 'NONE', #2347, #993, #2620 ) ;
#2921 = DIRECTION ( 'NONE',  ( 0.000000000000000000, -1.000000000000000000, 0.000000000000000000 ) ) ;
#2922 = AXIS2_PLACEMENT_3D ( 'NONE', #2768, #1422, #1454 ) ;
#2923 = CARTESIAN_POINT ( 'NONE',  ( -1.324999999999998845, 0.000000000000000000, 2.500000000000000000 ) ) ;
#2924 = LINE ( 'NONE', #534, #1855 ) ;
#2925 = DIRECTION ( 'NONE',  ( 0.000000000000000000, 0.000000000000000000, -1.000000000000000000 ) ) ;
#2926 = AXIS2_PLACEMENT_3D ( 'NONE', #1507, #2581, #737 ) ;
#2927 = VECTOR ( 'NONE', #1488, 1000.000000000000000 ) ;
#2928 = UNCERTAINTY_MEASURE_WITH_UNIT (LENGTH_MEASURE( 1.000000000000000082E-05 ), #1727, 'distance_accuracy_value', 'NONE');
#2929 = EDGE_CURVE ( 'NONE', #2183, #1087, #988, .T. ) ;
#2930 = FACE_OUTER_BOUND ( 'NONE', #1778, .T. ) ;
#2931 = ORIENTED_EDGE ( 'NONE', *, *, #2382, .T. ) ;
#2932 = DIRECTION ( 'NONE',  ( 0.000000000000000000, -1.000000000000000000, 0.000000000000000000 ) ) ;
#2933 = PLANE ( 'NONE',  #2578 ) ;
#2934 = VERTEX_POINT ( 'NONE', #2083 ) ;
#2935 = DIRECTION ( 'NONE',  ( 0.000000000000000000, -0.000000000000000000, -1.000000000000000000 ) ) ;
#2936 = ORIENTED_EDGE ( 'NONE', *, *, #2042, .T. ) ;
#2937 = DIRECTION ( 'NONE',  ( 7.109522442527915774E-16, 0.000000000000000000, -1.000000000000000000 ) ) ;
#2938 = LINE ( 'NONE', #237, #1290 ) ;
#2939 = EDGE_CURVE ( 'NONE', #761, #2131, #182, .T. ) ;
#2940 = PRODUCT_RELATED_PRODUCT_CATEGORY ( 'part', '', ( #909 ) ) ;
#2941 = PLANE ( 'NONE',  #3244 ) ;
#2942 = ADVANCED_FACE ( 'NONE', ( #1511 ), #2585, .T. ) ;
#2943 = FACE_OUTER_BOUND ( 'NONE', #3325, .T. ) ;
#2944 = CARTESIAN_POINT ( 'NONE',  ( 0.000000000000000000, 0.2500000000000000000, 0.000000000000000000 ) ) ;
#2945 = FACE_BOUND ( 'NONE', #29, .T. ) ;
#2946 = CARTESIAN_POINT ( 'NONE',  ( -2.199999999999999289, 0.9500000000000000666, -2.100000000000000089 ) ) ;
#2947 = EDGE_LOOP ( 'NONE', ( #2149, #3184, #1188, #1365 ) ) ;
#2948 = EDGE_CURVE ( 'NONE', #920, #992, #775, .T. ) ;
#2949 = CARTESIAN_POINT ( 'NONE',  ( -1.324999999999999734, 0.2500000000000000000, -2.500000000000000000 ) ) ;
#2950 = ORIENTED_EDGE ( 'NONE', *, *, #2904, .T. ) ;
#2951 = DIRECTION ( 'NONE',  ( -0.000000000000000000, 0.000000000000000000, 1.000000000000000000 ) ) ;
#2952 = VERTEX_POINT ( 'NONE', #2615 ) ;
#2953 = LINE ( 'NONE', #3172, #2006 ) ;
#2954 = CARTESIAN_POINT ( 'NONE',  ( 3.000000000000000000, 0.2500000000000000000, -0.8400000000000003020 ) ) ;
#2955 = LINE ( 'NONE', #1940, #2310 ) ;
#2956 = EDGE_CURVE ( 'NONE', #2543, #2808, #1585, .T. ) ;
#2957 = CARTESIAN_POINT ( 'NONE',  ( 3.000000000000000000, 1.050000000000000044, -2.500000000000000000 ) ) ;
#2958 = LINE ( 'NONE', #3267, #2674 ) ;
#2959 = CARTESIAN_POINT ( 'NONE',  ( 0.000000000000000000, 0.2500000000000000000, 0.000000000000000000 ) ) ;
#2960 = VECTOR ( 'NONE', #184, 1000.000000000000000 ) ;
#2961 = AXIS2_PLACEMENT_3D ( 'NONE', #3330, #1990, #653 ) ;
#2962 = COLOUR_RGB ( '',0.7921568627450980005, 0.8196078431372548767, 0.9333333333333333481 ) ;
#2963 = ORIENTED_EDGE ( 'NONE', *, *, #2290, .F. ) ;
#2964 = LINE ( 'NONE', #1851, #3033 ) ;
#2965 = VERTEX_POINT ( 'NONE', #464 ) ;
#2966 = VERTEX_POINT ( 'NONE', #2311 ) ;
#2967 = VERTEX_POINT ( 'NONE', #2342 ) ;
#2968 = EDGE_CURVE ( 'NONE', #2227, #2010, #2049, .T. ) ;
#2969 = CARTESIAN_POINT ( 'NONE',  ( -2.999999999999999112, 0.000000000000000000, -2.110000000000000320 ) ) ;
#2970 = ORIENTED_EDGE ( 'NONE', *, *, #2321, .F. ) ;
#2971 = DIRECTION ( 'NONE',  ( -0.000000000000000000, -0.000000000000000000, 1.000000000000000000 ) ) ;
#2972 = LINE ( 'NONE', #1687, #1848 ) ;
#2973 =( GEOMETRIC_REPRESENTATION_CONTEXT ( 3 ) GLOBAL_UNCERTAINTY_ASSIGNED_CONTEXT ( ( #82 ) ) GLOBAL_UNIT_ASSIGNED_CONTEXT ( ( #1599, #1068, #3447 ) ) REPRESENTATION_CONTEXT ( 'NONE', 'WORKASPACE' ) );
#2974 = CARTESIAN_POINT ( 'NONE',  ( 3.057094650287019047E-16, 0.000000000000000000, -0.4300000000000021583 ) ) ;
#2975 = AXIS2_PLACEMENT_3D ( 'NONE', #3150, #1830, #501 ) ;
#2976 = CARTESIAN_POINT ( 'NONE',  ( 2.390000000000001457, 0.000000000000000000, -0.4300000000000004929 ) ) ;
#2977 = LINE ( 'NONE', #2189, #1349 ) ;
#2978 = EDGE_CURVE ( 'NONE', #1035, #1505, #2848, .T. ) ;
#2979 = VECTOR ( 'NONE', #1388, 1000.000000000000000 ) ;
#2980 = CLOSED_SHELL ( 'NONE', ( #2261, #1086, #2641, #3371, #1930, #3048 ) ) ;
#2981 = VECTOR ( 'NONE', #2764, 1000.000000000000000 ) ;
#2982 = ORIENTED_EDGE ( 'NONE', *, *, #560, .T. ) ;
#2983 = DIRECTION ( 'NONE',  ( 1.000000000000000000, -0.000000000000000000, 1.053902476292106240E-16 ) ) ;
#2984 = VERTEX_POINT ( 'NONE', #760 ) ;
#2985 = EDGE_LOOP ( 'NONE', ( #2472, #3336, #2316, #712 ) ) ;
#2986 = ORIENTED_EDGE ( 'NONE', *, *, #755, .F. ) ;
#2987 = DIRECTION ( 'NONE',  ( 0.000000000000000000, -0.000000000000000000, -1.000000000000000000 ) ) ;
#2988 = VERTEX_POINT ( 'NONE', #1263 ) ;
#2989 = CARTESIAN_POINT ( 'NONE',  ( 3.000000000000000000, 0.000000000000000000, -1.700000000000000400 ) ) ;
#2990 = CARTESIAN_POINT ( 'NONE',  ( 3.000000000000000000, 0.2500000000000000000, -2.110000000000000320 ) ) ;
#2991 = CARTESIAN_POINT ( 'NONE',  ( 2.390000000000000568, 0.2500000000000000000, 3.615688175219100320E-15 ) ) ;
#2992 = LINE ( 'NONE', #3266, #2399 ) ;
#2993 = PLANE ( 'NONE',  #289 ) ;
#2994 = LINE ( 'NONE', #2258, #1594 ) ;
#2995 = EDGE_LOOP ( 'NONE', ( #1368, #2043, #152, #1682 ) ) ;
#2996 = DIRECTION ( 'NONE',  ( 1.000000000000000000, 0.000000000000000000, 7.109522442527915774E-16 ) ) ;
#2997 = ORIENTED_EDGE ( 'NONE', *, *, #1058, .T. ) ;
#2998 = ORIENTED_EDGE ( 'NONE', *, *, #3213, .F. ) ;
#2999 = ORIENTED_EDGE ( 'NONE', *, *, #1540, .F. ) ;
#3000 = LINE ( 'NONE', #924, #524 ) ;
#3001 = EDGE_LOOP ( 'NONE', ( #2699, #311, #2384, #1508 ) ) ;
#3002 = LINE ( 'NONE', #842, #2785 ) ;
#3003 = DIRECTION ( 'NONE',  ( 1.000000000000000000, 0.000000000000000000, 0.000000000000000000 ) ) ;
#3004 = ADVANCED_FACE ( 'NONE', ( #3399 ), #2329, .T. ) ;
#3005 = CARTESIAN_POINT ( 'NONE',  ( 0.000000000000000000, 0.000000000000000000, 0.000000000000000000 ) ) ;
#3006 = DIRECTION ( 'NONE',  ( 0.000000000000000000, 0.000000000000000000, -1.000000000000000000 ) ) ;
#3007 = LINE ( 'NONE', #2483, #1584 ) ;
#3008 = FACE_OUTER_BOUND ( 'NONE', #2390, .T. ) ;
#3009 = ADVANCED_FACE ( 'NONE', ( #2882 ), #495, .T. ) ;
#3010 = EDGE_CURVE ( 'NONE', #2607, #2730, #840, .T. ) ;
#3011 = VECTOR ( 'NONE', #1140, 1000.000000000000000 ) ;
#3012 = VECTOR ( 'NONE', #158, 1000.000000000000000 ) ;
#3013 = VECTOR ( 'NONE', #229, 1000.000000000000000 ) ;
#3014 = LINE ( 'NONE', #378, #1147 ) ;
#3015 = ORIENTED_EDGE ( 'NONE', *, *, #2277, .T. ) ;
#3016 = VECTOR ( 'NONE', #507, 1000.000000000000000 ) ;
#3017 = EDGE_LOOP ( 'NONE', ( #989, #2307, #3419, #975 ) ) ;
#3018 = VERTEX_POINT ( 'NONE', #1072 ) ;
#3019 = ADVANCED_FACE ( 'NONE', ( #3259 ), #580, .T. ) ;
#3020 = LINE ( 'NONE', #99, #808 ) ;
#3021 = ORIENTED_EDGE ( 'NONE', *, *, #428, .T. ) ;
#3022 = CARTESIAN_POINT ( 'NONE',  ( 3.000000000000000000, 0.000000000000000000, -0.4300000000000002709 ) ) ;
#3023 = FACE_OUTER_BOUND ( 'NONE', #164, .T. ) ;
#3024 = DIRECTION ( 'NONE',  ( -1.512840240677447616E-15, 0.000000000000000000, 1.000000000000000000 ) ) ;
#3025 = CARTESIAN_POINT ( 'NONE',  ( 3.000000000000000000, 0.000000000000000000, 2.500000000000000000 ) ) ;
#3026 = DIRECTION ( 'NONE',  ( -1.000000000000000000, 0.000000000000000000, -0.000000000000000000 ) ) ;
#3027 = AXIS2_PLACEMENT_3D ( 'NONE', #1604, #2116, #1556 ) ;
#3028 = DIRECTION ( 'NONE',  ( -1.000000000000000000, 0.000000000000000000, -0.000000000000000000 ) ) ;
#3029 = VECTOR ( 'NONE', #2732, 1000.000000000000000 ) ;
#3030 = VECTOR ( 'NONE', #3212, 1000.000000000000000 ) ;
#3031 = CARTESIAN_POINT ( 'NONE',  ( 2.390000000000001457, 0.2500000000000000000, 0.8399999999999996358 ) ) ;
#3032 = ORIENTED_EDGE ( 'NONE', *, *, #1048, .T. ) ;
#3033 = VECTOR ( 'NONE', #2383, 1000.000000000000000 ) ;
#3034 = ORIENTED_EDGE ( 'NONE', *, *, #3443, .T. ) ;
#3035 = ORIENTED_EDGE ( 'NONE', *, *, #488, .F. ) ;
#3036 = EDGE_CURVE ( 'NONE', #757, #1204, #2181, .T. ) ;
#3037 = DIRECTION ( 'NONE',  ( 0.7071067811865383579, 0.000000000000000000, -0.7071067811865567876 ) ) ;
#3038 = ORIENTED_EDGE ( 'NONE', *, *, #615, .F. ) ;
#3039 = APPLICATION_CONTEXT ( 'automotive_design' ) ;
#3040 = PLANE ( 'NONE',  #2294 ) ;
#3041 = FACE_OUTER_BOUND ( 'NONE', #97, .T. ) ;
#3042 = CARTESIAN_POINT ( 'NONE',  ( 2.289999999999999591, 0.2500000000000000000, -2.209999999999999964 ) ) ;
#3043 = EDGE_CURVE ( 'NONE', #1283, #806, #1919, .T. ) ;
#3044 = LINE ( 'NONE', #1130, #3453 ) ;
#3045 = DIRECTION ( 'NONE',  ( 0.000000000000000000, -1.000000000000000000, 0.000000000000000000 ) ) ;
#3046 =( NAMED_UNIT ( * ) PLANE_ANGLE_UNIT ( ) SI_UNIT ( $, .RADIAN. ) );
#3047 = CARTESIAN_POINT ( 'NONE',  ( -1.324999999999998845, 0.2500000000000000000, 2.500000000000000000 ) ) ;
#3048 = ADVANCED_FACE ( 'NONE', ( #2681 ), #1902, .T. ) ;
#3049 = CARTESIAN_POINT ( 'NONE',  ( -2.999999999999999112, 0.2500000000000000000, 0.000000000000000000 ) ) ;
#3050 = VERTEX_POINT ( 'NONE', #2461 ) ;
#3051 = VERTEX_POINT ( 'NONE', #1885 ) ;
#3052 = VERTEX_POINT ( 'NONE', #13 ) ;
#3053 = LINE ( 'NONE', #664, #695 ) ;
#3054 = EDGE_CURVE ( 'NONE', #1787, #2731, #558, .T. ) ;
#3055 = ORIENTED_EDGE ( 'NONE', *, *, #367, .F. ) ;
#3056 = SURFACE_STYLE_USAGE ( .BOTH. , #739 ) ;
#3057 = LINE ( 'NONE', #1246, #2073 ) ;
#3058 = CARTESIAN_POINT ( 'NONE',  ( 2.250000000000031974, 0.2500000000000000000, 2.249999999999972911 ) ) ;
#3059 = CARTESIAN_POINT ( 'NONE',  ( -2.999999999999999112, -0.000000000000000000, 1.699999999999999734 ) ) ;
#3060 = DIRECTION ( 'NONE',  ( 0.000000000000000000, -0.000000000000000000, 1.000000000000000000 ) ) ;
#3061 = LINE ( 'NONE', #948, #696 ) ;
#3062 = ORIENTED_EDGE ( 'NONE', *, *, #1108, .F. ) ;
#3063 = DIRECTION ( 'NONE',  ( 7.109522442527915774E-16, 0.000000000000000000, -1.000000000000000000 ) ) ;
#3064 = EDGE_CURVE ( 'NONE', #1437, #1051, #1092, .T. ) ;
#3065 = LINE ( 'NONE', #1782, #1920 ) ;
#3066 = EDGE_LOOP ( 'NONE', ( #2381, #2330, #3289, #922 ) ) ;
#3067 = ORIENTED_EDGE ( 'NONE', *, *, #693, .T. ) ;
#3068 = FACE_OUTER_BOUND ( 'NONE', #1363, .T. ) ;
#3069 = AXIS2_PLACEMENT_3D ( 'NONE', #3332, #3078, #1810 ) ;
#3070 = VERTEX_POINT ( 'NONE', #2969 ) ;
#3071 = FILL_AREA_STYLE ('',( #3313 ) ) ;
#3072 = DIRECTION ( 'NONE',  ( -0.000000000000000000, -1.000000000000000000, -0.000000000000000000 ) ) ;
#3073 = VECTOR ( 'NONE', #2052, 1000.000000000000000 ) ;
#3074 = VECTOR ( 'NONE', #2599, 1000.000000000000000 ) ;
#3075 = ADVANCED_FACE ( 'NONE', ( #526 ), #1370, .T. ) ;
#3076 = CARTESIAN_POINT ( 'NONE',  ( -2.999999999999999112, 0.2500000000000000000, -0.8400000000000003020 ) ) ;
#3077 = ORIENTED_EDGE ( 'NONE', *, *, #2210, .F. ) ;
#3078 = DIRECTION ( 'NONE',  ( 0.000000000000000000, -1.000000000000000000, 0.000000000000000000 ) ) ;
#3079 = CARTESIAN_POINT ( 'NONE',  ( -1.324999999999999734, 0.2500000000000000000, -2.209999999999999520 ) ) ;
#3080 = DIRECTION ( 'NONE',  ( -0.000000000000000000, -1.000000000000000000, -0.000000000000000000 ) ) ;
#3081 = ORIENTED_EDGE ( 'NONE', *, *, #2239, .F. ) ;
#3082 = CARTESIAN_POINT ( 'NONE',  ( -2.999999999999999112, 0.000000000000000000, -2.500000000000000000 ) ) ;
#3083 = EDGE_LOOP ( 'NONE', ( #3339, #2015, #326, #1066 ) ) ;
#3084 = CARTESIAN_POINT ( 'NONE',  ( -1.074999999999998179, 0.2500000000000000000, 2.209999999999999964 ) ) ;
#3085 = VECTOR ( 'NONE', #1295, 1000.000000000000000 ) ;
#3086 = ORIENTED_EDGE ( 'NONE', *, *, #2639, .F. ) ;
#3087 = ORIENTED_EDGE ( 'NONE', *, *, #1780, .F. ) ;
#3088 = VECTOR ( 'NONE', #3205, 1000.000000000000000 ) ;
#3089 = CARTESIAN_POINT ( 'NONE',  ( -2.390000000000000568, 0.2500000000000000000, 0.000000000000000000 ) ) ;
#3090 = CYLINDRICAL_SURFACE ( 'NONE', #1654, 0.2999999999999999334 ) ;
#3091 = ORIENTED_EDGE ( 'NONE', *, *, #743, .T. ) ;
#3092 = DIRECTION ( 'NONE',  ( -0.000000000000000000, -1.000000000000000000, -0.000000000000000000 ) ) ;
#3093 = DIRECTION ( 'NONE',  ( 1.000000000000000000, 0.000000000000000000, 7.109522442527915774E-16 ) ) ;
#3094 = VECTOR ( 'NONE', #94, 1000.000000000000000 ) ;
#3095 = ORIENTED_EDGE ( 'NONE', *, *, #3303, .T. ) ;
#3096 = DIRECTION ( 'NONE',  ( 1.000000000000000000, 0.000000000000000000, 5.234079453378299335E-15 ) ) ;
#3097 = FACE_OUTER_BOUND ( 'NONE', #2728, .T. ) ;
#3098 = LINE ( 'NONE', #711, #2588 ) ;
#3099 = ORIENTED_EDGE ( 'NONE', *, *, #3255, .T. ) ;
#3100 = DIRECTION ( 'NONE',  ( 0.000000000000000000, 0.000000000000000000, -1.000000000000000000 ) ) ;
#3101 = ORIENTED_EDGE ( 'NONE', *, *, #1981, .T. ) ;
#3102 = CARTESIAN_POINT ( 'NONE',  ( -2.199999999999999289, 0.9500000000000000666, -1.800000000000000044 ) ) ;
#3103 = ORIENTED_EDGE ( 'NONE', *, *, #3398, .T. ) ;
#3104 = ORIENTED_EDGE ( 'NONE', *, *, #1163, .T. ) ;
#3105 = EDGE_CURVE ( 'NONE', #2863, #2952, #596, .T. ) ;
#3106 = CARTESIAN_POINT ( 'NONE',  ( 0.000000000000000000, 0.2500000000000000000, -0.8400000000000003020 ) ) ;
#3107 = ORIENTED_EDGE ( 'NONE', *, *, #106, .T. ) ;
#3108 = CARTESIAN_POINT ( 'NONE',  ( 2.250000000000005329, -0.000000000000000000, -2.249999999999995115 ) ) ;
#3109 = PLANE ( 'NONE',  #565 ) ;
#3110 = DIRECTION ( 'NONE',  ( 0.000000000000000000, 0.000000000000000000, 1.000000000000000000 ) ) ;
#3111 = ORIENTED_EDGE ( 'NONE', *, *, #2168, .T. ) ;
#3112 = LINE ( 'NONE', #466, #1340 ) ;
#3113 = DIRECTION ( 'NONE',  ( 0.000000000000000000, 0.000000000000000000, -1.000000000000000000 ) ) ;
#3114 = ORIENTED_EDGE ( 'NONE', *, *, #2168, .F. ) ;
#3115 = PLANE ( 'NONE',  #3027 ) ;
#3116 = DIRECTION ( 'NONE',  ( 0.000000000000000000, 0.000000000000000000, 1.000000000000000000 ) ) ;
#3117 = ADVANCED_FACE ( 'NONE', ( #2164 ), #824, .F. ) ;
#3118 = EDGE_CURVE ( 'NONE', #992, #648, #2150, .T. ) ;
#3119 = VERTEX_POINT ( 'NONE', #263 ) ;
#3120 = ORIENTED_EDGE ( 'NONE', *, *, #90, .T. ) ;
#3121 = LINE ( 'NONE', #1224, #1429 ) ;
#3122 = ORIENTED_EDGE ( 'NONE', *, *, #2892, .F. ) ;
#3123 = CARTESIAN_POINT ( 'NONE',  ( -1.500109235373391309E-15, -0.000000000000000000, 2.110000000000001652 ) ) ;
#3124 = EDGE_CURVE ( 'NONE', #1516, #1249, #2701, .T. ) ;
#3125 = VECTOR ( 'NONE', #2971, 1000.000000000000000 ) ;
#3126 = DIRECTION ( 'NONE',  ( 1.000000000000000000, -0.000000000000000000, 1.512840240677447616E-15 ) ) ;
#3127 = VERTEX_POINT ( 'NONE', #2442 ) ;
#3128 = AXIS2_PLACEMENT_3D ( 'NONE', #2741, #356, #203 ) ;
#3129 = VECTOR ( 'NONE', #2139, 1000.000000000000000 ) ;
#3130 = CARTESIAN_POINT ( 'NONE',  ( -1.074999999999998179, 0.2500000000000000000, 2.209999999999999964 ) ) ;
#3131 = LINE ( 'NONE', #486, #956 ) ;
#3132 = ORIENTED_EDGE ( 'NONE', *, *, #181, .T. ) ;
#3133 = CARTESIAN_POINT ( 'NONE',  ( -2.999999999999999112, 1.050000000000000044, -2.500000000000000000 ) ) ;
#3134 = SURFACE_SIDE_STYLE ('',( #2538 ) ) ;
#3135 = VERTEX_POINT ( 'NONE', #46 ) ;
#3136 = VECTOR ( 'NONE', #3164, 1000.000000000000000 ) ;
#3137 = CARTESIAN_POINT ( 'NONE',  ( -2.999999999999999112, 0.000000000000000000, -1.700000000000000400 ) ) ;
#3138 = ORIENTED_EDGE ( 'NONE', *, *, #139, .T. ) ;
#3139 = CARTESIAN_POINT ( 'NONE',  ( -2.999999999999999112, 0.000000000000000000, 2.500000000000000000 ) ) ;
#3140 = SURFACE_SIDE_STYLE ('',( #2915 ) ) ;
#3141 = EDGE_CURVE ( 'NONE', #1001, #431, #2389, .T. ) ;
#3142 = VECTOR ( 'NONE', #278, 1000.000000000000000 ) ;
#3143 = DIRECTION ( 'NONE',  ( 0.000000000000000000, 0.000000000000000000, -1.000000000000000000 ) ) ;
#3144 = ORIENTED_EDGE ( 'NONE', *, *, #2716, .F. ) ;
#3145 = VECTOR ( 'NONE', #2925, 1000.000000000000000 ) ;
#3146 = CARTESIAN_POINT ( 'NONE',  ( 6.284817839194682499E-15, -0.000000000000000000, -2.209999999999995968 ) ) ;
#3147 = CARTESIAN_POINT ( 'NONE',  ( 2.390000000000001457, 0.2500000000000000000, 2.109999999999999432 ) ) ;
#3148 = EDGE_LOOP ( 'NONE', ( #2487, #1634, #981, #606 ) ) ;
#3149 = AXIS2_PLACEMENT_3D ( 'NONE', #978, #2041, #958 ) ;
#3150 = CARTESIAN_POINT ( 'NONE',  ( 2.389999999999998792, 0.2500000000000000000, 3.615688175219098742E-15 ) ) ;
#3151 = CARTESIAN_POINT ( 'NONE',  ( -2.999999999999999112, 1.050000000000000044, -2.500000000000000000 ) ) ;
#3152 = ORIENTED_EDGE ( 'NONE', *, *, #634, .T. ) ;
#3153 = EDGE_CURVE ( 'NONE', #559, #1996, #2129, .T. ) ;
#3154 = EDGE_CURVE ( 'NONE', #593, #2797, #543, .T. ) ;
#3155 = CARTESIAN_POINT ( 'NONE',  ( 3.057094650287019047E-16, 0.2500000000000000000, -0.4300000000000021583 ) ) ;
#3156 = ORIENTED_EDGE ( 'NONE', *, *, #2398, .T. ) ;
#3157 = LINE ( 'NONE', #1564, #1240 ) ;
#3158 = EDGE_CURVE ( 'NONE', #2755, #2726, #2406, .T. ) ;
#3159 = DIRECTION ( 'NONE',  ( 0.000000000000000000, 1.000000000000000000, 0.000000000000000000 ) ) ;
#3160 = ORIENTED_EDGE ( 'NONE', *, *, #56, .T. ) ;
#3161 = DIRECTION ( 'NONE',  ( 1.000000000000000000, 0.000000000000000000, 0.000000000000000000 ) ) ;
#3162 = LINE ( 'NONE', #778, #2011 ) ;
#3163 = VERTEX_POINT ( 'NONE', #2490 ) ;
#3164 = DIRECTION ( 'NONE',  ( 1.000000000000000000, 0.000000000000000000, 7.109522442527951273E-16 ) ) ;
#3165 = DIRECTION ( 'NONE',  ( -0.000000000000000000, -1.000000000000000000, -0.000000000000000000 ) ) ;
#3166 = PLANE ( 'NONE',  #2124 ) ;
#3167 = LINE ( 'NONE', #535, #21 ) ;
#3168 = CARTESIAN_POINT ( 'NONE',  ( 3.000000000000000000, 0.2500000000000000000, 0.8399999999999998579 ) ) ;
#3169 = VERTEX_POINT ( 'NONE', #402 ) ;
#3170 = LINE ( 'NONE', #273, #675 ) ;
#3171 = FACE_OUTER_BOUND ( 'NONE', #1277, .T. ) ;
#3172 = CARTESIAN_POINT ( 'NONE',  ( 0.000000000000000000, 0.2500000000000000000, -0.8400000000000003020 ) ) ;
#3173 = CARTESIAN_POINT ( 'NONE',  ( 3.057094650286992423E-16, 0.000000000000000000, -0.4299999999999983835 ) ) ;
#3174 = PLANE ( 'NONE',  #1473 ) ;
#3175 = VECTOR ( 'NONE', #794, 1000.000000000000000 ) ;
#3176 = VECTOR ( 'NONE', #1156, 1000.000000000000000 ) ;
#3177 = DIRECTION ( 'NONE',  ( -1.000000000000000000, 0.000000000000000000, -7.109522442527915774E-16 ) ) ;
#3178 = CARTESIAN_POINT ( 'NONE',  ( -2.999999999999999112, 0.000000000000000000, 2.500000000000000000 ) ) ;
#3179 = DIRECTION ( 'NONE',  ( 0.000000000000000000, 1.000000000000000000, 0.000000000000000000 ) ) ;
#3180 = AXIS2_PLACEMENT_3D ( 'NONE', #773, #1067, #1278 ) ;
#3181 = ADVANCED_FACE ( 'NONE', ( #2807 ), #418, .T. ) ;
#3182 = LINE ( 'NONE', #1311, #1762 ) ;
#3183 = ORIENTED_EDGE ( 'NONE', *, *, #2136, .T. ) ;
#3184 = ORIENTED_EDGE ( 'NONE', *, *, #1700, .F. ) ;
#3185 = ADVANCED_FACE ( 'NONE', ( #3068 ), #121, .T. ) ;
#3186 = AXIS2_PLACEMENT_3D ( 'NONE', #2271, #654, #1443 ) ;
#3187 = CARTESIAN_POINT ( 'NONE',  ( -1.500109235373391309E-15, 0.2500000000000000000, 2.110000000000001652 ) ) ;
#3188 = VERTEX_POINT ( 'NONE', #3327 ) ;
#3189 = CARTESIAN_POINT ( 'NONE',  ( 1.208618815229750533E-15, 0.2500000000000000000, -1.699999999999998401 ) ) ;
#3190 = DIRECTION ( 'NONE',  ( -0.7071067811865459074, 0.000000000000000000, -0.7071067811865491270 ) ) ;
#3191 = AXIS2_PLACEMENT_3D ( 'NONE', #3349, #3331, #2291 ) ;
#3192 = DIRECTION ( 'NONE',  ( 0.000000000000000000, -1.000000000000000000, 0.000000000000000000 ) ) ;
#3193 = CIRCLE ( 'NONE', #1647, 0.2999999999999999334 ) ;
#3194 = CARTESIAN_POINT ( 'NONE',  ( -5.971998851723433710E-16, 0.2500000000000000000, 0.8399999999999978595 ) ) ;
#3195 = CARTESIAN_POINT ( 'NONE',  ( 3.000000000000000000, 0.2500000000000000000, 1.699999999999999734 ) ) ;
#3196 = EDGE_LOOP ( 'NONE', ( #1420, #2867, #3360, #3201 ) ) ;
#3197 = AXIS2_PLACEMENT_3D ( 'NONE', #2624, #2654, #2119 ) ;
#3198 = EDGE_CURVE ( 'NONE', #1608, #960, #1491, .T. ) ;
#3199 = EDGE_CURVE ( 'NONE', #183, #324, #85, .T. ) ;
#3200 = DIRECTION ( 'NONE',  ( -1.053902476292106240E-16, 0.000000000000000000, 1.000000000000000000 ) ) ;
#3201 = ORIENTED_EDGE ( 'NONE', *, *, #1567, .T. ) ;
#3202 = CARTESIAN_POINT ( 'NONE',  ( -1.324999999999986855, 0.2500000000000000000, -6.935155275726177751E-15 ) ) ;
#3203 = ORIENTED_EDGE ( 'NONE', *, *, #716, .F. ) ;
#3204 = EDGE_CURVE ( 'NONE', #3356, #806, #3000, .T. ) ;
#3205 = DIRECTION ( 'NONE',  ( -1.000000000000000000, 0.000000000000000000, 0.000000000000000000 ) ) ;
#3206 = ORIENTED_EDGE ( 'NONE', *, *, #681, .T. ) ;
#3207 = DIRECTION ( 'NONE',  ( -0.000000000000000000, 0.000000000000000000, 1.000000000000000000 ) ) ;
#3208 = LINE ( 'NONE', #2954, #954 ) ;
#3209 = FACE_OUTER_BOUND ( 'NONE', #1555, .T. ) ;
#3210 = DIRECTION ( 'NONE',  ( 0.000000000000000000, -1.000000000000000000, 0.000000000000000000 ) ) ;
#3211 = FACE_OUTER_BOUND ( 'NONE', #2279, .T. ) ;
#3212 = DIRECTION ( 'NONE',  ( 0.000000000000000000, 0.000000000000000000, 1.000000000000000000 ) ) ;
#3213 = EDGE_CURVE ( 'NONE', #1497, #2731, #382, .T. ) ;
#3214 = EDGE_CURVE ( 'NONE', #2287, #1035, #1472, .T. ) ;
#3215 = ORIENTED_EDGE ( 'NONE', *, *, #2024, .T. ) ;
#3216 = DIRECTION ( 'NONE',  ( 1.000000000000000000, 0.000000000000000000, 1.512840240677447616E-15 ) ) ;
#3217 = ORIENTED_EDGE ( 'NONE', *, *, #1339, .F. ) ;
#3218 = VERTEX_POINT ( 'NONE', #907 ) ;
#3219 = ORIENTED_EDGE ( 'NONE', *, *, #423, .T. ) ;
#3220 = CARTESIAN_POINT ( 'NONE',  ( -2.390000000000000568, 0.2500000000000000000, 0.000000000000000000 ) ) ;
#3221 = ORIENTED_EDGE ( 'NONE', *, *, #2137, .F. ) ;
#3222 = LINE ( 'NONE', #1656, #3011 ) ;
#3223 = EDGE_CURVE ( 'NONE', #1947, #150, #1970, .T. ) ;
#3224 = DIRECTION ( 'NONE',  ( -0.000000000000000000, -1.000000000000000000, -0.000000000000000000 ) ) ;
#3225 = FACE_OUTER_BOUND ( 'NONE', #2361, .T. ) ;
#3226 = DIRECTION ( 'NONE',  ( -1.512840240677447616E-15, 0.000000000000000000, 1.000000000000000000 ) ) ;
#3227 = EDGE_CURVE ( 'NONE', #761, #593, #1749, .T. ) ;
#3228 = CARTESIAN_POINT ( 'NONE',  ( 0.000000000000000000, 0.000000000000000000, 0.000000000000000000 ) ) ;
#3229 = EDGE_LOOP ( 'NONE', ( #413, #2841, #216, #1699 ) ) ;
#3230 = VECTOR ( 'NONE', #1659, 1000.000000000000000 ) ;
#3231 = VECTOR ( 'NONE', #1619, 1000.000000000000000 ) ;
#3232 = EDGE_CURVE ( 'NONE', #33, #438, #2267, .T. ) ;
#3233 = VECTOR ( 'NONE', #92, 1000.000000000000000 ) ;
#3234 = ORIENTED_EDGE ( 'NONE', *, *, #1155, .F. ) ;
#3235 = DIRECTION ( 'NONE',  ( 0.000000000000000000, -0.000000000000000000, 1.000000000000000000 ) ) ;
#3236 = ORIENTED_EDGE ( 'NONE', *, *, #2716, .T. ) ;
#3237 = ORIENTED_EDGE ( 'NONE', *, *, #830, .T. ) ;
#3238 = ORIENTED_EDGE ( 'NONE', *, *, #1415, .T. ) ;
#3239 = CARTESIAN_POINT ( 'NONE',  ( 3.057094650287019047E-16, 0.000000000000000000, -0.4300000000000021583 ) ) ;
#3240 = EDGE_LOOP ( 'NONE', ( #2824, #1139, #2425, #1868 ) ) ;
#3241 = DIRECTION ( 'NONE',  ( -1.000000000000000000, 0.000000000000000000, 0.000000000000000000 ) ) ;
#3242 = DIRECTION ( 'NONE',  ( 0.000000000000000000, -0.000000000000000000, 1.000000000000000000 ) ) ;
#3243 = DIRECTION ( 'NONE',  ( 1.000000000000000000, 0.000000000000000000, 7.109522442527915774E-16 ) ) ;
#3244 = AXIS2_PLACEMENT_3D ( 'NONE', #2991, #1128, #3454 ) ;
#3245 = CARTESIAN_POINT ( 'NONE',  ( 2.250000000000005329, 0.2500000000000000000, -2.249999999999995115 ) ) ;
#3246 = LINE ( 'NONE', #2172, #1801 ) ;
#3247 = DIRECTION ( 'NONE',  ( -1.000000000000000000, 0.000000000000000000, -0.000000000000000000 ) ) ;
#3248 =( GEOMETRIC_REPRESENTATION_CONTEXT ( 3 ) GLOBAL_UNCERTAINTY_ASSIGNED_CONTEXT ( ( #363 ) ) GLOBAL_UNIT_ASSIGNED_CONTEXT ( ( #1816, #166, #149 ) ) REPRESENTATION_CONTEXT ( 'NONE', 'WORKASPACE' ) );
#3249 = CLOSED_SHELL ( 'NONE', ( #2393, #2860, #1992, #3004 ) ) ;
#3250 = VECTOR ( 'NONE', #2471, 1000.000000000000000 ) ;
#3251 = ORIENTED_EDGE ( 'NONE', *, *, #935, .T. ) ;
#3252 = LINE ( 'NONE', #2453, #1821 ) ;
#3253 = EDGE_CURVE ( 'NONE', #559, #1668, #650, .T. ) ;
#3254 = ORIENTED_EDGE ( 'NONE', *, *, #51, .F. ) ;
#3255 = EDGE_CURVE ( 'NONE', #2804, #2823, #3020, .T. ) ;
#3256 = UNCERTAINTY_MEASURE_WITH_UNIT (LENGTH_MEASURE( 1.000000000000000082E-05 ), #3391, 'distance_accuracy_value', 'NONE');
#3257 = ORIENTED_EDGE ( 'NONE', *, *, #1595, .F. ) ;
#3258 = ORIENTED_EDGE ( 'NONE', *, *, #2530, .T. ) ;
#3259 = FACE_OUTER_BOUND ( 'NONE', #3017, .T. ) ;
#3260 = ORIENTED_EDGE ( 'NONE', *, *, #1264, .T. ) ;
#3261 = ADVANCED_FACE ( 'NONE', ( #1987 ), #1186, .F. ) ;
#3262 = DIRECTION ( 'NONE',  ( 0.000000000000000000, -1.000000000000000000, 0.000000000000000000 ) ) ;
#3263 = DIRECTION ( 'NONE',  ( -1.000000000000000000, 0.000000000000000000, -7.109522442527951273E-16 ) ) ;
#3264 = LINE ( 'NONE', #2394, #1696 ) ;
#3265 = ADVANCED_FACE ( 'NONE', ( #1153 ), #2215, .T. ) ;
#3266 = CARTESIAN_POINT ( 'NONE',  ( -1.629999999999998339, 0.2500000000000000000, -1.717861036356131604E-16 ) ) ;
#3267 = CARTESIAN_POINT ( 'NONE',  ( -2.390000000000000568, 0.2500000000000000000, 0.4299999999999998268 ) ) ;
#3268 = PLANE ( 'NONE',  #2693 ) ;
#3269 = EDGE_CURVE ( 'NONE', #3218, #1469, #2249, .T. ) ;
#3270 = FACE_OUTER_BOUND ( 'NONE', #1493, .T. ) ;
#3271 = ORIENTED_EDGE ( 'NONE', *, *, #20, .F. ) ;
#3272 = ORIENTED_EDGE ( 'NONE', *, *, #1677, .F. ) ;
#3273 = VERTEX_POINT ( 'NONE', #1439 ) ;
#3274 = CARTESIAN_POINT ( 'NONE',  ( -1.500109235373391309E-15, 0.2500000000000000000, 2.110000000000001652 ) ) ;
#3275 = ORIENTED_EDGE ( 'NONE', *, *, #3153, .F. ) ;
#3276 = CARTESIAN_POINT ( 'NONE',  ( 0.000000000000000000, 0.2500000000000000000, -2.110000000000000320 ) ) ;
#3277 = LINE ( 'NONE', #889, #1688 ) ;
#3278 = DIRECTION ( 'NONE',  ( 0.000000000000000000, 0.000000000000000000, -1.000000000000000000 ) ) ;
#3279 = LINE ( 'NONE', #2466, #2070 ) ;
#3280 = DIRECTION ( 'NONE',  ( -0.000000000000000000, -1.000000000000000000, -0.000000000000000000 ) ) ;
#3281 = DIRECTION ( 'NONE',  ( 0.000000000000000000, 0.000000000000000000, -1.000000000000000000 ) ) ;
#3282 = EDGE_CURVE ( 'NONE', #1668, #31, #3053, .T. ) ;
#3283 = VECTOR ( 'NONE', #75, 1000.000000000000000 ) ;
#3284 = VECTOR ( 'NONE', #3190, 1000.000000000000114 ) ;
#3285 =( GEOMETRIC_REPRESENTATION_CONTEXT ( 3 ) GLOBAL_UNCERTAINTY_ASSIGNED_CONTEXT ( ( #1323 ) ) GLOBAL_UNIT_ASSIGNED_CONTEXT ( ( #1343, #822, #2404 ) ) REPRESENTATION_CONTEXT ( 'NONE', 'WORKASPACE' ) );
#3286 = LINE ( 'NONE', #325, #3094 ) ;
#3287 = VERTEX_POINT ( 'NONE', #2784 ) ;
#3288 = VECTOR ( 'NONE', #3280, 1000.000000000000000 ) ;
#3289 = ORIENTED_EDGE ( 'NONE', *, *, #1155, .T. ) ;
#3290 = EDGE_LOOP ( 'NONE', ( #3293, #3441, #3221, #2326 ) ) ;
#3291 = CARTESIAN_POINT ( 'NONE',  ( -1.074999999999998179, 0.2500000000000000000, 0.000000000000000000 ) ) ;
#3292 = EDGE_CURVE ( 'NONE', #3354, #312, #961, .T. ) ;
#3293 = ORIENTED_EDGE ( 'NONE', *, *, #2123, .T. ) ;
#3294 = LINE ( 'NONE', #2718, #789 ) ;
#3295 = CARTESIAN_POINT ( 'NONE',  ( 0.000000000000000000, 0.2500000000000000000, -2.500000000000000000 ) ) ;
#3296 = ADVANCED_FACE ( 'NONE', ( #1767 ), #702, .F. ) ;
#3297 = CARTESIAN_POINT ( 'NONE',  ( -2.390000000000000568, 0.2500000000000000000, -1.700000000000000178 ) ) ;
#3298 = DIRECTION ( 'NONE',  ( -0.7071067811865383579, 0.000000000000000000, 0.7071067811865567876 ) ) ;
#3299 = LINE ( 'NONE', #76, #341 ) ;
#3300 = LINE ( 'NONE', #2012, #751 ) ;
#3301 = VECTOR ( 'NONE', #330, 1000.000000000000000 ) ;
#3302 = VECTOR ( 'NONE', #1138, 1000.000000000000000 ) ;
#3303 = EDGE_CURVE ( 'NONE', #662, #982, #1465, .T. ) ;
#3304 = AXIS2_PLACEMENT_3D ( 'NONE', #2959, #569, #1644 ) ;
#3305 = CARTESIAN_POINT ( 'NONE',  ( -2.999999999999999112, 0.2500000000000000000, 2.109999999999999876 ) ) ;
#3306 = ORIENTED_EDGE ( 'NONE', *, *, #3315, .T. ) ;
#3307 = EDGE_CURVE ( 'NONE', #572, #1136, #2837, .T. ) ;
#3308 = AXIS2_PLACEMENT_3D ( 'NONE', #3049, #1730, #396 ) ;
#3309 = ORIENTED_EDGE ( 'NONE', *, *, #1317, .T. ) ;
#3310 = ORIENTED_EDGE ( 'NONE', *, *, #1616, .F. ) ;
#3311 = DIRECTION ( 'NONE',  ( -0.000000000000000000, -0.000000000000000000, 1.000000000000000000 ) ) ;
#3312 = ORIENTED_EDGE ( 'NONE', *, *, #1737, .F. ) ;
#3313 = FILL_AREA_STYLE_COLOUR ( '', #2352 ) ;
#3314 = DIRECTION ( 'NONE',  ( 0.000000000000000000, 0.000000000000000000, 1.000000000000000000 ) ) ;
#3315 = EDGE_CURVE ( 'NONE', #65, #1272, #2556, .T. ) ;
#3316 = DIRECTION ( 'NONE',  ( 0.7071067811865383579, 0.000000000000000000, -0.7071067811865567876 ) ) ;
#3317 = FACE_OUTER_BOUND ( 'NONE', #2507, .T. ) ;
#3318 = DIRECTION ( 'NONE',  ( 0.000000000000000000, 1.000000000000000000, 0.000000000000000000 ) ) ;
#3319 = FILL_AREA_STYLE ('',( #1214 ) ) ;
#3320 = ORIENTED_EDGE ( 'NONE', *, *, #2759, .F. ) ;
#3321 = DIRECTION ( 'NONE',  ( 0.000000000000000000, 0.000000000000000000, -1.000000000000000000 ) ) ;
#3322 = CARTESIAN_POINT ( 'NONE',  ( 0.000000000000000000, 0.2500000000000000000, -0.8400000000000003020 ) ) ;
#3323 = EDGE_CURVE ( 'NONE', #2388, #2965, #3335, .T. ) ;
#3324 = VERTEX_POINT ( 'NONE', #1200 ) ;
#3325 = EDGE_LOOP ( 'NONE', ( #1424, #1635, #2679, #2422 ) ) ;
#3326 = EDGE_LOOP ( 'NONE', ( #2282, #591, #3114, #2046, #2568, #1717, #1390, #1733, #1731, #1386, #1487, #1203, #718, #272, #1401, #2475, #147, #721, #1287, #1842, #309, #1452, #610, #2263 ) ) ;
#3327 = CARTESIAN_POINT ( 'NONE',  ( 2.390000000000001457, 0.000000000000000000, 0.8399999999999996358 ) ) ;
#3328 = VERTEX_POINT ( 'NONE', #3082 ) ;
#3329 = DIRECTION ( 'NONE',  ( 1.000000000000000000, 0.000000000000000000, 0.000000000000000000 ) ) ;
#3330 = CARTESIAN_POINT ( 'NONE',  ( 1.208618815229747180E-15, 0.2500000000000000000, -1.700000000000002398 ) ) ;
#3331 = DIRECTION ( 'NONE',  ( 1.000000000000000000, -0.000000000000000000, 0.000000000000000000 ) ) ;
#3332 = CARTESIAN_POINT ( 'NONE',  ( 0.000000000000000000, 0.2500000000000000000, 0.000000000000000000 ) ) ;
#3333 = DIRECTION ( 'NONE',  ( -1.000000000000000000, 0.000000000000000000, 0.000000000000000000 ) ) ;
#3334 = ORIENTED_EDGE ( 'NONE', *, *, #1448, .F. ) ;
#3335 = LINE ( 'NONE', #2537, #1427 ) ;
#3336 = ORIENTED_EDGE ( 'NONE', *, *, #2187, .F. ) ;
#3337 = CARTESIAN_POINT ( 'NONE',  ( 6.284817839194682499E-15, 0.2500000000000000000, -2.209999999999995968 ) ) ;
#3338 = ORIENTED_EDGE ( 'NONE', *, *, #3223, .T. ) ;
#3339 = ORIENTED_EDGE ( 'NONE', *, *, #3154, .F. ) ;
#3340 = VECTOR ( 'NONE', #1924, 1000.000000000000000 ) ;
#3341 = DIRECTION ( 'NONE',  ( 0.000000000000000000, 0.000000000000000000, -1.000000000000000000 ) ) ;
#3342 = VECTOR ( 'NONE', #2756, 1000.000000000000000 ) ;
#3343 = DIRECTION ( 'NONE',  ( 0.000000000000000000, -1.000000000000000000, 0.000000000000000000 ) ) ;
#3344 = ORIENTED_EDGE ( 'NONE', *, *, #430, .T. ) ;
#3345 = DIRECTION ( 'NONE',  ( 1.000000000000000000, 0.000000000000000000, 7.109522442527915774E-16 ) ) ;
#3346 = CARTESIAN_POINT ( 'NONE',  ( 0.000000000000000000, 0.2500000000000000000, -0.8400000000000003020 ) ) ;
#3347 = AXIS2_PLACEMENT_3D ( 'NONE', #422, #1457, #1771 ) ;
#3348 = VECTOR ( 'NONE', #2327, 1000.000000000000000 ) ;
#3349 = CARTESIAN_POINT ( 'NONE',  ( -2.999999999999999112, 1.050000000000000044, 2.500000000000000000 ) ) ;
#3350 = VECTOR ( 'NONE', #2609, 1000.000000000000000 ) ;
#3351 = VERTEX_POINT ( 'NONE', #2574 ) ;
#3352 = DIRECTION ( 'NONE',  ( 1.000000000000000000, 0.000000000000000000, 7.109522442527915774E-16 ) ) ;
#3353 = CARTESIAN_POINT ( 'NONE',  ( 1.208618815229747180E-15, 0.2500000000000000000, -1.700000000000002398 ) ) ;
#3354 = VERTEX_POINT ( 'NONE', #1980 ) ;
#3355 = CARTESIAN_POINT ( 'NONE',  ( -2.999999999999999112, 0.000000000000000000, -2.500000000000000000 ) ) ;
#3356 = VERTEX_POINT ( 'NONE', #2260 ) ;
#3357 = EDGE_CURVE ( 'NONE', #459, #757, #1997, .T. ) ;
#3358 = DIRECTION ( 'NONE',  ( -2.843808977011173804E-15, 0.000000000000000000, 1.000000000000000000 ) ) ;
#3359 = AXIS2_PLACEMENT_3D ( 'NONE', #3133, #1270, #2334 ) ;
#3360 = ORIENTED_EDGE ( 'NONE', *, *, #1839, .T. ) ;
#3361 = ORIENTED_EDGE ( 'NONE', *, *, #1448, .T. ) ;
#3362 = VECTOR ( 'NONE', #109, 1000.000000000000000 ) ;
#3363 = ADVANCED_FACE ( 'NONE', ( #1447 ), #1178, .T. ) ;
#3364 = DIRECTION ( 'NONE',  ( 1.000000000000000000, 0.000000000000000000, 1.053902476292106240E-16 ) ) ;
#3365 = ORIENTED_EDGE ( 'NONE', *, *, #2042, .F. ) ;
#3366 = FILL_AREA_STYLE_COLOUR ( '', #2962 ) ;
#3367 = DIRECTION ( 'NONE',  ( 1.000000000000000000, 0.000000000000000000, 0.000000000000000000 ) ) ;
#3368 = MECHANICAL_DESIGN_GEOMETRIC_PRESENTATION_REPRESENTATION (  '', ( #2417 ), #754 ) ;
#3369 = PLANE ( 'NONE',  #519 ) ;
#3370 = EDGE_CURVE ( 'NONE', #2984, #138, #2499, .T. ) ;
#3371 = ADVANCED_FACE ( 'NONE', ( #432 ), #1502, .F. ) ;
#3372 = VERTEX_POINT ( 'NONE', #1517 ) ;
#3373 = CARTESIAN_POINT ( 'NONE',  ( -2.390000000000000568, -0.000000000000000000, 1.699999999999999734 ) ) ;
#3374 = FACE_OUTER_BOUND ( 'NONE', #86, .T. ) ;
#3375 = ORIENTED_EDGE ( 'NONE', *, *, #1376, .F. ) ;
#3376 = LINE ( 'NONE', #514, #352 ) ;
#3377 = EDGE_CURVE ( 'NONE', #2988, #2163, #1962, .T. ) ;
#3378 = VERTEX_POINT ( 'NONE', #2241 ) ;
#3379 = EDGE_CURVE ( 'NONE', #135, #2988, #3300, .T. ) ;
#3380 = ORIENTED_EDGE ( 'NONE', *, *, #2056, .F. ) ;
#3381 = CARTESIAN_POINT ( 'NONE',  ( -2.390000000000000568, 0.2500000000000000000, 0.000000000000000000 ) ) ;
#3382 = ORIENTED_EDGE ( 'NONE', *, *, #1304, .F. ) ;
#3383 = CARTESIAN_POINT ( 'NONE',  ( -2.999999999999999112, 0.2500000000000000000, 1.699999999999999734 ) ) ;
#3384 =( LENGTH_UNIT ( ) NAMED_UNIT ( * ) SI_UNIT ( .MILLI., .METRE. ) );
#3385 = CARTESIAN_POINT ( 'NONE',  ( -2.199999999999999289, 1.050000000000000044, -1.800000000000000044 ) ) ;
#3386 = ORIENTED_EDGE ( 'NONE', *, *, #2500, .T. ) ;
#3387 = PLANE ( 'NONE',  #1407 ) ;
#3388 = CARTESIAN_POINT ( 'NONE',  ( -1.074999999999998179, 0.2500000000000000000, -2.209999999999999964 ) ) ;
#3389 = ORIENTED_EDGE ( 'NONE', *, *, #444, .F. ) ;
#3390 = CARTESIAN_POINT ( 'NONE',  ( 2.390000000000000568, 0.000000000000000000, 3.615688175219100320E-15 ) ) ;
#3391 =( LENGTH_UNIT ( ) NAMED_UNIT ( * ) SI_UNIT ( .MILLI., .METRE. ) );
#3392 = ORIENTED_EDGE ( 'NONE', *, *, #1817, .T. ) ;
#3393 = ADVANCED_FACE ( 'NONE', ( #917 ), #713, .F. ) ;
#3394 = ORIENTED_EDGE ( 'NONE', *, *, #1611, .T. ) ;
#3395 = DIRECTION ( 'NONE',  ( -1.000000000000000000, 0.000000000000000000, -7.109522442527915774E-16 ) ) ;
#3396 = ORIENTED_EDGE ( 'NONE', *, *, #2786, .F. ) ;
#3397 = VECTOR ( 'NONE', #2740, 1000.000000000000000 ) ;
#3398 = EDGE_CURVE ( 'NONE', #998, #2808, #933, .T. ) ;
#3399 = FACE_OUTER_BOUND ( 'NONE', #2696, .T. ) ;
#3400 = ORIENTED_EDGE ( 'NONE', *, *, #2290, .T. ) ;
#3401 = VECTOR ( 'NONE', #987, 1000.000000000000000 ) ;
#3402 = DIRECTION ( 'NONE',  ( -0.7071067811865477948, 0.000000000000000000, -0.7071067811865473507 ) ) ;
#3403 = EDGE_CURVE ( 'NONE', #1322, #869, #1728, .T. ) ;
#3404 = CARTESIAN_POINT ( 'NONE',  ( -1.074999999999998179, 0.000000000000000000, 2.209999999999999964 ) ) ;
#3405 = ORIENTED_EDGE ( 'NONE', *, *, #3158, .F. ) ;
#3406 = FACE_OUTER_BOUND ( 'NONE', #742, .T. ) ;
#3407 = VECTOR ( 'NONE', #2368, 1000.000000000000000 ) ;
#3408 = CARTESIAN_POINT ( 'NONE',  ( -2.199999999999999289, 0.9500000000000000666, -1.500000000000000000 ) ) ;
#3409 = EDGE_CURVE ( 'NONE', #699, #1205, #672, .T. ) ;
#3410 = VERTEX_POINT ( 'NONE', #2798 ) ;
#3411 = CIRCLE ( 'NONE', #1532, 0.2999999999999999334 ) ;
#3412 = VECTOR ( 'NONE', #1991, 1000.000000000000000 ) ;
#3413 = FACE_OUTER_BOUND ( 'NONE', #2838, .T. ) ;
#3414 = EDGE_LOOP ( 'NONE', ( #3038, #1512, #1042, #1300 ) ) ;
#3415 = LINE ( 'NONE', #1036, #511 ) ;
#3416 = PRESENTATION_STYLE_ASSIGNMENT (( #523 ) ) ;
#3417 =( GEOMETRIC_REPRESENTATION_CONTEXT ( 3 ) GLOBAL_UNCERTAINTY_ASSIGNED_CONTEXT ( ( #3256 ) ) GLOBAL_UNIT_ASSIGNED_CONTEXT ( ( #3391, #2014, #732 ) ) REPRESENTATION_CONTEXT ( 'NONE', 'WORKASPACE' ) );
#3418 = DIRECTION ( 'NONE',  ( 1.512840240677447616E-15, 0.000000000000000000, -1.000000000000000000 ) ) ;
#3419 = ORIENTED_EDGE ( 'NONE', *, *, #2322, .T. ) ;
#3420 = PRESENTATION_LAYER_ASSIGNMENT (  '', '', ( #1819 ) ) ;
#3421 = EDGE_CURVE ( 'NONE', #3135, #2797, #1484, .T. ) ;
#3422 = PLANE ( 'NONE',  #2348 ) ;
#3423 = LINE ( 'NONE', #2650, #846 ) ;
#3424 = ORIENTED_EDGE ( 'NONE', *, *, #51, .T. ) ;
#3425 = VECTOR ( 'NONE', #1034, 1000.000000000000000 ) ;
#3426 = CARTESIAN_POINT ( 'NONE',  ( -1.629999999999998117, 0.2500000000000000000, -2.210000000000000409 ) ) ;
#3427 = LINE ( 'NONE', #2957, #1850 ) ;
#3428 = LINE ( 'NONE', #269, #1020 ) ;
#3429 = VERTEX_POINT ( 'NONE', #691 ) ;
#3430 = ADVANCED_FACE ( 'NONE', ( #1761 ), #2817, .T. ) ;
#3431 = CARTESIAN_POINT ( 'NONE',  ( 2.390000000000000124, 0.2500000000000000000, -2.110000000000000320 ) ) ;
#3432 = ORIENTED_EDGE ( 'NONE', *, *, #934, .T. ) ;
#3433 =( NAMED_UNIT ( * ) SI_UNIT ( $, .STERADIAN. ) SOLID_ANGLE_UNIT ( ) );
#3434 = DIRECTION ( 'NONE',  ( -1.000000000000000000, 0.000000000000000000, -2.843808977011173804E-15 ) ) ;
#3435 = EDGE_CURVE ( 'NONE', #243, #3052, #1084, .T. ) ;
#3436 = PLANE ( 'NONE',  #2621 ) ;
#3437 = CARTESIAN_POINT ( 'NONE',  ( 6.284817839194682499E-15, 0.2500000000000000000, -2.209999999999995968 ) ) ;
#3438 = CARTESIAN_POINT ( 'NONE',  ( -2.999999999999999112, 0.2500000000000000000, 1.699999999999999734 ) ) ;
#3439 = LINE ( 'NONE', #1355, #566 ) ;
#3440 = LINE ( 'NONE', #287, #1523 ) ;
#3441 = ORIENTED_EDGE ( 'NONE', *, *, #181, .F. ) ;
#3442 = UNCERTAINTY_MEASURE_WITH_UNIT (LENGTH_MEASURE( 1.000000000000000082E-05 ), #1500, 'distance_accuracy_value', 'NONE');
#3443 = EDGE_CURVE ( 'NONE', #2177, #1597, #3193, .T. ) ;
#3444 = CARTESIAN_POINT ( 'NONE',  ( -2.390000000000000568, -0.000000000000000000, 0.4299999999999998268 ) ) ;
#3445 = ORIENTED_EDGE ( 'NONE', *, *, #1910, .F. ) ;
#3446 = CARTESIAN_POINT ( 'NONE',  ( 3.000000000000000000, 0.000000000000000000, 0.000000000000000000 ) ) ;
#3447 =( NAMED_UNIT ( * ) SI_UNIT ( $, .STERADIAN. ) SOLID_ANGLE_UNIT ( ) );
#3448 = ORIENTED_EDGE ( 'NONE', *, *, #1683, .T. ) ;
#3449 = CARTESIAN_POINT ( 'NONE',  ( 0.000000000000000000, 0.2500000000000000000, 0.4299999999999998268 ) ) ;
#3450 = ORIENTED_EDGE ( 'NONE', *, *, #681, .F. ) ;
#3451 = PLANE ( 'NONE',  #509 ) ;
#3452 = CARTESIAN_POINT ( 'NONE',  ( -2.999999999999999112, 0.2500000000000000000, 0.4299999999999998268 ) ) ;
#3453 = VECTOR ( 'NONE', #2774, 1000.000000000000000 ) ;
#3454 = DIRECTION ( 'NONE',  ( 1.512840240677447616E-15, 0.000000000000000000, -1.000000000000000000 ) ) ;
ENDSEC;
END-ISO-10303-21;
