ISO-10303-21;
HEADER;
FILE_DESCRIPTION (( 'STEP AP203' ),
    '1' );
FILE_NAME ('CUI_DEVICES_PJ-002B.step',
    '2019-10-20T23:12:34',
    ( '' ),
    ( '' ),
    'SwSTEP 2.0',
    'SolidWorks 2019',
    '' );
FILE_SCHEMA (( 'CONFIG_CONTROL_DESIGN' ));
ENDSEC;

DATA;
#1 = EDGE_CURVE ( 'NONE', #245, #1237, #98, .T. ) ;
#2 = DIRECTION ( 'NONE',  ( 0.0000000000000000000, 0.0000000000000000000, -1.000000000000000000 ) ) ;
#3 = ORIENTED_EDGE ( 'NONE', *, *, #1021, .T. ) ;
#4 = DIRECTION ( 'NONE',  ( -6.938893903907228378E-16, 0.0000000000000000000, 1.000000000000000000 ) ) ;
#5 = DIRECTION ( 'NONE',  ( 1.000000000000000000, 0.0000000000000000000, 0.0000000000000000000 ) ) ;
#6 = FACE_OUTER_BOUND ( 'NONE', #720, .T. ) ;
#7 = CARTESIAN_POINT ( 'NONE',  ( 0.0000000000000000000, -0.2559055118110236671, -0.1771653543307087630 ) ) ;
#8 = CARTESIAN_POINT ( 'NONE',  ( -0.3927116205530185589, -0.1574803149606298913, 0.05905511811023622659 ) ) ;
#9 = CARTESIAN_POINT ( 'NONE',  ( -0.2982283464566929387, -0.2559055118110236671, 0.04921259842519682542 ) ) ;
#10 = ORIENTED_EDGE ( 'NONE', *, *, #1057, .T. ) ;
#11 = DIRECTION ( 'NONE',  ( -3.469446951953613696E-16, 0.0000000000000000000, -1.000000000000000000 ) ) ;
#12 = VECTOR ( 'NONE', #177, 39.37007874015748143 ) ;
#13 = CIRCLE ( 'NONE', #866, 0.05905511811023622659 ) ;
#14 = EDGE_CURVE ( 'NONE', #589, #496, #987, .T. ) ;
#15 = FACE_OUTER_BOUND ( 'NONE', #205, .T. ) ;
#16 = EDGE_LOOP ( 'NONE', ( #329, #728, #1452, #1465 ) ) ;
#17 = CARTESIAN_POINT ( 'NONE',  ( -0.5464566929133858331, -0.3346456692913385988, 0.0000000000000000000 ) ) ;
#18 = AXIS2_PLACEMENT_3D ( 'NONE', #641, #1195, #500 ) ;
#19 = CARTESIAN_POINT ( 'NONE',  ( -0.3720472440944881942, -0.1377952755905511584, -0.1771653543307087075 ) ) ;
#20 = LOCAL_TIME ( 23, 12, 34.00000000000000000, #409 ) ;
#21 = ORIENTED_EDGE ( 'NONE', *, *, #847, .T. ) ;
#22 = DIRECTION ( 'NONE',  ( 0.0000000000000000000, 0.0000000000000000000, -1.000000000000000000 ) ) ;
#23 = ORIENTED_EDGE ( 'NONE', *, *, #1184, .T. ) ;
#24 = DIRECTION ( 'NONE',  ( 1.000000000000000000, 0.0000000000000000000, 0.0000000000000000000 ) ) ;
#25 = ADVANCED_FACE ( 'NONE', ( #1392 ), #1636, .F. ) ;
#26 = DIRECTION ( 'NONE',  ( 0.0000000000000000000, 0.0000000000000000000, -1.000000000000000000 ) ) ;
#27 = ORIENTED_EDGE ( 'NONE', *, *, #1515, .T. ) ;
#28 = CARTESIAN_POINT ( 'NONE',  ( -0.5322834645669290987, -0.1574803149606298913, -0.05905511811023624047 ) ) ;
#29 = CARTESIAN_POINT ( 'NONE',  ( -0.5669291338582678197, -0.2559055118110236671, 0.04921259842519682542 ) ) ;
#30 = VERTEX_POINT ( 'NONE', #809 ) ;
#31 = ORIENTED_EDGE ( 'NONE', *, *, #1506, .F. ) ;
#32 = LINE ( 'NONE', #602, #1076 ) ;
#33 = CARTESIAN_POINT ( 'NONE',  ( -0.03937007874015747977, 0.0000000000000000000, 0.0000000000000000000 ) ) ;
#34 = ORIENTED_EDGE ( 'NONE', *, *, #1728, .F. ) ;
#35 = CC_DESIGN_DATE_AND_TIME_ASSIGNMENT ( #656, #1075, ( #1029 ) ) ;
#36 = ADVANCED_FACE ( 'NONE', ( #938 ), #1646, .F. ) ;
#37 = CARTESIAN_POINT ( 'NONE',  ( -0.5669291338582678197, -0.2559055118110236671, -0.04921259842519689481 ) ) ;
#38 = ADVANCED_FACE ( 'NONE', ( #248 ), #1795, .F. ) ;
#39 = CARTESIAN_POINT ( 'NONE',  ( -0.5322834645669290987, -0.2559055118110236671, -0.05905511811023622659 ) ) ;
#40 = ORIENTED_EDGE ( 'NONE', *, *, #1527, .F. ) ;
#41 = ORIENTED_EDGE ( 'NONE', *, *, #1406, .F. ) ;
#42 = DIRECTION ( 'NONE',  ( 0.0000000000000000000, -9.637352644315595243E-17, 1.000000000000000000 ) ) ;
#43 = AXIS2_PLACEMENT_3D ( 'NONE', #1031, #858, #869 ) ;
#44 = PLANE ( 'NONE',  #285 ) ;
#45 = ORIENTED_EDGE ( 'NONE', *, *, #1655, .F. ) ;
#46 = LINE ( 'NONE', #1487, #1782 ) ;
#47 = EDGE_CURVE ( 'NONE', #341, #420, #544, .T. ) ;
#48 = CARTESIAN_POINT ( 'NONE',  ( -0.5464566929133858331, 0.06377952755905517968, 0.05905511811023622659 ) ) ;
#49 = AXIS2_PLACEMENT_3D ( 'NONE', #565, #5, #1565 ) ;
#50 = VERTEX_POINT ( 'NONE', #453 ) ;
#51 = CARTESIAN_POINT ( 'NONE',  ( -0.3080708661417322913, -0.3444881889763780070, -1.376168426808372978E-16 ) ) ;
#52 = ORIENTED_EDGE ( 'NONE', *, *, #560, .F. ) ;
#53 = FACE_OUTER_BOUND ( 'NONE', #71, .T. ) ;
#54 = DIRECTION ( 'NONE',  ( 0.0000000000000000000, 0.0000000000000000000, -1.000000000000000000 ) ) ;
#55 = ORIENTED_EDGE ( 'NONE', *, *, #118, .F. ) ;
#56 = CARTESIAN_POINT ( 'NONE',  ( -0.2755905511811023723, 6.026805113914140175E-18, 0.04921259842519685318 ) ) ;
#57 = LINE ( 'NONE', #1066, #250 ) ;
#58 = VERTEX_POINT ( 'NONE', #1547 ) ;
#59 = EDGE_CURVE ( 'NONE', #1516, #1744, #167, .T. ) ;
#60 = ORIENTED_EDGE ( 'NONE', *, *, #411, .T. ) ;
#61 = DIRECTION ( 'NONE',  ( -0.0000000000000000000, -0.0000000000000000000, -1.000000000000000000 ) ) ;
#62 = CARTESIAN_POINT ( 'NONE',  ( -0.03937007874015747977, 0.1102362204724409572, -0.1181102362204721895 ) ) ;
#63 = ORIENTED_EDGE ( 'NONE', *, *, #1146, .T. ) ;
#64 = LINE ( 'NONE', #787, #521 ) ;
#65 = DIRECTION ( 'NONE',  ( 1.000000000000000000, 0.0000000000000000000, 0.0000000000000000000 ) ) ;
#66 = ORIENTED_EDGE ( 'NONE', *, *, #1633, .T. ) ;
#67 = CARTESIAN_POINT ( 'NONE',  ( -0.09842519685039370636, 0.1102362204724409572, -0.1181102362204721895 ) ) ;
#68 = VERTEX_POINT ( 'NONE', #576 ) ;
#69 = EDGE_CURVE ( 'NONE', #30, #589, #302, .T. ) ;
#70 = CARTESIAN_POINT ( 'NONE',  ( 0.0000000000000000000, -0.2559055118110236671, 0.1771653543307089296 ) ) ;
#71 = EDGE_LOOP ( 'NONE', ( #154, #1168, #1301, #176 ) ) ;
#72 = VECTOR ( 'NONE', #539, 39.37007874015748143 ) ;
#73 = VECTOR ( 'NONE', #197, 39.37007874015748143 ) ;
#74 = LINE ( 'NONE', #905, #73 ) ;
#75 = LINE ( 'NONE', #1191, #1779 ) ;
#76 = EDGE_LOOP ( 'NONE', ( #675, #1354 ) ) ;
#77 = CALENDAR_DATE ( 2019, 20, 10 ) ;
#78 = FACE_OUTER_BOUND ( 'NONE', #432, .T. ) ;
#79 = VECTOR ( 'NONE', #1815, 39.37007874015748143 ) ;
#80 = LINE ( 'NONE', #1206, #844 ) ;
#81 = VECTOR ( 'NONE', #1363, 39.37007874015748143 ) ;
#82 = EDGE_LOOP ( 'NONE', ( #679, #361, #687, #187 ) ) ;
#83 = EDGE_CURVE ( 'NONE', #1307, #1238, #977, .T. ) ;
#84 = CARTESIAN_POINT ( 'NONE',  ( -0.5464566929133858331, -0.3346456692913385988, 0.05905511811023622659 ) ) ;
#85 = PLANE ( 'NONE',  #278 ) ;
#86 = ORIENTED_EDGE ( 'NONE', *, *, #492, .T. ) ;
#87 = COORDINATED_UNIVERSAL_TIME_OFFSET ( 0, 0, .AHEAD. ) ;
#88 = ORIENTED_EDGE ( 'NONE', *, *, #1011, .F. ) ;
#89 = DIRECTION ( 'NONE',  ( 1.000000000000000000, 0.0000000000000000000, 0.0000000000000000000 ) ) ;
#90 = ORIENTED_EDGE ( 'NONE', *, *, #948, .F. ) ;
#91 = CARTESIAN_POINT ( 'NONE',  ( -0.5322834645669290987, -0.1574803149606298913, 0.1771653543307089296 ) ) ;
#92 = PRODUCT_DEFINITION ( 'UNKNOWN', '', #965, #874 ) ;
#93 = DIRECTION ( 'NONE',  ( 0.0000000000000000000, -1.000000000000000000, -5.396917480816735111E-15 ) ) ;
#94 = EDGE_CURVE ( 'NONE', #1598, #541, #722, .T. ) ;
#95 = ORIENTED_EDGE ( 'NONE', *, *, #1209, .F. ) ;
#96 = APPROVAL_ROLE ( '' ) ;
#97 = FACE_OUTER_BOUND ( 'NONE', #682, .T. ) ;
#98 = LINE ( 'NONE', #415, #1656 ) ;
#99 = LINE ( 'NONE', #670, #990 ) ;
#100 = VECTOR ( 'NONE', #531, 39.37007874015748143 ) ;
#101 = CARTESIAN_POINT ( 'NONE',  ( -0.5669291338582678197, -0.3444881889763780070, 0.02952755905511797799 ) ) ;
#102 = VERTEX_POINT ( 'NONE', #845 ) ;
#103 = VECTOR ( 'NONE', #1147, 39.37007874015748143 ) ;
#104 = ADVANCED_FACE ( 'NONE', ( #1540 ), #586, .F. ) ;
#105 = VERTEX_POINT ( 'NONE', #273 ) ;
#106 = LINE ( 'NONE', #386, #932 ) ;
#107 = CARTESIAN_POINT ( 'NONE',  ( -0.5669291338582678197, -0.2559055118110236671, -0.05905511811023624047 ) ) ;
#108 = ORIENTED_EDGE ( 'NONE', *, *, #1679, .T. ) ;
#109 = CIRCLE ( 'NONE', #18, 0.02952755905511811677 ) ;
#110 = AXIS2_PLACEMENT_3D ( 'NONE', #1079, #263, #89 ) ;
#111 = DIRECTION ( 'NONE',  ( 0.0000000000000000000, -3.444205370125730629E-17, -1.000000000000000000 ) ) ;
#112 = DIRECTION ( 'NONE',  ( 0.0000000000000000000, 0.0000000000000000000, 1.000000000000000000 ) ) ;
#113 = VERTEX_POINT ( 'NONE', #1414 ) ;
#114 = ADVANCED_FACE ( 'NONE', ( #732 ), #1160, .T. ) ;
#115 = ORIENTED_EDGE ( 'NONE', *, *, #872, .F. ) ;
#116 = DIRECTION ( 'NONE',  ( 0.0000000000000000000, 1.000000000000000000, 1.927470528863119049E-16 ) ) ;
#117 = LINE ( 'NONE', #1091, #406 ) ;
#118 = EDGE_CURVE ( 'NONE', #657, #501, #705, .T. ) ;
#119 = ORIENTED_EDGE ( 'NONE', *, *, #1450, .F. ) ;
#120 = LINE ( 'NONE', #688, #757 ) ;
#121 = CARTESIAN_POINT ( 'NONE',  ( -0.5314960629921260393, 1.807981821588045721E-19, 0.1771653543307077361 ) ) ;
#122 = VERTEX_POINT ( 'NONE', #1701 ) ;
#123 = ORIENTED_EDGE ( 'NONE', *, *, #895, .T. ) ;
#124 = DIRECTION ( 'NONE',  ( 1.000000000000000000, 0.0000000000000000000, 0.0000000000000000000 ) ) ;
#125 = DIRECTION ( 'NONE',  ( 0.0000000000000000000, 1.000000000000000000, 0.0000000000000000000 ) ) ;
#126 = VERTEX_POINT ( 'NONE', #294 ) ;
#127 = ADVANCED_FACE ( 'NONE', ( #1290, #15 ), #1271, .T. ) ;
#128 = CARTESIAN_POINT ( 'NONE',  ( -0.5669291338582678197, -0.1574803149606298913, 0.05905511811023622659 ) ) ;
#129 = PERSON_AND_ORGANIZATION ( #289, #1759 ) ;
#130 = CARTESIAN_POINT ( 'NONE',  ( -0.5322834645669290987, -0.3346456692913385988, 0.0000000000000000000 ) ) ;
#131 = VECTOR ( 'NONE', #65, 39.37007874015748143 ) ;
#132 = AXIS2_PLACEMENT_3D ( 'NONE', #1015, #454, #558 ) ;
#133 = ORIENTED_EDGE ( 'NONE', *, *, #1794, .T. ) ;
#134 = DIRECTION ( 'NONE',  ( -1.000000000000000000, -0.0000000000000000000, -0.0000000000000000000 ) ) ;
#135 = FACE_OUTER_BOUND ( 'NONE', #281, .T. ) ;
#136 = VERTEX_POINT ( 'NONE', #715 ) ;
#137 = DIRECTION ( 'NONE',  ( 0.0000000000000000000, 1.000000000000000000, 0.0000000000000000000 ) ) ;
#138 = DIRECTION ( 'NONE',  ( -1.000000000000000000, 0.0000000000000000000, 0.0000000000000000000 ) ) ;
#139 = AXIS2_PLACEMENT_3D ( 'NONE', #149, #1692, #157 ) ;
#140 = APPROVAL_DATE_TIME ( #1542, #1645 ) ;
#141 = ADVANCED_FACE ( 'NONE', ( #6 ), #1014, .T. ) ;
#142 = CC_DESIGN_APPROVAL ( #1723, ( #92 ) ) ;
#143 = DIRECTION ( 'NONE',  ( 1.000000000000000000, 0.0000000000000000000, 0.0000000000000000000 ) ) ;
#144 = FACE_OUTER_BOUND ( 'NONE', #1347, .T. ) ;
#145 = ORIENTED_EDGE ( 'NONE', *, *, #607, .T. ) ;
#146 = DIRECTION ( 'NONE',  ( -1.000000000000000000, 0.0000000000000000000, 0.0000000000000000000 ) ) ;
#147 = CARTESIAN_POINT ( 'NONE',  ( -0.4212598425196850127, -0.3444881889763780070, -0.1771653543307086243 ) ) ;
#148 = DIRECTION ( 'NONE',  ( 0.0000000000000000000, 0.0000000000000000000, -1.000000000000000000 ) ) ;
#149 = CARTESIAN_POINT ( 'NONE',  ( -0.2755905511811023723, 0.0000000000000000000, 0.0000000000000000000 ) ) ;
#150 = ADVANCED_FACE ( 'NONE', ( #434 ), #1690, .F. ) ;
#151 = CARTESIAN_POINT ( 'NONE',  ( -0.5464566929133858331, -0.3444881889763780070, -1.376168426808372978E-16 ) ) ;
#152 = ADVANCED_FACE ( 'NONE', ( #567 ), #1299, .F. ) ;
#153 = LINE ( 'NONE', #841, #1602 ) ;
#154 = ORIENTED_EDGE ( 'NONE', *, *, #1590, .F. ) ;
#155 = CARTESIAN_POINT ( 'NONE',  ( -0.5669291338582678197, -0.1574803149606298913, -0.1771653543307086798 ) ) ;
#156 = CARTESIAN_POINT ( 'NONE',  ( -0.5464566929133858331, -0.3937007874015748254, 0.05905511811023622659 ) ) ;
#157 = DIRECTION ( 'NONE',  ( 0.0000000000000000000, 0.0000000000000000000, -1.000000000000000000 ) ) ;
#158 = VERTEX_POINT ( 'NONE', #1126 ) ;
#159 = DIRECTION ( 'NONE',  ( 0.0000000000000000000, -1.734723475976805714E-15, -1.000000000000000000 ) ) ;
#160 = VECTOR ( 'NONE', #834, 39.37007874015748143 ) ;
#161 = VERTEX_POINT ( 'NONE', #1575 ) ;
#162 = CARTESIAN_POINT ( 'NONE',  ( -0.5669291338582678197, -0.1574803149606298913, -0.1771653543307086798 ) ) ;
#163 = VECTOR ( 'NONE', #561, 39.37007874015748143 ) ;
#164 = EDGE_CURVE ( 'NONE', #126, #950, #314, .T. ) ;
#165 = AXIS2_PLACEMENT_3D ( 'NONE', #1003, #305, #867 ) ;
#166 = LINE ( 'NONE', #730, #79 ) ;
#167 = LINE ( 'NONE', #1134, #307 ) ;
#168 = CARTESIAN_POINT ( 'NONE',  ( -0.5314960629921260393, -0.1574803149606298913, 0.1771653543307089296 ) ) ;
#169 = ORIENTED_EDGE ( 'NONE', *, *, #825, .F. ) ;
#170 = DIRECTION ( 'NONE',  ( -1.000000000000000000, -0.0000000000000000000, -0.0000000000000000000 ) ) ;
#171 = AXIS2_PLACEMENT_3D ( 'NONE', #1153, #855, #26 ) ;
#172 = DIRECTION ( 'NONE',  ( 0.0000000000000000000, 0.0000000000000000000, -1.000000000000000000 ) ) ;
#173 = ORIENTED_EDGE ( 'NONE', *, *, #1080, .T. ) ;
#174 = CC_DESIGN_PERSON_AND_ORGANIZATION_ASSIGNMENT ( #129, #1340, ( #965 ) ) ;
#175 = EDGE_CURVE ( 'NONE', #919, #1772, #32, .T. ) ;
#176 = ORIENTED_EDGE ( 'NONE', *, *, #814, .F. ) ;
#177 = DIRECTION ( 'NONE',  ( 0.0000000000000000000, 1.000000000000000000, 1.927470528863119049E-16 ) ) ;
#178 = EDGE_CURVE ( 'NONE', #460, #1092, #1558, .T. ) ;
#179 = CARTESIAN_POINT ( 'NONE',  ( -0.03937007874015747977, 0.0000000000000000000, 0.04133858267716535029 ) ) ;
#180 = VERTEX_POINT ( 'NONE', #337 ) ;
#181 = CARTESIAN_POINT ( 'NONE',  ( -0.2755905511811023723, 0.0000000000000000000, 0.0000000000000000000 ) ) ;
#182 = LINE ( 'NONE', #1274, #429 ) ;
#183 = ORIENTED_EDGE ( 'NONE', *, *, #1482, .F. ) ;
#184 = ORIENTED_EDGE ( 'NONE', *, *, #1794, .F. ) ;
#185 = PLANE ( 'NONE',  #1687 ) ;
#186 = PLANE ( 'NONE',  #1286 ) ;
#187 = ORIENTED_EDGE ( 'NONE', *, *, #1348, .T. ) ;
#188 = EDGE_CURVE ( 'NONE', #1217, #976, #194, .T. ) ;
#189 = DIRECTION ( 'NONE',  ( 1.000000000000000000, 0.0000000000000000000, 0.0000000000000000000 ) ) ;
#190 = DIRECTION ( 'NONE',  ( 1.000000000000000000, 0.0000000000000000000, 0.0000000000000000000 ) ) ;
#191 = ORIENTED_EDGE ( 'NONE', *, *, #366, .T. ) ;
#192 = VECTOR ( 'NONE', #1717, 39.37007874015748143 ) ;
#193 = ORIENTED_EDGE ( 'NONE', *, *, #596, .F. ) ;
#194 = LINE ( 'NONE', #1185, #865 ) ;
#195 = CARTESIAN_POINT ( 'NONE',  ( -0.04724409448818899654, 6.026805113914140946E-18, -0.04921259842519686012 ) ) ;
#196 = CIRCLE ( 'NONE', #132, 0.02952755905511811677 ) ;
#197 = DIRECTION ( 'NONE',  ( 1.000000000000000000, 0.0000000000000000000, 0.0000000000000000000 ) ) ;
#198 = EDGE_CURVE ( 'NONE', #161, #1151, #623, .T. ) ;
#199 = DIRECTION ( 'NONE',  ( 1.000000000000000000, 0.0000000000000000000, 0.0000000000000000000 ) ) ;
#200 = ORIENTED_EDGE ( 'NONE', *, *, #1324, .F. ) ;
#201 = DIRECTION ( 'NONE',  ( 1.000000000000000000, 0.0000000000000000000, 0.0000000000000000000 ) ) ;
#202 = AXIS2_PLACEMENT_3D ( 'NONE', #472, #461, #1532 ) ;
#203 = CARTESIAN_POINT ( 'NONE',  ( -0.4704724409448818312, -0.3937007874015748254, -0.1771653543307086798 ) ) ;
#204 = FACE_OUTER_BOUND ( 'NONE', #1313, .T. ) ;
#205 = EDGE_LOOP ( 'NONE', ( #1342, #743, #1419, #624 ) ) ;
#206 = DIRECTION ( 'NONE',  ( 0.0000000000000000000, 0.0000000000000000000, -1.000000000000000000 ) ) ;
#207 = EDGE_CURVE ( 'NONE', #1118, #1776, #1169, .T. ) ;
#208 = LINE ( 'NONE', #390, #100 ) ;
#209 = ORIENTED_EDGE ( 'NONE', *, *, #353, .F. ) ;
#210 = APPLICATION_PROTOCOL_DEFINITION ( 'international standard', 'config_control_design', 1994, #1640 ) ;
#211 = ADVANCED_FACE ( 'NONE', ( #475, #1035 ), #1592, .T. ) ;
#212 = DIRECTION ( 'NONE',  ( 1.000000000000000000, 0.0000000000000000000, 0.0000000000000000000 ) ) ;
#213 = ORIENTED_EDGE ( 'NONE', *, *, #1583, .F. ) ;
#214 = CARTESIAN_POINT ( 'NONE',  ( -0.5669291338582678197, -0.2559055118110236671, -0.1771653543307087630 ) ) ;
#215 = DIRECTION ( 'NONE',  ( 0.0000000000000000000, 0.0000000000000000000, -1.000000000000000000 ) ) ;
#216 = VERTEX_POINT ( 'NONE', #892 ) ;
#217 = APPROVAL_STATUS ( 'not_yet_approved' ) ;
#218 = EDGE_CURVE ( 'NONE', #655, #1118, #747, .T. ) ;
#219 = ORIENTED_EDGE ( 'NONE', *, *, #621, .F. ) ;
#220 = AXIS2_PLACEMENT_3D ( 'NONE', #711, #1129, #880 ) ;
#221 = LINE ( 'NONE', #380, #1523 ) ;
#222 = ORIENTED_EDGE ( 'NONE', *, *, #548, .F. ) ;
#223 = CIRCLE ( 'NONE', #462, 0.01968503937007875723 ) ;
#224 = AXIS2_PLACEMENT_3D ( 'NONE', #1208, #1365, #1769 ) ;
#225 = DIRECTION ( 'NONE',  ( 1.000000000000000000, 0.0000000000000000000, 0.0000000000000000000 ) ) ;
#226 = LINE ( 'NONE', #1474, #1163 ) ;
#227 = ORIENTED_EDGE ( 'NONE', *, *, #411, .F. ) ;
#228 = LINE ( 'NONE', #791, #407 ) ;
#229 = AXIS2_PLACEMENT_3D ( 'NONE', #1793, #1529, #806 ) ;
#230 = EDGE_CURVE ( 'NONE', #690, #364, #330, .T. ) ;
#231 = EDGE_CURVE ( 'NONE', #245, #1379, #759, .T. ) ;
#232 = AXIS2_PLACEMENT_3D ( 'NONE', #1652, #1624, #817 ) ;
#233 = VERTEX_POINT ( 'NONE', #631 ) ;
#234 = ADVANCED_FACE ( 'NONE', ( #53 ), #185, .T. ) ;
#235 = CARTESIAN_POINT ( 'NONE',  ( -0.5669291338582678197, -0.2559055118110236671, 0.1771653543307089296 ) ) ;
#236 = CARTESIAN_POINT ( 'NONE',  ( -0.2982283464566929387, -0.2559055118110236671, 0.1771653543307090406 ) ) ;
#237 = ORIENTED_EDGE ( 'NONE', *, *, #178, .T. ) ;
#238 = CALENDAR_DATE ( 2019, 20, 10 ) ;
#239 = ORIENTED_EDGE ( 'NONE', *, *, #1689, .T. ) ;
#240 = CARTESIAN_POINT ( 'NONE',  ( -0.5322834645669290987, -0.3937007874015748254, 0.05905511811023622659 ) ) ;
#241 = ORIENTED_EDGE ( 'NONE', *, *, #814, .T. ) ;
#242 = DIRECTION ( 'NONE',  ( 0.0000000000000000000, 0.0000000000000000000, 1.000000000000000000 ) ) ;
#243 = EDGE_CURVE ( 'NONE', #113, #1581, #1739, .T. ) ;
#244 = DIRECTION ( 'NONE',  ( -0.7071067811865479058, 0.0000000000000000000, 0.7071067811865471286 ) ) ;
#245 = VERTEX_POINT ( 'NONE', #1051 ) ;
#246 = ORIENTED_EDGE ( 'NONE', *, *, #423, .F. ) ;
#247 = CARTESIAN_POINT ( 'NONE',  ( -0.03937007874015744507, 0.1102362204724409572, -0.1771653543307086243 ) ) ;
#248 = FACE_OUTER_BOUND ( 'NONE', #1074, .T. ) ;
#249 = CARTESIAN_POINT ( 'NONE',  ( -0.5669291338582678197, 0.1771653543307086798, -0.1771653543307086243 ) ) ;
#250 = VECTOR ( 'NONE', #1620, 39.37007874015748143 ) ;
#251 = EDGE_CURVE ( 'NONE', #1183, #233, #1436, .T. ) ;
#252 = EDGE_LOOP ( 'NONE', ( #1223, #1159 ) ) ;
#253 = VERTEX_POINT ( 'NONE', #19 ) ;
#254 = DIRECTION ( 'NONE',  ( 1.000000000000000000, 0.0000000000000000000, 0.0000000000000000000 ) ) ;
#255 = DIRECTION ( 'NONE',  ( -1.000000000000000000, 8.673617379884028570E-16, 0.0000000000000000000 ) ) ;
#256 = DIRECTION ( 'NONE',  ( 0.0000000000000000000, 0.0000000000000000000, -1.000000000000000000 ) ) ;
#257 = CIRCLE ( 'NONE', #1637, 0.01968503937007875723 ) ;
#258 = VECTOR ( 'NONE', #116, 39.37007874015748143 ) ;
#259 = CARTESIAN_POINT ( 'NONE',  ( -0.5669291338582678197, -0.2559055118110236671, -0.05905511811023624047 ) ) ;
#260 = PLANE ( 'NONE',  #1688 ) ;
#261 = ORIENTED_EDGE ( 'NONE', *, *, #218, .F. ) ;
#262 = EDGE_LOOP ( 'NONE', ( #519, #300, #1741, #239 ) ) ;
#263 = DIRECTION ( 'NONE',  ( 0.0000000000000000000, 0.0000000000000000000, 1.000000000000000000 ) ) ;
#264 = EDGE_CURVE ( 'NONE', #516, #102, #153, .T. ) ;
#265 = CARTESIAN_POINT ( 'NONE',  ( -0.2982283464566928832, -0.3444881889763780070, -0.04921259842519688787 ) ) ;
#266 = DIRECTION ( 'NONE',  ( 0.0000000000000000000, 1.000000000000000000, 0.0000000000000000000 ) ) ;
#267 = DIRECTION ( 'NONE',  ( 0.0000000000000000000, -3.444205370125740490E-17, 1.000000000000000000 ) ) ;
#268 = APPROVAL_DATE_TIME ( #1203, #1723 ) ;
#269 = CARTESIAN_POINT ( 'NONE',  ( -0.5322834645669290987, -0.3444881889763780070, -0.02952755905511825207 ) ) ;
#270 = ORIENTED_EDGE ( 'NONE', *, *, #505, .T. ) ;
#271 = EDGE_CURVE ( 'NONE', #105, #1040, #592, .T. ) ;
#272 = LINE ( 'NONE', #1259, #1113 ) ;
#273 = CARTESIAN_POINT ( 'NONE',  ( 0.0000000000000000000, 0.1771653543307086798, -0.1771653543307086243 ) ) ;
#274 = DIRECTION ( 'NONE',  ( 0.0000000000000000000, 0.0000000000000000000, -1.000000000000000000 ) ) ;
#275 = PERSON_AND_ORGANIZATION_ROLE ( 'classification_officer' ) ;
#276 = AXIS2_PLACEMENT_3D ( 'NONE', #1599, #1467, #885 ) ;
#277 = DIRECTION ( 'NONE',  ( 1.000000000000000000, 0.0000000000000000000, 0.0000000000000000000 ) ) ;
#278 = AXIS2_PLACEMENT_3D ( 'NONE', #1588, #1735, #478 ) ;
#279 = CARTESIAN_POINT ( 'NONE',  ( -0.5669291338582678197, -0.3444881889763780070, -1.376168426808372978E-16 ) ) ;
#280 = AXIS2_PLACEMENT_3D ( 'NONE', #538, #1531, #511 ) ;
#281 = EDGE_LOOP ( 'NONE', ( #1315, #405, #1381, #1214 ) ) ;
#282 = DIRECTION ( 'NONE',  ( 0.0000000000000000000, 0.0000000000000000000, -1.000000000000000000 ) ) ;
#283 = CARTESIAN_POINT ( 'NONE',  ( -0.5669291338582678197, -0.3444881889763780070, -0.02952755905511825207 ) ) ;
#284 = LINE ( 'NONE', #1135, #1552 ) ;
#285 = AXIS2_PLACEMENT_3D ( 'NONE', #1476, #1171, #212 ) ;
#286 = EDGE_CURVE ( 'NONE', #928, #460, #745, .T. ) ;
#287 = VECTOR ( 'NONE', #882, 39.37007874015748143 ) ;
#288 = CARTESIAN_POINT ( 'NONE',  ( -0.5669291338582678197, -0.1574803149606298913, -0.05905511811023624047 ) ) ;
#289 = PERSON ( 'UNSPECIFIED', 'UNSPECIFIED', 'UNSPECIFIED', ('UNSPECIFIED'), ('UNSPECIFIED'), ('UNSPECIFIED') ) ;
#290 = DIRECTION ( 'NONE',  ( 0.0000000000000000000, 0.0000000000000000000, -1.000000000000000000 ) ) ;
#291 = EDGE_LOOP ( 'NONE', ( #90, #1458 ) ) ;
#292 = DIRECTION ( 'NONE',  ( -1.000000000000000000, 0.0000000000000000000, 0.0000000000000000000 ) ) ;
#293 = PLANE ( 'NONE',  #962 ) ;
#294 = CARTESIAN_POINT ( 'NONE',  ( -0.5464566929133858331, -0.2559055118110236671, 0.05905511811023622659 ) ) ;
#295 = CARTESIAN_POINT ( 'NONE',  ( -0.3927116205530185589, -0.1574803149606298913, -0.05905511811023624047 ) ) ;
#296 = ORIENTED_EDGE ( 'NONE', *, *, #574, .F. ) ;
#297 = DIRECTION ( 'NONE',  ( 0.0000000000000000000, 0.0000000000000000000, -1.000000000000000000 ) ) ;
#298 = ADVANCED_FACE ( 'NONE', ( #144 ), #1150, .F. ) ;
#299 = CARTESIAN_POINT ( 'NONE',  ( -0.09842519685039370636, 0.1771653543307086243, 0.1771653543307084022 ) ) ;
#300 = ORIENTED_EDGE ( 'NONE', *, *, #1358, .F. ) ;
#301 = DIRECTION ( 'NONE',  ( 1.000000000000000000, 0.0000000000000000000, 0.0000000000000000000 ) ) ;
#302 = LINE ( 'NONE', #283, #807 ) ;
#303 = DIRECTION ( 'NONE',  ( 0.0000000000000000000, 0.0000000000000000000, 1.000000000000000000 ) ) ;
#304 = ORIENTED_EDGE ( 'NONE', *, *, #1221, .T. ) ;
#305 = DIRECTION ( 'NONE',  ( 1.000000000000000000, 0.0000000000000000000, 0.0000000000000000000 ) ) ;
#306 = EDGE_CURVE ( 'NONE', #1559, #358, #1725, .T. ) ;
#307 = VECTOR ( 'NONE', #137, 39.37007874015748143 ) ;
#308 = EDGE_CURVE ( 'NONE', #50, #471, #727, .T. ) ;
#309 = DIRECTION ( 'NONE',  ( 0.0000000000000000000, 0.0000000000000000000, 1.000000000000000000 ) ) ;
#310 = ORIENTED_EDGE ( 'NONE', *, *, #481, .T. ) ;
#311 = AXIS2_PLACEMENT_3D ( 'NONE', #17, #428, #991 ) ;
#312 = EDGE_CURVE ( 'NONE', #704, #216, #1004, .T. ) ;
#313 = VECTOR ( 'NONE', #1083, 39.37007874015748143 ) ;
#314 = LINE ( 'NONE', #873, #1574 ) ;
#315 = DIRECTION ( 'NONE',  ( 1.000000000000000000, 0.0000000000000000000, 0.0000000000000000000 ) ) ;
#316 = APPLICATION_CONTEXT ( 'configuration controlled 3d designs of mechanical parts and assemblies' ) ;
#317 = EDGE_LOOP ( 'NONE', ( #1087, #1385 ) ) ;
#318 = DIRECTION ( 'NONE',  ( 1.000000000000000000, 0.0000000000000000000, 0.0000000000000000000 ) ) ;
#319 = AXIS2_PLACEMENT_3D ( 'NONE', #1250, #1429, #22 ) ;
#320 = DIRECTION ( 'NONE',  ( 0.0000000000000000000, 1.000000000000000000, 2.365532012695645724E-16 ) ) ;
#321 = AXIS2_PLACEMENT_3D ( 'NONE', #553, #124, #433 ) ;
#322 = VERTEX_POINT ( 'NONE', #299 ) ;
#323 = DIRECTION ( 'NONE',  ( -3.469446951953613696E-16, -0.0000000000000000000, -1.000000000000000000 ) ) ;
#324 = ADVANCED_FACE ( 'NONE', ( #1283 ), #1553, .F. ) ;
#325 = DIRECTION ( 'NONE',  ( 0.0000000000000000000, 1.000000000000000000, 1.927470528863119049E-16 ) ) ;
#326 = CARTESIAN_POINT ( 'NONE',  ( -0.5322834645669290987, -0.3937007874015748254, 0.05905511811023622659 ) ) ;
#327 = LINE ( 'NONE', #914, #923 ) ;
#328 = VERTEX_POINT ( 'NONE', #469 ) ;
#329 = ORIENTED_EDGE ( 'NONE', *, *, #312, .F. ) ;
#330 = LINE ( 'NONE', #1456, #666 ) ;
#331 = ADVANCED_FACE ( 'NONE', ( #1158 ), #737, .T. ) ;
#332 = CARTESIAN_POINT ( 'NONE',  ( -0.03937007874015747977, 0.0000000000000000000, 0.0000000000000000000 ) ) ;
#333 = EDGE_LOOP ( 'NONE', ( #694, #1234 ) ) ;
#334 = CYLINDRICAL_SURFACE ( 'NONE', #639, 0.02952755905511811677 ) ;
#335 = DIRECTION ( 'NONE',  ( 1.000000000000000000, 0.0000000000000000000, 0.0000000000000000000 ) ) ;
#336 = ORIENTED_EDGE ( 'NONE', *, *, #388, .F. ) ;
#337 = CARTESIAN_POINT ( 'NONE',  ( -0.2982283464566929387, -0.3444881889763780070, -0.02952755905511825207 ) ) ;
#338 = VECTOR ( 'NONE', #671, 39.37007874015748143 ) ;
#339 = DIRECTION ( 'NONE',  ( 1.000000000000000000, 0.0000000000000000000, 0.0000000000000000000 ) ) ;
#340 = VECTOR ( 'NONE', #1280, 39.37007874015748143 ) ;
#341 = VERTEX_POINT ( 'NONE', #1696 ) ;
#342 = FACE_OUTER_BOUND ( 'NONE', #1423, .T. ) ;
#343 = EDGE_CURVE ( 'NONE', #351, #1238, #1576, .T. ) ;
#344 = CARTESIAN_POINT ( 'NONE',  ( -0.5669291338582678197, -0.2559055118110236671, -0.1771653543307087630 ) ) ;
#345 = VECTOR ( 'NONE', #1775, 39.37007874015748143 ) ;
#346 = ORIENTED_EDGE ( 'NONE', *, *, #1155, .T. ) ;
#347 =( NAMED_UNIT ( * ) PLANE_ANGLE_UNIT ( ) SI_UNIT ( $, .RADIAN. ) );
#348 = VECTOR ( 'NONE', #1131, 39.37007874015748143 ) ;
#349 = EDGE_LOOP ( 'NONE', ( #507, #310, #499, #1698 ) ) ;
#350 = DIRECTION ( 'NONE',  ( -1.000000000000000000, 0.0000000000000000000, 0.0000000000000000000 ) ) ;
#351 = VERTEX_POINT ( 'NONE', #1418 ) ;
#352 = DIRECTION ( 'NONE',  ( 0.0000000000000000000, 0.0000000000000000000, 1.000000000000000000 ) ) ;
#353 = EDGE_CURVE ( 'NONE', #113, #1792, #182, .T. ) ;
#354 = ORIENTED_EDGE ( 'NONE', *, *, #1292, .F. ) ;
#355 = SECURITY_CLASSIFICATION_LEVEL ( 'unclassified' ) ;
#356 = EDGE_LOOP ( 'NONE', ( #532, #304 ) ) ;
#357 = CARTESIAN_POINT ( 'NONE',  ( -0.5267716535433070169, 0.06377952755905515192, 0.05905511811023622659 ) ) ;
#358 = VERTEX_POINT ( 'NONE', #9 ) ;
#359 = CARTESIAN_POINT ( 'NONE',  ( -0.5322834645669290987, -0.2559055118110236671, 0.05905511811023622659 ) ) ;
#360 = LINE ( 'NONE', #788, #989 ) ;
#361 = ORIENTED_EDGE ( 'NONE', *, *, #752, .F. ) ;
#362 = CC_DESIGN_DATE_AND_TIME_ASSIGNMENT ( #934, #559, ( #92 ) ) ;
#363 = EDGE_CURVE ( 'NONE', #1194, #105, #1304, .T. ) ;
#364 = VERTEX_POINT ( 'NONE', #39 ) ;
#365 = CYLINDRICAL_SURFACE ( 'NONE', #110, 0.04921259842519682542 ) ;
#366 = EDGE_CURVE ( 'NONE', #981, #605, #1571, .T. ) ;
#367 = MANIFOLD_SOLID_BREP ( 'Cut-Extrude97', #1778 ) ;
#368 = ORIENTED_EDGE ( 'NONE', *, *, #363, .F. ) ;
#369 = AXIS2_PLACEMENT_3D ( 'NONE', #1705, #571, #290 ) ;
#370 = AXIS2_PLACEMENT_3D ( 'NONE', #493, #1321, #1181 ) ;
#371 = LINE ( 'NONE', #1386, #1548 ) ;
#372 = CARTESIAN_POINT ( 'NONE',  ( -0.03937007874015747977, 0.1102362204724409572, -0.1181102362204721895 ) ) ;
#373 = ORIENTED_EDGE ( 'NONE', *, *, #629, .F. ) ;
#374 = APPROVAL_STATUS ( 'not_yet_approved' ) ;
#375 = VECTOR ( 'NONE', #350, 39.37007874015748143 ) ;
#376 = ORIENTED_EDGE ( 'NONE', *, *, #175, .T. ) ;
#377 = DIRECTION ( 'NONE',  ( 0.0000000000000000000, -1.000000000000000000, 3.444205370125730629E-17 ) ) ;
#378 = APPROVAL_PERSON_ORGANIZATION ( #1827, #1645, #1631 ) ;
#379 = ADVANCED_FACE ( 'NONE', ( #1140 ), #440, .T. ) ;
#380 = CARTESIAN_POINT ( 'NONE',  ( -0.3720472440944881942, -0.3937007874015748254, -0.1771653543307087075 ) ) ;
#381 = DIRECTION ( 'NONE',  ( 0.0000000000000000000, 0.0000000000000000000, -1.000000000000000000 ) ) ;
#382 = CARTESIAN_POINT ( 'NONE',  ( -0.09842519685039370636, 0.1102362204724409017, 0.1181102362204721895 ) ) ;
#383 = DIRECTION ( 'NONE',  ( 0.0000000000000000000, 0.0000000000000000000, 1.000000000000000000 ) ) ;
#384 = VERTEX_POINT ( 'NONE', #1338 ) ;
#385 = ORIENTED_EDGE ( 'NONE', *, *, #59, .T. ) ;
#386 = CARTESIAN_POINT ( 'NONE',  ( -0.5669291338582678197, 0.1771653543307086243, 0.1771653543307087075 ) ) ;
#387 = DIRECTION ( 'NONE',  ( 0.0000000000000000000, 1.000000000000000000, 1.927470528863119049E-16 ) ) ;
#388 = EDGE_CURVE ( 'NONE', #1045, #919, #327, .T. ) ;
#389 = DIRECTION ( 'NONE',  ( 0.0000000000000000000, 3.444205370125730629E-17, 1.000000000000000000 ) ) ;
#390 = CARTESIAN_POINT ( 'NONE',  ( -0.5669291338582678197, -0.1574803149606298913, -0.05905511811023624047 ) ) ;
#391 = EDGE_LOOP ( 'NONE', ( #145, #354, #296, #1356 ) ) ;
#392 = ORIENTED_EDGE ( 'NONE', *, *, #264, .T. ) ;
#393 = DIRECTION ( 'NONE',  ( 1.000000000000000000, 0.0000000000000000000, 0.0000000000000000000 ) ) ;
#394 = DIRECTION ( 'NONE',  ( 1.000000000000000000, 0.0000000000000000000, 0.0000000000000000000 ) ) ;
#395 = VECTOR ( 'NONE', #430, 39.37007874015748143 ) ;
#396 = CYLINDRICAL_SURFACE ( 'NONE', #224, 0.04921259842519685318 ) ;
#397 = PRODUCT_RELATED_PRODUCT_CATEGORY ( 'detail', '', ( #498 ) ) ;
#398 = VECTOR ( 'NONE', #879, 39.37007874015748143 ) ;
#399 = AXIS2_PLACEMENT_3D ( 'NONE', #1218, #1639, #242 ) ;
#400 = LINE ( 'NONE', #1629, #1370 ) ;
#401 = EDGE_CURVE ( 'NONE', #1207, #1332, #772, .T. ) ;
#402 = ORIENTED_EDGE ( 'NONE', *, *, #1043, .T. ) ;
#403 = ORIENTED_EDGE ( 'NONE', *, *, #1728, .T. ) ;
#404 = CARTESIAN_POINT ( 'NONE',  ( -0.3080708661417322913, -0.2559055118110236671, 0.04921259842519681849 ) ) ;
#405 = ORIENTED_EDGE ( 'NONE', *, *, #1679, .F. ) ;
#406 = VECTOR ( 'NONE', #1373, 39.37007874015748143 ) ;
#407 = VECTOR ( 'NONE', #1355, 39.37007874015748143 ) ;
#408 = FACE_OUTER_BOUND ( 'NONE', #1114, .T. ) ;
#409 = COORDINATED_UNIVERSAL_TIME_OFFSET ( 0, 0, .AHEAD. ) ;
#410 = CYLINDRICAL_SURFACE ( 'NONE', #1546, 0.02952755905511811677 ) ;
#411 = EDGE_CURVE ( 'NONE', #1677, #471, #654, .T. ) ;
#412 = ORIENTED_EDGE ( 'NONE', *, *, #661, .T. ) ;
#413 = LINE ( 'NONE', #973, #348 ) ;
#414 = CARTESIAN_POINT ( 'NONE',  ( -0.3080708661417322913, -0.3444881889763780070, -0.04921259842519688787 ) ) ;
#415 = CARTESIAN_POINT ( 'NONE',  ( -0.5669291338582678197, 0.1771653543307086243, 0.1771653543307087075 ) ) ;
#416 = FACE_OUTER_BOUND ( 'NONE', #1493, .T. ) ;
#417 = COORDINATED_UNIVERSAL_TIME_OFFSET ( 0, 0, .AHEAD. ) ;
#418 = CARTESIAN_POINT ( 'NONE',  ( -0.5464566929133858331, 0.06377952755905517968, 0.05905511811023622659 ) ) ;
#419 = ADVANCED_FACE ( 'NONE', ( #485, #889 ), #635, .F. ) ;
#420 = VERTEX_POINT ( 'NONE', #921 ) ;
#421 = DIRECTION ( 'NONE',  ( 0.0000000000000000000, 0.0000000000000000000, -1.000000000000000000 ) ) ;
#422 = EDGE_CURVE ( 'NONE', #1092, #985, #1059, .T. ) ;
#423 = EDGE_CURVE ( 'NONE', #950, #364, #908, .T. ) ;
#424 = EDGE_LOOP ( 'NONE', ( #1294, #1519, #466, #1141, #638, #1061, #622, #173 ) ) ;
#425 = DIRECTION ( 'NONE',  ( -3.469446951953613696E-16, -0.0000000000000000000, -1.000000000000000000 ) ) ;
#426 = DIRECTION ( 'NONE',  ( 0.0000000000000000000, 1.000000000000000000, 0.0000000000000000000 ) ) ;
#427 = AXIS2_PLACEMENT_3D ( 'NONE', #1007, #594, #740 ) ;
#428 = DIRECTION ( 'NONE',  ( 1.000000000000000000, 0.0000000000000000000, 0.0000000000000000000 ) ) ;
#429 = VECTOR ( 'NONE', #309, 39.37007874015748143 ) ;
#430 = DIRECTION ( 'NONE',  ( 1.000000000000000000, 0.0000000000000000000, 0.0000000000000000000 ) ) ;
#431 = VECTOR ( 'NONE', #1093, 39.37007874015748143 ) ;
#432 = EDGE_LOOP ( 'NONE', ( #667, #1048, #1750, #870 ) ) ;
#433 = DIRECTION ( 'NONE',  ( 0.0000000000000000000, 0.0000000000000000000, -1.000000000000000000 ) ) ;
#434 = FACE_OUTER_BOUND ( 'NONE', #349, .T. ) ;
#435 = ADVANCED_FACE ( 'NONE', ( #1312 ), #1352, .F. ) ;
#436 = DIRECTION ( 'NONE',  ( -1.000000000000000000, 0.0000000000000000000, 0.0000000000000000000 ) ) ;
#437 = AXIS2_PLACEMENT_3D ( 'NONE', #1106, #996, #1413 ) ;
#438 = ORIENTED_EDGE ( 'NONE', *, *, #621, .T. ) ;
#439 = CYLINDRICAL_SURFACE ( 'NONE', #311, 0.05905511811023622659 ) ;
#440 = PLANE ( 'NONE',  #43 ) ;
#441 = ORIENTED_EDGE ( 'NONE', *, *, #230, .F. ) ;
#442 = DIRECTION ( 'NONE',  ( -1.000000000000000000, 0.0000000000000000000, 0.0000000000000000000 ) ) ;
#443 = DIRECTION ( 'NONE',  ( 0.0000000000000000000, 1.000000000000000000, 0.0000000000000000000 ) ) ;
#444 = CARTESIAN_POINT ( 'NONE',  ( 0.0000000000000000000, -0.2559055118110236671, 0.1771653543307089296 ) ) ;
#445 = CARTESIAN_POINT ( 'NONE',  ( -0.5669291338582678197, -0.2559055118110236671, -0.1771653543307087630 ) ) ;
#446 = ORIENTED_EDGE ( 'NONE', *, *, #584, .T. ) ;
#447 = EDGE_CURVE ( 'NONE', #993, #898, #226, .T. ) ;
#448 = DIRECTION ( 'NONE',  ( -1.000000000000000000, -0.0000000000000000000, -0.0000000000000000000 ) ) ;
#449 = CARTESIAN_POINT ( 'NONE',  ( 0.0000000000000000000, 0.1771653543307086798, -0.1771653543307086243 ) ) ;
#450 = ORIENTED_EDGE ( 'NONE', *, *, #388, .T. ) ;
#451 = PLANE ( 'NONE',  #1116 ) ;
#452 = ORIENTED_EDGE ( 'NONE', *, *, #422, .T. ) ;
#453 = CARTESIAN_POINT ( 'NONE',  ( -0.1377952755905511861, 1.807981821588045721E-19, 0.1771653543307077361 ) ) ;
#454 = DIRECTION ( 'NONE',  ( -1.000000000000000000, -0.0000000000000000000, -0.0000000000000000000 ) ) ;
#455 = EDGE_LOOP ( 'NONE', ( #1395, #1360, #1673, #864, #1591, #450, #1471, #1154, #23, #1270, #1822, #797 ) ) ;
#456 = EDGE_CURVE ( 'NONE', #68, #976, #75, .T. ) ;
#457 = CARTESIAN_POINT ( 'NONE',  ( -0.5322834645669290987, -0.3346456692913385988, -0.05905511811023622659 ) ) ;
#458 = EDGE_CURVE ( 'NONE', #842, #1307, #668, .T. ) ;
#459 = DIRECTION ( 'NONE',  ( 1.000000000000000000, 0.0000000000000000000, 0.0000000000000000000 ) ) ;
#460 = VERTEX_POINT ( 'NONE', #1201 ) ;
#461 = DIRECTION ( 'NONE',  ( 0.0000000000000000000, 0.0000000000000000000, 1.000000000000000000 ) ) ;
#462 = AXIS2_PLACEMENT_3D ( 'NONE', #1424, #170, #159 ) ;
#463 = ORIENTED_EDGE ( 'NONE', *, *, #1450, .T. ) ;
#464 = CARTESIAN_POINT ( 'NONE',  ( -0.1377952755905511861, 0.1771653543307086798, -0.1771653543307086243 ) ) ;
#465 = DIRECTION ( 'NONE',  ( 0.0000000000000000000, 0.0000000000000000000, -1.000000000000000000 ) ) ;
#466 = ORIENTED_EDGE ( 'NONE', *, *, #515, .F. ) ;
#467 = CARTESIAN_POINT ( 'NONE',  ( -0.5669291338582678197, -0.3444881889763780070, -1.376168426808372978E-16 ) ) ;
#468 = AXIS2_PLACEMENT_3D ( 'NONE', #798, #393, #1520 ) ;
#469 = CARTESIAN_POINT ( 'NONE',  ( -0.5669291338582678197, -0.1574803149606298913, -0.05905511811023624047 ) ) ;
#470 = CIRCLE ( 'NONE', #1669, 0.04921259842519685318 ) ;
#471 = VERTEX_POINT ( 'NONE', #1606 ) ;
#472 = CARTESIAN_POINT ( 'NONE',  ( 0.0000000000000000000, 0.0000000000000000000, 0.0000000000000000000 ) ) ;
#473 = EDGE_CURVE ( 'NONE', #919, #1092, #1763, .T. ) ;
#474 = EDGE_LOOP ( 'NONE', ( #646, #828, #373, #486 ) ) ;
#475 = FACE_OUTER_BOUND ( 'NONE', #455, .T. ) ;
#476 = EDGE_LOOP ( 'NONE', ( #1434, #1441, #1162, #1597 ) ) ;
#477 = DIRECTION ( 'NONE',  ( 0.0000000000000000000, 0.0000000000000000000, -1.000000000000000000 ) ) ;
#478 = DIRECTION ( 'NONE',  ( 1.000000000000000000, 0.0000000000000000000, 0.0000000000000000000 ) ) ;
#479 = EDGE_LOOP ( 'NONE', ( #385, #1621, #1491, #1736 ) ) ;
#480 = CARTESIAN_POINT ( 'NONE',  ( -0.5314960629921260393, -0.1574803149606298913, 0.1771653543307089296 ) ) ;
#481 = EDGE_CURVE ( 'NONE', #1426, #1501, #57, .T. ) ;
#482 = DIRECTION ( 'NONE',  ( 0.0000000000000000000, 0.0000000000000000000, -1.000000000000000000 ) ) ;
#483 = ORIENTED_EDGE ( 'NONE', *, *, #1209, .T. ) ;
#484 = FACE_OUTER_BOUND ( 'NONE', #1320, .T. ) ;
#485 = FACE_BOUND ( 'NONE', #1188, .T. ) ;
#486 = ORIENTED_EDGE ( 'NONE', *, *, #1390, .F. ) ;
#487 = FACE_BOUND ( 'NONE', #333, .T. ) ;
#488 = VECTOR ( 'NONE', #719, 39.37007874015748143 ) ;
#489 = DIRECTION ( 'NONE',  ( 0.0000000000000000000, 1.000000000000000000, 1.927470528863119049E-16 ) ) ;
#490 = CARTESIAN_POINT ( 'NONE',  ( -0.5669291338582678197, -0.2559055118110236671, 0.1771653543307089296 ) ) ;
#491 = ORIENTED_EDGE ( 'NONE', *, *, #47, .T. ) ;
#492 = EDGE_CURVE ( 'NONE', #610, #161, #360, .T. ) ;
#493 = CARTESIAN_POINT ( 'NONE',  ( -0.5267716535433070169, 0.06377952755905515192, -0.05905511811023622659 ) ) ;
#494 = DIRECTION ( 'NONE',  ( 1.000000000000000000, 0.0000000000000000000, 0.0000000000000000000 ) ) ;
#495 = AXIS2_PLACEMENT_3D ( 'NONE', #147, #852, #861 ) ;
#496 = VERTEX_POINT ( 'NONE', #753 ) ;
#497 = CIRCLE ( 'NONE', #1788, 0.04921259842519685318 ) ;
#498 = PRODUCT ( 'CUI_DEVICES_PJ-002B', 'CUI_DEVICES_PJ-002B', '', ( #698 ) ) ;
#499 = ORIENTED_EDGE ( 'NONE', *, *, #1670, .T. ) ;
#500 = DIRECTION ( 'NONE',  ( 0.0000000000000000000, 0.0000000000000000000, -1.000000000000000000 ) ) ;
#501 = VERTEX_POINT ( 'NONE', #48 ) ;
#502 = CARTESIAN_POINT ( 'NONE',  ( -0.5322834645669290987, -0.3937007874015748254, -0.05905511811023622659 ) ) ;
#503 = ADVANCED_FACE ( 'NONE', ( #1175 ), #85, .F. ) ;
#504 = CARTESIAN_POINT ( 'NONE',  ( -0.5322834645669290987, -0.2559055118110236671, 0.1771653543307089296 ) ) ;
#505 = EDGE_CURVE ( 'NONE', #655, #50, #1596, .T. ) ;
#506 = ORIENTED_EDGE ( 'NONE', *, *, #164, .F. ) ;
#507 = ORIENTED_EDGE ( 'NONE', *, *, #1112, .F. ) ;
#508 = DIRECTION ( 'NONE',  ( -1.000000000000000000, 0.0000000000000000000, 0.0000000000000000000 ) ) ;
#509 = CARTESIAN_POINT ( 'NONE',  ( -0.4507874015748031815, -0.3444881889763780070, -0.1771653543307086243 ) ) ;
#510 = ORIENTED_EDGE ( 'NONE', *, *, #1784, .F. ) ;
#511 = DIRECTION ( 'NONE',  ( 0.0000000000000000000, 2.891205793294684736E-16, -1.000000000000000000 ) ) ;
#512 = CARTESIAN_POINT ( 'NONE',  ( -0.5669291338582678197, 1.976792077363837694E-17, 0.1614173228346456601 ) ) ;
#513 = ORIENTED_EDGE ( 'NONE', *, *, #1614, .T. ) ;
#514 = PERSON_AND_ORGANIZATION_ROLE ( 'creator' ) ;
#515 = EDGE_CURVE ( 'NONE', #1220, #1598, #1464, .T. ) ;
#516 = VERTEX_POINT ( 'NONE', #1743 ) ;
#517 = PLANE ( 'NONE',  #1258 ) ;
#518 = CARTESIAN_POINT ( 'NONE',  ( -0.5669291338582678197, -0.1574803149606298913, 0.05905511811023622659 ) ) ;
#519 = ORIENTED_EDGE ( 'NONE', *, *, #447, .F. ) ;
#520 = VECTOR ( 'NONE', #335, 39.37007874015748143 ) ;
#521 = VECTOR ( 'NONE', #477, 39.37007874015748143 ) ;
#522 = DIRECTION ( 'NONE',  ( 0.0000000000000000000, 0.0000000000000000000, -1.000000000000000000 ) ) ;
#523 = CARTESIAN_POINT ( 'NONE',  ( -0.03937007874015747977, 0.1771653543307087075, -0.1771653543307084022 ) ) ;
#524 = ORIENTED_EDGE ( 'NONE', *, *, #1277, .T. ) ;
#525 = CIRCLE ( 'NONE', #878, 0.02952755905511811677 ) ;
#526 = EDGE_CURVE ( 'NONE', #328, #1045, #208, .T. ) ;
#527 = DIRECTION ( 'NONE',  ( 1.000000000000000000, 0.0000000000000000000, 0.0000000000000000000 ) ) ;
#528 = CIRCLE ( 'NONE', #818, 0.02952755905511813758 ) ;
#529 = EDGE_LOOP ( 'NONE', ( #1512, #1231, #593, #796 ) ) ;
#530 = DIRECTION ( 'NONE',  ( 0.0000000000000000000, 1.000000000000000000, 1.927470528863119049E-16 ) ) ;
#531 = DIRECTION ( 'NONE',  ( 0.0000000000000000000, -1.000000000000000000, 0.0000000000000000000 ) ) ;
#532 = ORIENTED_EDGE ( 'NONE', *, *, #1324, .T. ) ;
#533 = ORIENTED_EDGE ( 'NONE', *, *, #481, .F. ) ;
#534 = CARTESIAN_POINT ( 'NONE',  ( -0.5464566929133858331, -0.3444881889763780070, -1.376168426808372978E-16 ) ) ;
#535 = EDGE_CURVE ( 'NONE', #636, #1238, #1508, .T. ) ;
#536 = CARTESIAN_POINT ( 'NONE',  ( -0.5669291338582678197, -0.3444881889763780070, -1.376168426808372978E-16 ) ) ;
#537 = EDGE_CURVE ( 'NONE', #1715, #1559, #400, .T. ) ;
#538 = CARTESIAN_POINT ( 'NONE',  ( -0.03937007874015747977, 0.1692913385826771422, 0.1181102362204722034 ) ) ;
#539 = DIRECTION ( 'NONE',  ( 0.0000000000000000000, -2.891205793294684736E-16, 1.000000000000000000 ) ) ;
#540 = ORIENTED_EDGE ( 'NONE', *, *, #793, .T. ) ;
#541 = VERTEX_POINT ( 'NONE', #523 ) ;
#542 = PLANE ( 'NONE',  #1443 ) ;
#543 = FACE_OUTER_BOUND ( 'NONE', #972, .T. ) ;
#544 = LINE ( 'NONE', #1107, #1336 ) ;
#545 = AXIS2_PLACEMENT_3D ( 'NONE', #444, #24, #148 ) ;
#546 = LINE ( 'NONE', #1507, #900 ) ;
#547 = CIRCLE ( 'NONE', #1659, 0.1614173228346456601 ) ;
#548 = EDGE_CURVE ( 'NONE', #1327, #351, #949, .T. ) ;
#549 = VECTOR ( 'NONE', #1805, 39.37007874015748143 ) ;
#550 = LINE ( 'NONE', #941, #338 ) ;
#551 = ORIENTED_EDGE ( 'NONE', *, *, #924, .T. ) ;
#552 = VERTEX_POINT ( 'NONE', #931 ) ;
#553 = CARTESIAN_POINT ( 'NONE',  ( -0.5314960629921260393, -0.1574803149606298913, 0.1771653543307089296 ) ) ;
#554 = LINE ( 'NONE', #1117, #1609 ) ;
#555 = ORIENTED_EDGE ( 'NONE', *, *, #1482, .T. ) ;
#556 = CIRCLE ( 'NONE', #495, 0.02952755905511813758 ) ;
#557 = AXIS2_PLACEMENT_3D ( 'NONE', #1678, #301, #421 ) ;
#558 = DIRECTION ( 'NONE',  ( 0.0000000000000000000, 0.0000000000000000000, 1.000000000000000000 ) ) ;
#559 = DATE_TIME_ROLE ( 'creation_date' ) ;
#560 = EDGE_CURVE ( 'NONE', #605, #690, #13, .T. ) ;
#561 = DIRECTION ( 'NONE',  ( -1.000000000000000000, 0.0000000000000000000, 0.0000000000000000000 ) ) ;
#562 = ADVANCED_FACE ( 'NONE', ( #1228 ), #802, .F. ) ;
#563 = ORIENTED_EDGE ( 'NONE', *, *, #1348, .F. ) ;
#564 = CARTESIAN_POINT ( 'NONE',  ( -0.5314960629921260393, 7.231927286352672072E-19, 0.1614173228346456601 ) ) ;
#565 = CARTESIAN_POINT ( 'NONE',  ( -0.5669291338582678197, 0.0000000000000000000, 0.0000000000000000000 ) ) ;
#566 = ORIENTED_EDGE ( 'NONE', *, *, #961, .F. ) ;
#567 = FACE_OUTER_BOUND ( 'NONE', #955, .T. ) ;
#568 = PLANE ( 'NONE',  #1252 ) ;
#569 = SHAPE_DEFINITION_REPRESENTATION ( #995, #971 ) ;
#570 = LINE ( 'NONE', #980, #398 ) ;
#571 = DIRECTION ( 'NONE',  ( -1.000000000000000000, 0.0000000000000000000, 0.0000000000000000000 ) ) ;
#572 = EDGE_LOOP ( 'NONE', ( #1176, #1400, #1289, #524 ) ) ;
#573 = FACE_OUTER_BOUND ( 'NONE', #424, .T. ) ;
#574 = EDGE_CURVE ( 'NONE', #1220, #1256, #1514, .T. ) ;
#575 = CARTESIAN_POINT ( 'NONE',  ( -0.3080708661417322913, -0.3444881889763780070, 0.02952755905511797799 ) ) ;
#576 = CARTESIAN_POINT ( 'NONE',  ( -0.09842519685039370636, 0.1692913385826771422, 0.1181102362204722034 ) ) ;
#577 = LINE ( 'NONE', #445, #994 ) ;
#578 = AXIS2_PLACEMENT_3D ( 'NONE', #1653, #1802, #387 ) ;
#579 = DIRECTION ( 'NONE',  ( -0.0000000000000000000, -0.0000000000000000000, -1.000000000000000000 ) ) ;
#580 = VECTOR ( 'NONE', #626, 39.37007874015748143 ) ;
#581 = DIRECTION ( 'NONE',  ( 0.0000000000000000000, 1.000000000000000000, 2.365532012695646217E-16 ) ) ;
#582 = ORIENTED_EDGE ( 'NONE', *, *, #1713, .F. ) ;
#583 = CARTESIAN_POINT ( 'NONE',  ( -0.5314960629921260393, 0.0000000000000000000, -0.1771653543307086798 ) ) ;
#584 = EDGE_CURVE ( 'NONE', #1151, #50, #1085, .T. ) ;
#585 = CARTESIAN_POINT ( 'NONE',  ( -0.3080708661417322913, -0.3444881889763780070, -0.02952755905511825207 ) ) ;
#586 = CYLINDRICAL_SURFACE ( 'NONE', #1716, 0.02952755905511813758 ) ;
#587 = LINE ( 'NONE', #1261, #1720 ) ;
#588 = VECTOR ( 'NONE', #443, 39.37007874015748143 ) ;
#589 = VERTEX_POINT ( 'NONE', #269 ) ;
#590 = AXIS2_PLACEMENT_3D ( 'NONE', #51, #201, #1745 ) ;
#591 = LINE ( 'NONE', #1282, #697 ) ;
#592 = LINE ( 'NONE', #1684, #781 ) ;
#593 = ORIENTED_EDGE ( 'NONE', *, *, #83, .T. ) ;
#594 = DIRECTION ( 'NONE',  ( 0.0000000000000000000, 1.000000000000000000, 9.637352644315595243E-17 ) ) ;
#595 = DIRECTION ( 'NONE',  ( 0.0000000000000000000, 1.000000000000000000, 0.0000000000000000000 ) ) ;
#596 = EDGE_CURVE ( 'NONE', #1388, #68, #821, .T. ) ;
#597 = DIRECTION ( 'NONE',  ( -1.000000000000000000, -0.0000000000000000000, -0.0000000000000000000 ) ) ;
#598 = CARTESIAN_POINT ( 'NONE',  ( -0.4704724409448818312, -0.3444881889763780070, -0.1771653543307087075 ) ) ;
#599 = ORIENTED_EDGE ( 'NONE', *, *, #456, .T. ) ;
#600 = LINE ( 'NONE', #1455, #287 ) ;
#601 = ORIENTED_EDGE ( 'NONE', *, *, #1025, .T. ) ;
#602 = CARTESIAN_POINT ( 'NONE',  ( -0.5669291338582678197, 0.1771653543307086798, -0.1771653543307086243 ) ) ;
#603 = UNCERTAINTY_MEASURE_WITH_UNIT (LENGTH_MEASURE( 1.000000000000000082E-05 ), #1438, 'distance_accuracy_value', 'NONE');
#604 = DIRECTION ( 'NONE',  ( -1.000000000000000000, 0.0000000000000000000, 6.938893903907232322E-16 ) ) ;
#605 = VERTEX_POINT ( 'NONE', #1641 ) ;
#606 = CARTESIAN_POINT ( 'NONE',  ( -0.5669291338582678197, 0.1771653543307086243, 0.1771653543307087075 ) ) ;
#607 = EDGE_CURVE ( 'NONE', #1792, #1388, #812, .T. ) ;
#608 = AXIS2_PLACEMENT_3D ( 'NONE', #536, #394, #256 ) ;
#609 = CARTESIAN_POINT ( 'NONE',  ( -0.5322834645669290987, -0.3346456692913385988, 0.05905511811023622659 ) ) ;
#610 = VERTEX_POINT ( 'NONE', #1500 ) ;
#611 = VECTOR ( 'NONE', #1167, 39.37007874015748143 ) ;
#612 = VECTOR ( 'NONE', #644, 39.37007874015748143 ) ;
#613 = DIRECTION ( 'NONE',  ( 1.000000000000000000, 0.0000000000000000000, 0.0000000000000000000 ) ) ;
#614 = EDGE_LOOP ( 'NONE', ( #1251, #922, #630, #1130, #1123, #1661, #463, #1060 ) ) ;
#615 = AXIS2_PLACEMENT_3D ( 'NONE', #1826, #1710, #303 ) ;
#616 = DIRECTION ( 'NONE',  ( -1.000000000000000000, 0.0000000000000000000, 0.0000000000000000000 ) ) ;
#617 = CC_DESIGN_APPROVAL ( #1645, ( #1029 ) ) ;
#618 = DIRECTION ( 'NONE',  ( 0.0000000000000000000, 1.000000000000000000, 0.0000000000000000000 ) ) ;
#619 = ORIENTED_EDGE ( 'NONE', *, *, #1633, .F. ) ;
#620 =( LENGTH_UNIT ( ) NAMED_UNIT ( * ) SI_UNIT ( $, .METRE. ) );
#621 = EDGE_CURVE ( 'NONE', #1477, #822, #1377, .T. ) ;
#622 = ORIENTED_EDGE ( 'NONE', *, *, #836, .F. ) ;
#623 = LINE ( 'NONE', #464, #1459 ) ;
#624 = ORIENTED_EDGE ( 'NONE', *, *, #271, .T. ) ;
#625 = DIRECTION ( 'NONE',  ( 0.0000000000000000000, 0.0000000000000000000, -1.000000000000000000 ) ) ;
#626 = DIRECTION ( 'NONE',  ( -0.0000000000000000000, -0.0000000000000000000, -1.000000000000000000 ) ) ;
#627 = DIMENSIONAL_EXPONENTS ( 1.000000000000000000, 0.0000000000000000000, 0.0000000000000000000, 0.0000000000000000000, 0.0000000000000000000, 0.0000000000000000000, 0.0000000000000000000 ) ;
#628 = ORIENTED_EDGE ( 'NONE', *, *, #1762, .T. ) ;
#629 = EDGE_CURVE ( 'NONE', #358, #1634, #1809, .T. ) ;
#630 = ORIENTED_EDGE ( 'NONE', *, *, #59, .F. ) ;
#631 = CARTESIAN_POINT ( 'NONE',  ( 0.0000000000000000000, 1.566969329617676785E-17, 0.1279527559055118335 ) ) ;
#632 = FACE_OUTER_BOUND ( 'NONE', #909, .T. ) ;
#633 = ORIENTED_EDGE ( 'NONE', *, *, #14, .F. ) ;
#634 = CARTESIAN_POINT ( 'NONE',  ( -0.03937007874015747977, 0.1102362204724409017, 0.1181102362204721895 ) ) ;
#635 = PLANE ( 'NONE',  #1136 ) ;
#636 = VERTEX_POINT ( 'NONE', #681 ) ;
#637 = VECTOR ( 'NONE', #1387, 39.37007874015748143 ) ;
#638 = ORIENTED_EDGE ( 'NONE', *, *, #1077, .F. ) ;
#639 = AXIS2_PLACEMENT_3D ( 'NONE', #467, #189, #206 ) ;
#640 = ADVANCED_FACE ( 'NONE', ( #1524 ), #260, .F. ) ;
#641 = CARTESIAN_POINT ( 'NONE',  ( -0.3080708661417322913, -0.3444881889763780070, -1.376168426808372978E-16 ) ) ;
#642 = ORIENTED_EDGE ( 'NONE', *, *, #175, .F. ) ;
#643 = EDGE_CURVE ( 'NONE', #1715, #58, #550, .T. ) ;
#644 = DIRECTION ( 'NONE',  ( 0.0000000000000000000, 1.000000000000000000, 0.0000000000000000000 ) ) ;
#645 = CARTESIAN_POINT ( 'NONE',  ( -0.2755905511811023723, 0.0000000000000000000, 0.0000000000000000000 ) ) ;
#646 = ORIENTED_EDGE ( 'NONE', *, *, #1655, .T. ) ;
#647 = CONICAL_SURFACE ( 'NONE', #1291, 0.04133858267716535029, 0.7853981633974477239 ) ;
#648 = ORIENTED_EDGE ( 'NONE', *, *, #1146, .F. ) ;
#649 = DIRECTION ( 'NONE',  ( 0.0000000000000000000, 1.000000000000000000, 0.0000000000000000000 ) ) ;
#650 = DIRECTION ( 'NONE',  ( 0.0000000000000000000, 0.0000000000000000000, 1.000000000000000000 ) ) ;
#651 = ORIENTED_EDGE ( 'NONE', *, *, #1560, .T. ) ;
#652 = DIRECTION ( 'NONE',  ( 0.0000000000000000000, 1.000000000000000000, 1.927470528863119049E-16 ) ) ;
#653 = EDGE_CURVE ( 'NONE', #928, #1207, #830, .T. ) ;
#654 = LINE ( 'NONE', #512, #520 ) ;
#655 = VERTEX_POINT ( 'NONE', #121 ) ;
#656 = DATE_AND_TIME ( #1405, #1172 ) ;
#657 = VERTEX_POINT ( 'NONE', #1657 ) ;
#658 = CARTESIAN_POINT ( 'NONE',  ( -0.2982283464566928832, -0.2559055118110236671, -0.04921259842519688787 ) ) ;
#659 = DIRECTION ( 'NONE',  ( 0.0000000000000000000, -1.000000000000000000, 5.519574696289841831E-16 ) ) ;
#660 = DIRECTION ( 'NONE',  ( -1.000000000000000000, -0.0000000000000000000, -0.0000000000000000000 ) ) ;
#661 = EDGE_CURVE ( 'NONE', #471, #1617, #547, .T. ) ;
#662 = ORIENTED_EDGE ( 'NONE', *, *, #750, .F. ) ;
#663 = PERSON_AND_ORGANIZATION ( #289, #1759 ) ;
#664 = ORIENTED_EDGE ( 'NONE', *, *, #251, .T. ) ;
#665 = FACE_OUTER_BOUND ( 'NONE', #724, .T. ) ;
#666 = VECTOR ( 'NONE', #1306, 39.37007874015748143 ) ;
#667 = ORIENTED_EDGE ( 'NONE', *, *, #178, .F. ) ;
#668 = CIRCLE ( 'NONE', #1398, 0.04921259842519685318 ) ;
#669 = AXIS2_PLACEMENT_3D ( 'NONE', #1000, #426, #978 ) ;
#670 = CARTESIAN_POINT ( 'NONE',  ( -0.5314960629921260393, 7.231927286352638368E-19, -0.1614173228346456601 ) ) ;
#671 = DIRECTION ( 'NONE',  ( 1.000000000000000000, 0.0000000000000000000, 0.0000000000000000000 ) ) ;
#672 = ORIENTED_EDGE ( 'NONE', *, *, #939, .T. ) ;
#673 = ADVANCED_FACE ( 'NONE', ( #1254 ), #410, .F. ) ;
#674 = AXIS2_PLACEMENT_3D ( 'NONE', #1585, #1333, #1318 ) ;
#675 = ORIENTED_EDGE ( 'NONE', *, *, #1583, .T. ) ;
#676 = LINE ( 'NONE', #240, #1349 ) ;
#677 = EDGE_CURVE ( 'NONE', #657, #1379, #1273, .T. ) ;
#678 = APPROVAL_PERSON_ORGANIZATION ( #1262, #1723, #1244 ) ;
#679 = ORIENTED_EDGE ( 'NONE', *, *, #1253, .F. ) ;
#680 = LINE ( 'NONE', #1665, #1081 ) ;
#681 = CARTESIAN_POINT ( 'NONE',  ( -0.03937007874015747977, 5.544660704801009331E-18, -0.04133858267716535029 ) ) ;
#682 = EDGE_LOOP ( 'NONE', ( #1528, #1353, #1535, #951 ) ) ;
#683 = ORIENTED_EDGE ( 'NONE', *, *, #306, .T. ) ;
#684 = CARTESIAN_POINT ( 'NONE',  ( -0.4212598425196850127, -0.3444881889763780070, -0.1929133858267716439 ) ) ;
#685 = EDGE_CURVE ( 'NONE', #1581, #322, #1704, .T. ) ;
#686 = DIRECTION ( 'NONE',  ( 0.0000000000000000000, 0.0000000000000000000, -1.000000000000000000 ) ) ;
#687 = ORIENTED_EDGE ( 'NONE', *, *, #1345, .F. ) ;
#688 = CARTESIAN_POINT ( 'NONE',  ( -0.3927116205530185589, -0.2559055118110236671, 0.05905511811023622659 ) ) ;
#689 = CARTESIAN_POINT ( 'NONE',  ( -0.3927116205530185589, -0.1574803149606298913, 0.05905511811023622659 ) ) ;
#690 = VERTEX_POINT ( 'NONE', #457 ) ;
#691 = EDGE_LOOP ( 'NONE', ( #1371, #200, #1305, #510 ) ) ;
#692 = DIRECTION ( 'NONE',  ( 1.000000000000000000, 0.0000000000000000000, 0.0000000000000000000 ) ) ;
#693 = CARTESIAN_POINT ( 'NONE',  ( -0.5464566929133858331, -0.3937007874015748254, 0.05905511811023622659 ) ) ;
#694 = ORIENTED_EDGE ( 'NONE', *, *, #1689, .F. ) ;
#695 = ADVANCED_FACE ( 'NONE', ( #1694 ), #1551, .F. ) ;
#696 = CARTESIAN_POINT ( 'NONE',  ( 0.0000000000000000000, 0.1771653543307086243, 0.1771653543307087075 ) ) ;
#697 = VECTOR ( 'NONE', #597, 39.37007874015748143 ) ;
#698 = MECHANICAL_CONTEXT ( 'NONE', #1640, 'mechanical' ) ;
#699 = EDGE_CURVE ( 'NONE', #136, #30, #810, .T. ) ;
#700 = VECTOR ( 'NONE', #652, 39.37007874015748143 ) ;
#701 = DIRECTION ( 'NONE',  ( 1.000000000000000000, 0.0000000000000000000, 0.0000000000000000000 ) ) ;
#702 = EDGE_LOOP ( 'NONE', ( #672, #27, #683, #1685 ) ) ;
#703 = CARTESIAN_POINT ( 'NONE',  ( -0.5464566929133858331, -0.3346456692913385988, 0.0000000000000000000 ) ) ;
#704 = VERTEX_POINT ( 'NONE', #1580 ) ;
#705 = LINE ( 'NONE', #156, #192 ) ;
#706 = AXIS2_PLACEMENT_3D ( 'NONE', #1062, #1044, #604 ) ;
#707 = AXIS2_PLACEMENT_3D ( 'NONE', #1276, #1124, #1564 ) ;
#708 = APPLICATION_PROTOCOL_DEFINITION ( 'international standard', 'config_control_design', 1994, #316 ) ;
#709 = DIRECTION ( 'NONE',  ( 0.0000000000000000000, 0.0000000000000000000, -1.000000000000000000 ) ) ;
#710 = ADVANCED_FACE ( 'NONE', ( #1561 ), #439, .T. ) ;
#711 = CARTESIAN_POINT ( 'NONE',  ( -0.1377952755905511861, 0.0000000000000000000, 0.0000000000000000000 ) ) ;
#712 = ORIENTED_EDGE ( 'NONE', *, *, #1025, .F. ) ;
#713 = CARTESIAN_POINT ( 'NONE',  ( -0.2982283464566929387, -0.3444881889763780070, -3.414809992080329023E-17 ) ) ;
#714 = LINE ( 'NONE', #826, #876 ) ;
#715 = CARTESIAN_POINT ( 'NONE',  ( -0.5464566929133858331, -0.3444881889763780070, 0.02952755905511797799 ) ) ;
#716 = LINE ( 'NONE', #1674, #340 ) ;
#717 = DIRECTION ( 'NONE',  ( 1.000000000000000000, 0.0000000000000000000, 0.0000000000000000000 ) ) ;
#718 = ADVANCED_FACE ( 'NONE', ( #1446 ), #1569, .T. ) ;
#719 = DIRECTION ( 'NONE',  ( 0.0000000000000000000, 3.444205370125740490E-17, -1.000000000000000000 ) ) ;
#720 = EDGE_LOOP ( 'NONE', ( #1330, #1298, #1530, #1389 ) ) ;
#721 = DIRECTION ( 'NONE',  ( -1.000000000000000000, -0.0000000000000000000, -0.0000000000000000000 ) ) ;
#722 = LINE ( 'NONE', #1430, #12 ) ;
#723 = FACE_OUTER_BOUND ( 'NONE', #960, .T. ) ;
#724 = EDGE_LOOP ( 'NONE', ( #1764, #41, #1246, #1483 ) ) ;
#725 = CARTESIAN_POINT ( 'NONE',  ( -0.3720472440944881942, -0.3937007874015748254, -0.1929133858267716439 ) ) ;
#726 = AXIS2_PLACEMENT_3D ( 'NONE', #151, #318, #1010 ) ;
#727 = LINE ( 'NONE', #1266, #488 ) ;
#728 = ORIENTED_EDGE ( 'NONE', *, *, #1242, .F. ) ;
#729 = CARTESIAN_POINT ( 'NONE',  ( -0.5314960629921260393, -0.1574803149606298913, -0.1771653543307086798 ) ) ;
#730 = CARTESIAN_POINT ( 'NONE',  ( -0.5669291338582678197, -0.1574803149606298913, 0.1771653543307089296 ) ) ;
#731 = EDGE_CURVE ( 'NONE', #1307, #842, #1752, .T. ) ;
#732 = FACE_OUTER_BOUND ( 'NONE', #356, .T. ) ;
#733 = CARTESIAN_POINT ( 'NONE',  ( -0.03937007874015747977, 0.1771653543307086243, 0.1771653543307084022 ) ) ;
#734 = VECTOR ( 'NONE', #1233, 39.37007874015748143 ) ;
#735 = ORIENTED_EDGE ( 'NONE', *, *, #775, .T. ) ;
#736 = DIRECTION ( 'NONE',  ( 0.0000000000000000000, 1.000000000000000000, 0.0000000000000000000 ) ) ;
#737 = PLANE ( 'NONE',  #1488 ) ;
#738 = EDGE_LOOP ( 'NONE', ( #336, #1607, #66, #642 ) ) ;
#739 = ORIENTED_EDGE ( 'NONE', *, *, #1515, .F. ) ;
#740 = DIRECTION ( 'NONE',  ( 0.0000000000000000000, -9.637352644315595243E-17, 1.000000000000000000 ) ) ;
#741 = EDGE_CURVE ( 'NONE', #126, #657, #744, .T. ) ;
#742 = FACE_OUTER_BOUND ( 'NONE', #1437, .T. ) ;
#743 = ORIENTED_EDGE ( 'NONE', *, *, #1287, .T. ) ;
#744 = LINE ( 'NONE', #840, #1193 ) ;
#745 = LINE ( 'NONE', #598, #1017 ) ;
#746 = ORIENTED_EDGE ( 'NONE', *, *, #1186, .T. ) ;
#747 = LINE ( 'NONE', #480, #1808 ) ;
#748 = CARTESIAN_POINT ( 'NONE',  ( -0.5669291338582678197, 1.807981821588045721E-19, 0.1771653543307077361 ) ) ;
#749 = ORIENTED_EDGE ( 'NONE', *, *, #793, .F. ) ;
#750 = EDGE_CURVE ( 'NONE', #823, #1516, #1149, .T. ) ;
#751 = DIRECTION ( 'NONE',  ( 0.0000000000000000000, 0.0000000000000000000, -1.000000000000000000 ) ) ;
#752 = EDGE_CURVE ( 'NONE', #501, #1744, #1676, .T. ) ;
#753 = CARTESIAN_POINT ( 'NONE',  ( -0.5322834645669290987, -0.3444881889763780070, 0.02952755905511797799 ) ) ;
#754 = ORIENTED_EDGE ( 'NONE', *, *, #1462, .T. ) ;
#755 = DIRECTION ( 'NONE',  ( 0.0000000000000000000, 0.0000000000000000000, -1.000000000000000000 ) ) ;
#756 = AXIS2_PLACEMENT_3D ( 'NONE', #1019, #277, #1121 ) ;
#757 = VECTOR ( 'NONE', #660, 39.37007874015748143 ) ;
#758 = ORIENTED_EDGE ( 'NONE', *, *, #1100, .T. ) ;
#759 = LINE ( 'NONE', #1316, #1279 ) ;
#760 = DIRECTION ( 'NONE',  ( 1.000000000000000000, 0.0000000000000000000, 0.0000000000000000000 ) ) ;
#761 = VERTEX_POINT ( 'NONE', #856 ) ;
#762 = AXIS2_PLACEMENT_3D ( 'NONE', #1070, #1098, #686 ) ;
#763 = FACE_OUTER_BOUND ( 'NONE', #82, .T. ) ;
#764 = CIRCLE ( 'NONE', #232, 0.01968503937007873988 ) ;
#765 = EDGE_CURVE ( 'NONE', #1092, #384, #570, .T. ) ;
#766 = CARTESIAN_POINT ( 'NONE',  ( -0.03937007874015747977, 0.1102362204724409572, -0.1771653543307084022 ) ) ;
#767 = ORIENTED_EDGE ( 'NONE', *, *, #243, .F. ) ;
#768 =( NAMED_UNIT ( * ) SI_UNIT ( $, .STERADIAN. ) SOLID_ANGLE_UNIT ( ) );
#769 = CARTESIAN_POINT ( 'NONE',  ( 0.0000000000000000000, -0.2559055118110236671, 0.1771653543307089296 ) ) ;
#770 = ORIENTED_EDGE ( 'NONE', *, *, #1403, .F. ) ;
#771 = LINE ( 'NONE', #1753, #1660 ) ;
#772 = LINE ( 'NONE', #1329, #131 ) ;
#773 = EDGE_LOOP ( 'NONE', ( #1334, #1009, #1579, #1016 ) ) ;
#774 = LINE ( 'NONE', #1314, #1611 ) ;
#775 = EDGE_CURVE ( 'NONE', #1475, #180, #1303, .T. ) ;
#776 = EDGE_LOOP ( 'NONE', ( #40, #402, #551, #563 ) ) ;
#777 = VERTEX_POINT ( 'NONE', #1435 ) ;
#778 = LINE ( 'NONE', #502, #612 ) ;
#779 = DIRECTION ( 'NONE',  ( 0.0000000000000000000, 0.0000000000000000000, -1.000000000000000000 ) ) ;
#780 = ORIENTED_EDGE ( 'NONE', *, *, #677, .T. ) ;
#781 = VECTOR ( 'NONE', #992, 39.37007874015748143 ) ;
#782 = VECTOR ( 'NONE', #244, 39.37007874015748143 ) ;
#783 = ORIENTED_EDGE ( 'NONE', *, *, #653, .F. ) ;
#784 = VECTOR ( 'NONE', #1404, 39.37007874015748143 ) ;
#785 = EDGE_CURVE ( 'NONE', #985, #1207, #223, .T. ) ;
#786 = ORIENTED_EDGE ( 'NONE', *, *, #505, .F. ) ;
#787 = CARTESIAN_POINT ( 'NONE',  ( -0.03937007874015747977, 0.1102362204724409017, 0.1771653543307084022 ) ) ;
#788 = CARTESIAN_POINT ( 'NONE',  ( -0.1377952755905511861, 1.807981821588045721E-19, -0.1771653543307076528 ) ) ;
#789 = APPROVAL_PERSON_ORGANIZATION ( #1818, #913, #96 ) ;
#790 = ORIENTED_EDGE ( 'NONE', *, *, #308, .T. ) ;
#791 = CARTESIAN_POINT ( 'NONE',  ( -0.5669291338582678197, -0.1574803149606298913, 0.1771653543307089296 ) ) ;
#792 = EDGE_LOOP ( 'NONE', ( #10, #63, #853, #894 ) ) ;
#793 = EDGE_CURVE ( 'NONE', #216, #1332, #1683, .T. ) ;
#794 = FACE_OUTER_BOUND ( 'NONE', #1192, .T. ) ;
#795 = DIRECTION ( 'NONE',  ( 1.000000000000000000, 0.0000000000000000000, 0.0000000000000000000 ) ) ;
#796 = ORIENTED_EDGE ( 'NONE', *, *, #1784, .T. ) ;
#797 = ORIENTED_EDGE ( 'NONE', *, *, #883, .T. ) ;
#798 = CARTESIAN_POINT ( 'NONE',  ( -0.2755905511811023723, 0.0000000000000000000, 0.0000000000000000000 ) ) ;
#799 = DIRECTION ( 'NONE',  ( 0.0000000000000000000, 1.000000000000000000, 0.0000000000000000000 ) ) ;
#800 = ORIENTED_EDGE ( 'NONE', *, *, #731, .T. ) ;
#801 = LINE ( 'NONE', #940, #549 ) ;
#802 = PLANE ( 'NONE',  #1431 ) ;
#803 = EDGE_CURVE ( 'NONE', #420, #1045, #591, .T. ) ;
#804 = ORIENTED_EDGE ( 'NONE', *, *, #1462, .F. ) ;
#805 = EDGE_LOOP ( 'NONE', ( #813, #648, #1001, #1625 ) ) ;
#806 = DIRECTION ( 'NONE',  ( -1.000000000000000000, 0.0000000000000000000, 0.0000000000000000000 ) ) ;
#807 = VECTOR ( 'NONE', #1421, 39.37007874015748143 ) ;
#808 = DIRECTION ( 'NONE',  ( 0.0000000000000000000, 1.000000000000000000, 0.0000000000000000000 ) ) ;
#809 = CARTESIAN_POINT ( 'NONE',  ( -0.5464566929133858331, -0.3444881889763780070, -0.02952755905511825207 ) ) ;
#810 = CIRCLE ( 'NONE', #726, 0.02952755905511811677 ) ;
#811 = FACE_OUTER_BOUND ( 'NONE', #1362, .T. ) ;
#812 = LINE ( 'NONE', #1649, #1018 ) ;
#813 = ORIENTED_EDGE ( 'NONE', *, *, #231, .T. ) ;
#814 = EDGE_CURVE ( 'NONE', #541, #105, #1416, .T. ) ;
#815 = AXIS2_PLACEMENT_3D ( 'NONE', #684, #1232, #1205 ) ;
#816 = ORIENTED_EDGE ( 'NONE', *, *, #231, .F. ) ;
#817 = DIRECTION ( 'NONE',  ( 0.0000000000000000000, -1.734723475976807094E-15, 1.000000000000000000 ) ) ;
#818 = AXIS2_PLACEMENT_3D ( 'NONE', #1536, #11, #442 ) ;
#819 = ORIENTED_EDGE ( 'NONE', *, *, #1, .T. ) ;
#820 = PLANE ( 'NONE',  #1138 ) ;
#821 = LINE ( 'NONE', #1245, #72 ) ;
#822 = VERTEX_POINT ( 'NONE', #848 ) ;
#823 = VERTEX_POINT ( 'NONE', #28 ) ;
#824 = CARTESIAN_POINT ( 'NONE',  ( -0.03937007874015747977, 0.1102362204724409572, -0.1771653543307084022 ) ) ;
#825 = EDGE_CURVE ( 'NONE', #1706, #1776, #1156, .T. ) ;
#826 = CARTESIAN_POINT ( 'NONE',  ( -0.5464566929133858331, -0.3937007874015748254, 0.05905511811023622659 ) ) ;
#827 = EDGE_CURVE ( 'NONE', #1237, #1281, #74, .T. ) ;
#828 = ORIENTED_EDGE ( 'NONE', *, *, #1112, .T. ) ;
#829 = COORDINATED_UNIVERSAL_TIME_OFFSET ( 0, 0, .AHEAD. ) ;
#830 = LINE ( 'NONE', #1236, #1308 ) ;
#831 = EDGE_LOOP ( 'NONE', ( #1544, #133 ) ) ;
#832 = FACE_OUTER_BOUND ( 'NONE', #887, .T. ) ;
#833 = ORIENTED_EDGE ( 'NONE', *, *, #827, .T. ) ;
#834 = DIRECTION ( 'NONE',  ( 1.000000000000000000, 0.0000000000000000000, 0.0000000000000000000 ) ) ;
#835 = AXIS2_PLACEMENT_3D ( 'NONE', #1566, #1260, #1825 ) ;
#836 = EDGE_CURVE ( 'NONE', #102, #1217, #64, .T. ) ;
#837 = VECTOR ( 'NONE', #618, 39.37007874015748143 ) ;
#838 = CALENDAR_DATE ( 2019, 20, 10 ) ;
#839 = VECTOR ( 'NONE', #616, 39.37007874015748143 ) ;
#840 = CARTESIAN_POINT ( 'NONE',  ( -0.5464566929133858331, -0.1574803149606298913, 0.05905511811023622659 ) ) ;
#841 = CARTESIAN_POINT ( 'NONE',  ( -0.03937007874015747977, 0.1102362204724409017, 0.1771653543307084022 ) ) ;
#842 = VERTEX_POINT ( 'NONE', #56 ) ;
#843 = DIRECTION ( 'NONE',  ( 0.0000000000000000000, 0.0000000000000000000, -1.000000000000000000 ) ) ;
#844 = VECTOR ( 'NONE', #808, 39.37007874015748143 ) ;
#845 = CARTESIAN_POINT ( 'NONE',  ( -0.03937007874015747977, 0.1102362204724409017, 0.1771653543307084022 ) ) ;
#846 = CARTESIAN_POINT ( 'NONE',  ( -0.1377952755905511861, 0.1771653543307086243, 0.1771653543307087075 ) ) ;
#847 = EDGE_CURVE ( 'NONE', #822, #180, #1165, .T. ) ;
#848 = CARTESIAN_POINT ( 'NONE',  ( -0.2982283464566929387, -0.3444881889763780070, 0.02952755905511797799 ) ) ;
#849 = DIRECTION ( 'NONE',  ( 1.000000000000000000, 0.0000000000000000000, 0.0000000000000000000 ) ) ;
#850 = ORIENTED_EDGE ( 'NONE', *, *, #343, .F. ) ;
#851 = CARTESIAN_POINT ( 'NONE',  ( -0.3080708661417322913, -0.3444881889763780070, -3.414809992080329023E-17 ) ) ;
#852 = DIRECTION ( 'NONE',  ( -3.469446951953616161E-16, -0.0000000000000000000, -1.000000000000000000 ) ) ;
#853 = ORIENTED_EDGE ( 'NONE', *, *, #677, .F. ) ;
#854 = DIRECTION ( 'NONE',  ( 0.0000000000000000000, -1.000000000000000000, 0.0000000000000000000 ) ) ;
#855 = DIRECTION ( 'NONE',  ( 1.000000000000000000, 0.0000000000000000000, 0.0000000000000000000 ) ) ;
#856 = CARTESIAN_POINT ( 'NONE',  ( -0.2755905511811023723, 0.0000000000000000000, -0.1279527559055118335 ) ) ;
#857 = ADVANCED_FACE ( 'NONE', ( #763 ), #1038, .T. ) ;
#858 = DIRECTION ( 'NONE',  ( 0.0000000000000000000, 5.519574696289841831E-16, 1.000000000000000000 ) ) ;
#859 = ORIENTED_EDGE ( 'NONE', *, *, #847, .F. ) ;
#860 = CYLINDRICAL_SURFACE ( 'NONE', #1525, 0.04921259842519685318 ) ;
#861 = DIRECTION ( 'NONE',  ( -1.000000000000000000, 0.0000000000000000000, 0.0000000000000000000 ) ) ;
#862 = DIRECTION ( 'NONE',  ( -1.000000000000000000, 0.0000000000000000000, 0.0000000000000000000 ) ) ;
#863 = FACE_BOUND ( 'NONE', #252, .T. ) ;
#864 = ORIENTED_EDGE ( 'NONE', *, *, #1403, .T. ) ;
#865 = VECTOR ( 'NONE', #325, 39.37007874015748143 ) ;
#866 = AXIS2_PLACEMENT_3D ( 'NONE', #130, #1819, #112 ) ;
#867 = DIRECTION ( 'NONE',  ( 0.0000000000000000000, 0.0000000000000000000, -1.000000000000000000 ) ) ;
#868 = AXIS2_PLACEMENT_3D ( 'NONE', #888, #1309, #1619 ) ;
#869 = DIRECTION ( 'NONE',  ( 0.0000000000000000000, -1.000000000000000000, 5.519574696289841831E-16 ) ) ;
#870 = ORIENTED_EDGE ( 'NONE', *, *, #765, .F. ) ;
#871 = FACE_OUTER_BOUND ( 'NONE', #1589, .T. ) ;
#872 = EDGE_CURVE ( 'NONE', #1151, #322, #1164, .T. ) ;
#873 = CARTESIAN_POINT ( 'NONE',  ( -0.5669291338582678197, -0.2559055118110236671, 0.05905511811023622659 ) ) ;
#874 = DESIGN_CONTEXT ( 'detailed design', #316, 'design' ) ;
#875 = DIRECTION ( 'NONE',  ( 1.000000000000000000, 0.0000000000000000000, 0.0000000000000000000 ) ) ;
#876 = VECTOR ( 'NONE', #125, 39.37007874015748143 ) ;
#877 = EDGE_LOOP ( 'NONE', ( #88, #910, #483, #3 ) ) ;
#878 = AXIS2_PLACEMENT_3D ( 'NONE', #534, #254, #1774 ) ;
#879 = DIRECTION ( 'NONE',  ( 1.000000000000000000, 0.0000000000000000000, 0.0000000000000000000 ) ) ;
#880 = DIRECTION ( 'NONE',  ( 0.0000000000000000000, 0.0000000000000000000, -1.000000000000000000 ) ) ;
#881 = ORIENTED_EDGE ( 'NONE', *, *, #343, .T. ) ;
#882 = DIRECTION ( 'NONE',  ( -1.000000000000000000, 0.0000000000000000000, 0.0000000000000000000 ) ) ;
#883 = EDGE_CURVE ( 'NONE', #1237, #1721, #1722, .T. ) ;
#884 = ADVANCED_FACE ( 'NONE', ( #1742, #484 ), #1472, .F. ) ;
#885 = DIRECTION ( 'NONE',  ( 0.0000000000000000000, 0.0000000000000000000, -1.000000000000000000 ) ) ;
#886 = ADVANCED_FACE ( 'NONE', ( #342 ), #334, .F. ) ;
#887 = EDGE_LOOP ( 'NONE', ( #1103, #1204, #261, #712, #1798, #890 ) ) ;
#888 = CARTESIAN_POINT ( 'NONE',  ( 0.0000000000000000000, 0.0000000000000000000, 0.0000000000000000000 ) ) ;
#889 = FACE_OUTER_BOUND ( 'NONE', #474, .T. ) ;
#890 = ORIENTED_EDGE ( 'NONE', *, *, #1090, .F. ) ;
#891 = PLANE ( 'NONE',  #1319 ) ;
#892 = CARTESIAN_POINT ( 'NONE',  ( -0.3720472440944881942, -0.3444881889763780070, -0.1929133858267716439 ) ) ;
#893 = PLANE ( 'NONE',  #1787 ) ;
#894 = ORIENTED_EDGE ( 'NONE', *, *, #741, .F. ) ;
#895 = EDGE_CURVE ( 'NONE', #122, #516, #771, .T. ) ;
#896 = CARTESIAN_POINT ( 'NONE',  ( -0.3917322834645668994, -0.3444881889763780070, -0.1929133858267715607 ) ) ;
#897 = CARTESIAN_POINT ( 'NONE',  ( -0.5669291338582678197, 1.807981821588045721E-19, 0.1771653543307077361 ) ) ;
#898 = VERTEX_POINT ( 'NONE', #896 ) ;
#899 = VECTOR ( 'NONE', #1102, 39.37007874015748143 ) ;
#900 = VECTOR ( 'NONE', #530, 39.37007874015748143 ) ;
#901 = DIRECTION ( 'NONE',  ( -0.0000000000000000000, -0.0000000000000000000, -1.000000000000000000 ) ) ;
#902 = DIRECTION ( 'NONE',  ( 0.0000000000000000000, 0.0000000000000000000, -1.000000000000000000 ) ) ;
#903 = ORIENTED_EDGE ( 'NONE', *, *, #584, .F. ) ;
#904 = AXIS2_PLACEMENT_3D ( 'NONE', #1036, #902, #339 ) ;
#905 = CARTESIAN_POINT ( 'NONE',  ( -0.5669291338582678197, -0.2559055118110236671, 0.1771653543307089296 ) ) ;
#906 = EDGE_CURVE ( 'NONE', #1217, #122, #1761, .T. ) ;
#907 = CIRCLE ( 'NONE', #1351, 0.05905511811023622659 ) ;
#908 = LINE ( 'NONE', #504, #1811 ) ;
#909 = EDGE_LOOP ( 'NONE', ( #227, #601, #270, #790 ) ) ;
#910 = ORIENTED_EDGE ( 'NONE', *, *, #1090, .T. ) ;
#911 = ORIENTED_EDGE ( 'NONE', *, *, #83, .F. ) ;
#912 = DIRECTION ( 'NONE',  ( -1.000000000000000000, 0.0000000000000000000, 0.0000000000000000000 ) ) ;
#913 = APPROVAL ( #217, 'UNSPECIFIED' ) ;
#914 = CARTESIAN_POINT ( 'NONE',  ( -0.5669291338582678197, -0.2559055118110236671, 0.1771653543307089296 ) ) ;
#915 = ORIENTED_EDGE ( 'NONE', *, *, #775, .F. ) ;
#916 = ADVANCED_FACE ( 'NONE', ( #1030 ), #1056, .F. ) ;
#917 = ORIENTED_EDGE ( 'NONE', *, *, #958, .T. ) ;
#918 = CARTESIAN_POINT ( 'NONE',  ( -0.3720472440944881942, -0.1570825963998675190, -0.1929133858267716439 ) ) ;
#919 = VERTEX_POINT ( 'NONE', #214 ) ;
#920 = LINE ( 'NONE', #37, #839 ) ;
#921 = CARTESIAN_POINT ( 'NONE',  ( -0.5464566929133858331, -0.2559055118110236671, -0.05905511811023622659 ) ) ;
#922 = ORIENTED_EDGE ( 'NONE', *, *, #752, .T. ) ;
#923 = VECTOR ( 'NONE', #1615, 39.37007874015748143 ) ;
#924 = EDGE_CURVE ( 'NONE', #823, #158, #778, .T. ) ;
#925 = EDGE_LOOP ( 'NONE', ( #219, #1041, #735, #651 ) ) ;
#926 = CYLINDRICAL_SURFACE ( 'NONE', #229, 0.02952755905511813758 ) ;
#927 = VECTOR ( 'NONE', #595, 39.37007874015748143 ) ;
#928 = VERTEX_POINT ( 'NONE', #1199 ) ;
#929 = CARTESIAN_POINT ( 'NONE',  ( -0.4704724409448818312, -0.1377952755905511584, -0.1771653543307086798 ) ) ;
#930 = CIRCLE ( 'NONE', #171, 0.1614173228346456601 ) ;
#931 = CARTESIAN_POINT ( 'NONE',  ( -0.4507874015748031815, -0.3444881889763780070, -0.1929133858267715607 ) ) ;
#932 = VECTOR ( 'NONE', #964, 39.37007874015748143 ) ;
#933 = ORIENTED_EDGE ( 'NONE', *, *, #661, .F. ) ;
#934 = DATE_AND_TIME ( #77, #20 ) ;
#935 = AXIS2_PLACEMENT_3D ( 'NONE', #1142, #1556, #292 ) ;
#936 = ORIENTED_EDGE ( 'NONE', *, *, #1383, .F. ) ;
#937 = DIRECTION ( 'NONE',  ( 0.0000000000000000000, -3.444205370125730629E-17, -1.000000000000000000 ) ) ;
#938 = FACE_OUTER_BOUND ( 'NONE', #476, .T. ) ;
#939 = EDGE_CURVE ( 'NONE', #1634, #777, #920, .T. ) ;
#940 = CARTESIAN_POINT ( 'NONE',  ( -0.03937007874015747977, 0.1692913385826771977, -0.1181102362204721895 ) ) ;
#941 = CARTESIAN_POINT ( 'NONE',  ( -0.2982283464566929387, -0.3444881889763780070, 0.04921259842519681849 ) ) ;
#942 = ORIENTED_EDGE ( 'NONE', *, *, #643, .F. ) ;
#943 = EDGE_LOOP ( 'NONE', ( #1756, #1067, #633, #1284 ) ) ;
#944 = CARTESIAN_POINT ( 'NONE',  ( -0.5464566929133858331, -0.1574803149606298913, -0.05905511811023624047 ) ) ;
#945 = DIRECTION ( 'NONE',  ( -1.000000000000000000, 0.0000000000000000000, 0.0000000000000000000 ) ) ;
#946 = VERTEX_POINT ( 'NONE', #1064 ) ;
#947 = CARTESIAN_POINT ( 'NONE',  ( -0.4704724409448818312, -0.2559055118110236671, -0.1771653543307087630 ) ) ;
#948 = EDGE_CURVE ( 'NONE', #1241, #233, #1020, .T. ) ;
#949 = LINE ( 'NONE', #1094, #782 ) ;
#950 = VERTEX_POINT ( 'NONE', #359 ) ;
#951 = ORIENTED_EDGE ( 'NONE', *, *, #1820, .F. ) ;
#952 = DIRECTION ( 'NONE',  ( -3.469446951953616161E-16, 0.0000000000000000000, -1.000000000000000000 ) ) ;
#953 = VECTOR ( 'NONE', #901, 39.37007874015748143 ) ;
#954 = AXIS2_PLACEMENT_3D ( 'NONE', #1664, #1225, #1082 ) ;
#955 = EDGE_LOOP ( 'NONE', ( #1275, #780, #816, #1781, #1496, #1213, #619, #31, #662, #1229 ) ) ;
#956 = AXIS2_PLACEMENT_3D ( 'NONE', #181, #1543, #297 ) ;
#957 = CARTESIAN_POINT ( 'NONE',  ( -0.5669291338582678197, 1.807981821588045721E-19, -0.1771653543307076528 ) ) ;
#958 = EDGE_CURVE ( 'NONE', #657, #1034, #46, .T. ) ;
#959 = CARTESIAN_POINT ( 'NONE',  ( -0.03937007874015747977, 0.1102362204724409572, -0.1181102362204721895 ) ) ;
#960 = EDGE_LOOP ( 'NONE', ( #1063, #1671, #540, #1037, #936 ) ) ;
#961 = EDGE_CURVE ( 'NONE', #761, #1241, #1174, .T. ) ;
#962 = AXIS2_PLACEMENT_3D ( 'NONE', #693, #1399, #1663 ) ;
#963 = ORIENTED_EDGE ( 'NONE', *, *, #836, .T. ) ;
#964 = DIRECTION ( 'NONE',  ( 1.000000000000000000, 0.0000000000000000000, 0.0000000000000000000 ) ) ;
#965 = PRODUCT_DEFINITION_FORMATION_WITH_SPECIFIED_SOURCE ( 'ANY', '', #498, .NOT_KNOWN. ) ;
#966 = CYLINDRICAL_SURFACE ( 'NONE', #49, 0.1614173228346456601 ) ;
#967 = ORIENTED_EDGE ( 'NONE', *, *, #198, .F. ) ;
#968 = DIRECTION ( 'NONE',  ( 1.000000000000000000, 0.0000000000000000000, 0.0000000000000000000 ) ) ;
#969 = PERSON_AND_ORGANIZATION_ROLE ( 'design_owner' ) ;
#970 = CARTESIAN_POINT ( 'NONE',  ( -0.1377952755905511861, 0.1771653543307086243, 0.1771653543307087075 ) ) ;
#971 = ADVANCED_BREP_SHAPE_REPRESENTATION ( 'CUI_DEVICES_PJ-002B', ( #367, #202 ), #1584 ) ;
#972 = EDGE_LOOP ( 'NONE', ( #1746, #1448, #55, #917 ) ) ;
#973 = CARTESIAN_POINT ( 'NONE',  ( -0.4704724409448818312, -0.1377952755905511584, -0.1771653543307086798 ) ) ;
#974 = EDGE_CURVE ( 'NONE', #122, #68, #1109, .T. ) ;
#975 = DIRECTION ( 'NONE',  ( -1.000000000000000000, 0.0000000000000000000, 0.0000000000000000000 ) ) ;
#976 = VERTEX_POINT ( 'NONE', #1235 ) ;
#977 = LINE ( 'NONE', #1681, #160 ) ;
#978 = DIRECTION ( 'NONE',  ( 0.0000000000000000000, 0.0000000000000000000, 1.000000000000000000 ) ) ;
#979 = COORDINATED_UNIVERSAL_TIME_OFFSET ( 0, 0, .AHEAD. ) ;
#980 = CARTESIAN_POINT ( 'NONE',  ( -0.5669291338582678197, -0.2559055118110236671, -0.1771653543307087630 ) ) ;
#981 = VERTEX_POINT ( 'NONE', #84 ) ;
#982 = FACE_OUTER_BOUND ( 'NONE', #1005, .T. ) ;
#983 = ADVANCED_FACE ( 'NONE', ( #1226, #794 ), #1072, .F. ) ;
#984 = PLANE ( 'NONE',  #437 ) ;
#985 = VERTEX_POINT ( 'NONE', #929 ) ;
#986 = DIRECTION ( 'NONE',  ( 0.0000000000000000000, 0.0000000000000000000, -1.000000000000000000 ) ) ;
#987 = CIRCLE ( 'NONE', #954, 0.02952755905511811677 ) ;
#988 = FACE_OUTER_BOUND ( 'NONE', #776, .T. ) ;
#989 = VECTOR ( 'NONE', #1490, 39.37007874015748143 ) ;
#990 = VECTOR ( 'NONE', #389, 39.37007874015748143 ) ;
#991 = DIRECTION ( 'NONE',  ( 0.0000000000000000000, 0.0000000000000000000, -1.000000000000000000 ) ) ;
#992 = DIRECTION ( 'NONE',  ( 0.0000000000000000000, -9.637352644315595243E-17, 1.000000000000000000 ) ) ;
#993 = VERTEX_POINT ( 'NONE', #1626 ) ;
#994 = VECTOR ( 'NONE', #1272, 39.37007874015748143 ) ;
#995 = PRODUCT_DEFINITION_SHAPE ( 'NONE', 'NONE',  #92 ) ;
#996 = DIRECTION ( 'NONE',  ( 0.0000000000000000000, 0.0000000000000000000, -1.000000000000000000 ) ) ;
#997 = DIRECTION ( 'NONE',  ( 0.0000000000000000000, 1.000000000000000000, 2.365532012695646217E-16 ) ) ;
#998 = CIRCLE ( 'NONE', #1554, 0.04921259842519685318 ) ;
#999 = ADVANCED_FACE ( 'NONE', ( #408 ), #1648, .F. ) ;
#1000 = CARTESIAN_POINT ( 'NONE',  ( -0.03937007874015747977, 0.1102362204724409017, 0.1181102362204721895 ) ) ;
#1001 = ORIENTED_EDGE ( 'NONE', *, *, #883, .F. ) ;
#1002 = ADVANCED_FACE ( 'NONE', ( #1375 ), #396, .T. ) ;
#1003 = CARTESIAN_POINT ( 'NONE',  ( -0.2755905511811023723, 0.0000000000000000000, 0.0000000000000000000 ) ) ;
#1004 = LINE ( 'NONE', #1562, #1517 ) ;
#1005 = EDGE_LOOP ( 'NONE', ( #800, #1651, #881, #911 ) ) ;
#1006 = DIRECTION ( 'NONE',  ( -1.000000000000000000, -0.0000000000000000000, -0.0000000000000000000 ) ) ;
#1007 = CARTESIAN_POINT ( 'NONE',  ( -0.5669291338582678197, 0.1771653543307086243, 0.1771653543307087075 ) ) ;
#1008 = PLANE ( 'NONE',  #615 ) ;
#1009 = ORIENTED_EDGE ( 'NONE', *, *, #643, .T. ) ;
#1010 = DIRECTION ( 'NONE',  ( 0.0000000000000000000, 0.0000000000000000000, -1.000000000000000000 ) ) ;
#1011 = EDGE_CURVE ( 'NONE', #1706, #610, #1796, .T. ) ;
#1012 = ORIENTED_EDGE ( 'NONE', *, *, #1738, .F. ) ;
#1013 = DIRECTION ( 'NONE',  ( 0.0000000000000000000, 1.000000000000000000, 0.0000000000000000000 ) ) ;
#1014 = PLANE ( 'NONE',  #427 ) ;
#1015 = CARTESIAN_POINT ( 'NONE',  ( -0.5322834645669290987, -0.3444881889763780070, -1.376168426808372978E-16 ) ) ;
#1016 = ORIENTED_EDGE ( 'NONE', *, *, #306, .F. ) ;
#1017 = VECTOR ( 'NONE', #1409, 39.37007874015748143 ) ;
#1018 = VECTOR ( 'NONE', #1367, 39.37007874015748143 ) ;
#1019 = CARTESIAN_POINT ( 'NONE',  ( -0.4704724409448818312, -0.3937007874015748254, -0.1771653543307086798 ) ) ;
#1020 = CIRCLE ( 'NONE', #868, 0.1279527559055118335 ) ;
#1021 = EDGE_CURVE ( 'NONE', #1617, #610, #371, .T. ) ;
#1022 = DIRECTION ( 'NONE',  ( 1.000000000000000000, 0.0000000000000000000, 0.0000000000000000000 ) ) ;
#1023 = ORIENTED_EDGE ( 'NONE', *, *, #1570, .F. ) ;
#1024 = CARTESIAN_POINT ( 'NONE',  ( -0.2755905511811023723, 6.026805113914140175E-18, 0.04921259842519685318 ) ) ;
#1025 = EDGE_CURVE ( 'NONE', #1677, #655, #680, .T. ) ;
#1026 = DIRECTION ( 'NONE',  ( 0.0000000000000000000, 1.000000000000000000, 9.637352644315595243E-17 ) ) ;
#1027 = DIRECTION ( 'NONE',  ( 0.0000000000000000000, -1.000000000000000000, -3.444205370125740490E-17 ) ) ;
#1028 = CIRCLE ( 'NONE', #1666, 0.04133858267716535029 ) ;
#1029 = SECURITY_CLASSIFICATION ( '', '', #355 ) ;
#1030 = FACE_OUTER_BOUND ( 'NONE', #773, .T. ) ;
#1031 = CARTESIAN_POINT ( 'NONE',  ( -0.5669291338582678197, 0.1771653543307086243, 0.1771653543307087075 ) ) ;
#1032 = ORIENTED_EDGE ( 'NONE', *, *, #308, .F. ) ;
#1033 = ADVANCED_FACE ( 'NONE', ( #1498 ), #820, .F. ) ;
#1034 = VERTEX_POINT ( 'NONE', #1654 ) ;
#1035 = FACE_BOUND ( 'NONE', #702, .T. ) ;
#1036 = CARTESIAN_POINT ( 'NONE',  ( -0.5267716535433070169, 0.06377952755905515192, -0.05905511811023622659 ) ) ;
#1037 = ORIENTED_EDGE ( 'NONE', *, *, #1593, .T. ) ;
#1038 = CYLINDRICAL_SURFACE ( 'NONE', #370, 0.01968503937007875723 ) ;
#1039 = DIRECTION ( 'NONE',  ( -3.469446951953613696E-16, -0.0000000000000000000, -1.000000000000000000 ) ) ;
#1040 = VERTEX_POINT ( 'NONE', #1777 ) ;
#1041 = ORIENTED_EDGE ( 'NONE', *, *, #1310, .F. ) ;
#1042 = CARTESIAN_POINT ( 'NONE',  ( -0.09842519685039370636, 0.1102362204724409572, -0.1771653543307084022 ) ) ;
#1043 = EDGE_CURVE ( 'NONE', #1034, #823, #1789, .T. ) ;
#1044 = DIRECTION ( 'NONE',  ( 3.469446951953616161E-16, 0.0000000000000000000, 1.000000000000000000 ) ) ;
#1045 = VERTEX_POINT ( 'NONE', #259 ) ;
#1046 = CARTESIAN_POINT ( 'NONE',  ( -0.5669291338582678197, -0.2559055118110236671, 0.1771653543307089296 ) ) ;
#1047 = CARTESIAN_POINT ( 'NONE',  ( -0.5669291338582678197, -0.2559055118110236671, 0.1771653543307089296 ) ) ;
#1048 = ORIENTED_EDGE ( 'NONE', *, *, #1242, .T. ) ;
#1049 = CARTESIAN_POINT ( 'NONE',  ( -0.4704724409448818312, -0.3937007874015748254, -0.1929133858267716439 ) ) ;
#1050 = VECTOR ( 'NONE', #795, 39.37007874015748143 ) ;
#1051 = CARTESIAN_POINT ( 'NONE',  ( -0.5669291338582678197, -0.1574803149606298913, 0.1771653543307089296 ) ) ;
#1052 = LINE ( 'NONE', #1610, #375 ) ;
#1053 = ORIENTED_EDGE ( 'NONE', *, *, #596, .T. ) ;
#1054 = CC_DESIGN_PERSON_AND_ORGANIZATION_ASSIGNMENT ( #663, #1120, ( #965 ) ) ;
#1055 = AXIS2_PLACEMENT_3D ( 'NONE', #1161, #465, #945 ) ;
#1056 = PLANE ( 'NONE',  #1492 ) ;
#1057 = EDGE_CURVE ( 'NONE', #126, #1721, #120, .T. ) ;
#1058 = VECTOR ( 'NONE', #134, 39.37007874015748143 ) ;
#1059 = LINE ( 'NONE', #1479, #837 ) ;
#1060 = ORIENTED_EDGE ( 'NONE', *, *, #741, .T. ) ;
#1061 = ORIENTED_EDGE ( 'NONE', *, *, #188, .F. ) ;
#1062 = CARTESIAN_POINT ( 'NONE',  ( -0.4212598425196850127, -0.3444881889763780070, -0.1771653543307087075 ) ) ;
#1063 = ORIENTED_EDGE ( 'NONE', *, *, #1380, .F. ) ;
#1064 = CARTESIAN_POINT ( 'NONE',  ( -0.5322834645669290987, 0.08267716535433072833, 0.05905511811023622659 ) ) ;
#1065 = ADVANCED_FACE ( 'NONE', ( #811 ), #1243, .F. ) ;
#1066 = CARTESIAN_POINT ( 'NONE',  ( -0.3080708661417322913, -0.3444881889763780070, -0.04921259842519688787 ) ) ;
#1067 = ORIENTED_EDGE ( 'NONE', *, *, #1366, .T. ) ;
#1068 = ORIENTED_EDGE ( 'NONE', *, *, #653, .T. ) ;
#1069 = DIRECTION ( 'NONE',  ( 0.0000000000000000000, 0.0000000000000000000, 1.000000000000000000 ) ) ;
#1070 = CARTESIAN_POINT ( 'NONE',  ( -0.2755905511811023723, 0.0000000000000000000, 0.0000000000000000000 ) ) ;
#1071 = ORIENTED_EDGE ( 'NONE', *, *, #1614, .F. ) ;
#1072 = PLANE ( 'NONE',  #1341 ) ;
#1073 = CARTESIAN_POINT ( 'NONE',  ( -0.5669291338582678197, -0.3444881889763780070, -1.376168426808372978E-16 ) ) ;
#1074 = EDGE_LOOP ( 'NONE', ( #184, #438, #21, #915 ) ) ;
#1075 = DATE_TIME_ROLE ( 'classification_date' ) ;
#1076 = VECTOR ( 'NONE', #997, 39.37007874015748143 ) ;
#1077 = EDGE_CURVE ( 'NONE', #976, #1256, #801, .T. ) ;
#1078 = VECTOR ( 'NONE', #494, 39.37007874015748143 ) ;
#1079 = CARTESIAN_POINT ( 'NONE',  ( -0.4212598425196850127, -0.3444881889763780070, -0.1771653543307087075 ) ) ;
#1080 = EDGE_CURVE ( 'NONE', #102, #1180, #546, .T. ) ;
#1081 = VECTOR ( 'NONE', #267, 39.37007874015748143 ) ;
#1082 = DIRECTION ( 'NONE',  ( 0.0000000000000000000, 0.0000000000000000000, 1.000000000000000000 ) ) ;
#1083 = DIRECTION ( 'NONE',  ( 1.000000000000000000, 0.0000000000000000000, 0.0000000000000000000 ) ) ;
#1084 = CIRCLE ( 'NONE', #904, 0.01968503937007875723 ) ;
#1085 = LINE ( 'NONE', #970, #1249 ) ;
#1086 = VECTOR ( 'NONE', #1582, 39.37007874015748143 ) ;
#1087 = ORIENTED_EDGE ( 'NONE', *, *, #1358, .T. ) ;
#1088 = ORIENTED_EDGE ( 'NONE', *, *, #1184, .F. ) ;
#1089 = DIRECTION ( 'NONE',  ( -1.000000000000000000, 0.0000000000000000000, 3.469446951953616161E-16 ) ) ;
#1090 = EDGE_CURVE ( 'NONE', #1706, #1148, #99, .T. ) ;
#1091 = CARTESIAN_POINT ( 'NONE',  ( -0.3720472440944881942, -0.3937007874015748254, -0.1771653543307087075 ) ) ;
#1092 = VERTEX_POINT ( 'NONE', #947 ) ;
#1093 = DIRECTION ( 'NONE',  ( 1.000000000000000000, 0.0000000000000000000, 0.0000000000000000000 ) ) ;
#1094 = CARTESIAN_POINT ( 'NONE',  ( -0.03937007874015747977, 0.0000000000000000000, 0.04133858267716535029 ) ) ;
#1095 = ORIENTED_EDGE ( 'NONE', *, *, #1133, .F. ) ;
#1096 = ORIENTED_EDGE ( 'NONE', *, *, #218, .T. ) ;
#1097 = LINE ( 'NONE', #1224, #81 ) ;
#1098 = DIRECTION ( 'NONE',  ( 1.000000000000000000, 0.0000000000000000000, 0.0000000000000000000 ) ) ;
#1099 = ORIENTED_EDGE ( 'NONE', *, *, #1021, .F. ) ;
#1100 = EDGE_CURVE ( 'NONE', #161, #1581, #1513, .T. ) ;
#1101 = DIRECTION ( 'NONE',  ( 1.000000000000000000, 0.0000000000000000000, 0.0000000000000000000 ) ) ;
#1102 = DIRECTION ( 'NONE',  ( 3.469446951953614682E-16, 0.0000000000000000000, -1.000000000000000000 ) ) ;
#1103 = ORIENTED_EDGE ( 'NONE', *, *, #825, .T. ) ;
#1104 = CYLINDRICAL_SURFACE ( 'NONE', #468, 0.1279527559055118335 ) ;
#1105 = VECTOR ( 'NONE', #1828, 39.37007874015748143 ) ;
#1106 = CARTESIAN_POINT ( 'NONE',  ( -0.5464566929133858331, -0.3937007874015748254, 0.05905511811023622659 ) ) ;
#1107 = CARTESIAN_POINT ( 'NONE',  ( -0.5464566929133858331, -0.3937007874015748254, -0.05905511811023622659 ) ) ;
#1108 = VECTOR ( 'NONE', #1189, 39.37007874015748143 ) ;
#1109 = LINE ( 'NONE', #382, #700 ) ;
#1110 = PERSON_AND_ORGANIZATION ( #289, #1759 ) ;
#1111 = CARTESIAN_POINT ( 'NONE',  ( -0.1377952755905511861, 0.0000000000000000000, 0.0000000000000000000 ) ) ;
#1112 = EDGE_CURVE ( 'NONE', #1426, #1634, #587, .T. ) ;
#1113 = VECTOR ( 'NONE', #1372, 39.37007874015748143 ) ;
#1114 = EDGE_LOOP ( 'NONE', ( #1374, #1612, #1053, #599 ) ) ;
#1115 = CARTESIAN_POINT ( 'NONE',  ( -0.3080708661417322913, -0.3937007874015748254, -0.04921259842519688787 ) ) ;
#1116 = AXIS2_PLACEMENT_3D ( 'NONE', #824, #692, #843 ) ;
#1117 = CARTESIAN_POINT ( 'NONE',  ( -0.3927116205530185589, -0.1574803149606298913, -0.05905511811023624047 ) ) ;
#1118 = VERTEX_POINT ( 'NONE', #168 ) ;
#1119 = DIRECTION ( 'NONE',  ( 0.0000000000000000000, 1.000000000000000000, 0.0000000000000000000 ) ) ;
#1120 = PERSON_AND_ORGANIZATION_ROLE ( 'design_supplier' ) ;
#1121 = DIRECTION ( 'NONE',  ( 0.0000000000000000000, 0.0000000000000000000, -1.000000000000000000 ) ) ;
#1122 = ADVANCED_FACE ( 'NONE', ( #723 ), #568, .F. ) ;
#1123 = ORIENTED_EDGE ( 'NONE', *, *, #47, .F. ) ;
#1124 = DIRECTION ( 'NONE',  ( 0.0000000000000000000, -1.000000000000000000, 0.0000000000000000000 ) ) ;
#1125 = ORIENTED_EDGE ( 'NONE', *, *, #1406, .T. ) ;
#1126 = CARTESIAN_POINT ( 'NONE',  ( -0.5322834645669290987, 0.08267716535433072833, -0.05905511811023622659 ) ) ;
#1127 = DIRECTION ( 'NONE',  ( 0.0000000000000000000, 0.0000000000000000000, 1.000000000000000000 ) ) ;
#1128 = DIRECTION ( 'NONE',  ( 1.000000000000000000, 0.0000000000000000000, 0.0000000000000000000 ) ) ;
#1129 = DIRECTION ( 'NONE',  ( 1.000000000000000000, 0.0000000000000000000, 0.0000000000000000000 ) ) ;
#1130 = ORIENTED_EDGE ( 'NONE', *, *, #1178, .T. ) ;
#1131 = DIRECTION ( 'NONE',  ( -1.000000000000000000, 0.0000000000000000000, 3.469446951953616161E-16 ) ) ;
#1132 = LINE ( 'NONE', #1144, #588 ) ;
#1133 = EDGE_CURVE ( 'NONE', #1040, #1281, #1702, .T. ) ;
#1134 = CARTESIAN_POINT ( 'NONE',  ( -0.5464566929133858331, -0.3937007874015748254, -0.05905511811023622659 ) ) ;
#1135 = CARTESIAN_POINT ( 'NONE',  ( -0.5669291338582678197, 7.231927286352638368E-19, -0.1614173228346456601 ) ) ;
#1136 = AXIS2_PLACEMENT_3D ( 'NONE', #1211, #1754, #1182 ) ;
#1137 = ORIENTED_EDGE ( 'NONE', *, *, #69, .T. ) ;
#1138 = AXIS2_PLACEMENT_3D ( 'NONE', #235, #1101, #1357 ) ;
#1139 = DIRECTION ( 'NONE',  ( 0.0000000000000000000, 1.000000000000000000, 0.0000000000000000000 ) ) ;
#1140 = FACE_OUTER_BOUND ( 'NONE', #1824, .T. ) ;
#1141 = ORIENTED_EDGE ( 'NONE', *, *, #574, .T. ) ;
#1142 = CARTESIAN_POINT ( 'NONE',  ( -0.4212598425196850127, -0.3444881889763780070, -0.1929133858267715607 ) ) ;
#1143 = CONICAL_SURFACE ( 'NONE', #674, 0.04133858267716535029, 0.7853981633974477239 ) ;
#1144 = CARTESIAN_POINT ( 'NONE',  ( -0.5322834645669290987, -0.3937007874015748254, 0.05905511811023622659 ) ) ;
#1145 = DIRECTION ( 'NONE',  ( 1.000000000000000000, 0.0000000000000000000, 0.0000000000000000000 ) ) ;
#1146 = EDGE_CURVE ( 'NONE', #1721, #1379, #1550, .T. ) ;
#1147 = DIRECTION ( 'NONE',  ( 0.0000000000000000000, -1.000000000000000000, 5.519574696289841831E-16 ) ) ;
#1148 = VERTEX_POINT ( 'NONE', #1432 ) ;
#1149 = LINE ( 'NONE', #288, #163 ) ;
#1150 = PLANE ( 'NONE',  #220 ) ;
#1151 = VERTEX_POINT ( 'NONE', #846 ) ;
#1152 = CARTESIAN_POINT ( 'NONE',  ( -0.5669291338582678197, -0.1574803149606298913, 0.1771653543307089296 ) ) ;
#1153 = CARTESIAN_POINT ( 'NONE',  ( -0.5314960629921260393, 0.0000000000000000000, 0.0000000000000000000 ) ) ;
#1154 = ORIENTED_EDGE ( 'NONE', *, *, #765, .T. ) ;
#1155 = EDGE_CURVE ( 'NONE', #496, #589, #196, .T. ) ;
#1156 = LINE ( 'NONE', #1712, #1812 ) ;
#1157 = ADVANCED_FACE ( 'NONE', ( #416 ), #1541, .F. ) ;
#1158 = FACE_OUTER_BOUND ( 'NONE', #1323, .T. ) ;
#1159 = ORIENTED_EDGE ( 'NONE', *, *, #458, .F. ) ;
#1160 = PLANE ( 'NONE',  #1627 ) ;
#1161 = CARTESIAN_POINT ( 'NONE',  ( -0.5464566929133858331, -0.3937007874015748254, 0.05905511811023622659 ) ) ;
#1162 = ORIENTED_EDGE ( 'NONE', *, *, #974, .F. ) ;
#1163 = VECTOR ( 'NONE', #1039, 39.37007874015748143 ) ;
#1164 = LINE ( 'NONE', #606, #1691 ) ;
#1165 = CIRCLE ( 'NONE', #1402, 0.02952755905511811677 ) ;
#1166 = ADVANCED_FACE ( 'NONE', ( #1682 ), #1577, .T. ) ;
#1167 = DIRECTION ( 'NONE',  ( 1.000000000000000000, 0.0000000000000000000, 0.0000000000000000000 ) ) ;
#1168 = ORIENTED_EDGE ( 'NONE', *, *, #1570, .T. ) ;
#1169 = LINE ( 'NONE', #1325, #953 ) ;
#1170 = CIRCLE ( 'NONE', #139, 0.1279527559055118335 ) ;
#1171 = DIRECTION ( 'NONE',  ( 0.0000000000000000000, 0.0000000000000000000, 1.000000000000000000 ) ) ;
#1172 = LOCAL_TIME ( 23, 12, 34.00000000000000000, #417 ) ;
#1173 = ORIENTED_EDGE ( 'NONE', *, *, #1210, .T. ) ;
#1174 = LINE ( 'NONE', #1734, #431 ) ;
#1175 = FACE_OUTER_BOUND ( 'NONE', #1563, .T. ) ;
#1176 = ORIENTED_EDGE ( 'NONE', *, *, #515, .T. ) ;
#1177 = LENGTH_MEASURE_WITH_UNIT ( LENGTH_MEASURE( 0.02539999999999999897 ), #620 );
#1178 = EDGE_CURVE ( 'NONE', #1516, #420, #716, .T. ) ;
#1179 = DIRECTION ( 'NONE',  ( 0.0000000000000000000, -9.637352644315595243E-17, 1.000000000000000000 ) ) ;
#1180 = VERTEX_POINT ( 'NONE', #733 ) ;
#1181 = DIRECTION ( 'NONE',  ( 1.000000000000000000, 0.0000000000000000000, 0.0000000000000000000 ) ) ;
#1182 = DIRECTION ( 'NONE',  ( -3.469446951953614682E-16, 0.0000000000000000000, 1.000000000000000000 ) ) ;
#1183 = VERTEX_POINT ( 'NONE', #1567 ) ;
#1184 = EDGE_CURVE ( 'NONE', #384, #1194, #577, .T. ) ;
#1185 = CARTESIAN_POINT ( 'NONE',  ( -0.03937007874015747977, 0.1102362204724409017, 0.1181102362204721895 ) ) ;
#1186 = EDGE_CURVE ( 'NONE', #1148, #1677, #930, .T. ) ;
#1187 = CARTESIAN_POINT ( 'NONE',  ( 0.0000000000000000000, 0.0000000000000000000, -0.1279527559055118335 ) ) ;
#1188 = EDGE_LOOP ( 'NONE', ( #1791, #859 ) ) ;
#1189 = DIRECTION ( 'NONE',  ( -1.000000000000000000, 0.0000000000000000000, 0.0000000000000000000 ) ) ;
#1190 = VECTOR ( 'NONE', #579, 39.37007874015748143 ) ;
#1191 = CARTESIAN_POINT ( 'NONE',  ( -0.03937007874015747977, 0.1692913385826771422, 0.1181102362204722034 ) ) ;
#1192 = EDGE_LOOP ( 'NONE', ( #1297, #403, #1760, #739 ) ) ;
#1193 = VECTOR ( 'NONE', #1139, 39.37007874015748143 ) ;
#1194 = VERTEX_POINT ( 'NONE', #7 ) ;
#1195 = DIRECTION ( 'NONE',  ( 1.000000000000000000, 0.0000000000000000000, 0.0000000000000000000 ) ) ;
#1196 = EDGE_LOOP ( 'NONE', ( #1125, #1173 ) ) ;
#1197 = ADVANCED_FACE ( 'NONE', ( #988 ), #1008, .F. ) ;
#1198 = VECTOR ( 'NONE', #1749, 39.37007874015748143 ) ;
#1199 = CARTESIAN_POINT ( 'NONE',  ( -0.4704724409448818312, -0.3444881889763780070, -0.1929133858267716439 ) ) ;
#1200 = LOCAL_TIME ( 23, 12, 34.00000000000000000, #829 ) ;
#1201 = CARTESIAN_POINT ( 'NONE',  ( -0.4704724409448818312, -0.3444881889763780070, -0.1771653543307086798 ) ) ;
#1202 = ORIENTED_EDGE ( 'NONE', *, *, #535, .T. ) ;
#1203 = DATE_AND_TIME ( #1361, #1697 ) ;
#1204 = ORIENTED_EDGE ( 'NONE', *, *, #207, .F. ) ;
#1205 = DIRECTION ( 'NONE',  ( 1.000000000000000000, 0.0000000000000000000, 0.0000000000000000000 ) ) ;
#1206 = CARTESIAN_POINT ( 'NONE',  ( -0.2982283464566929387, -0.3937007874015748254, 0.04921259842519681849 ) ) ;
#1207 = VERTEX_POINT ( 'NONE', #1817 ) ;
#1208 = CARTESIAN_POINT ( 'NONE',  ( -0.3080708661417322913, -0.3444881889763780070, -3.414809992080329023E-17 ) ) ;
#1209 = EDGE_CURVE ( 'NONE', #1148, #1617, #284, .T. ) ;
#1210 = EDGE_CURVE ( 'NONE', #1183, #761, #1170, .T. ) ;
#1211 = CARTESIAN_POINT ( 'NONE',  ( -0.2982283464566929387, -0.3937007874015748254, 0.04921259842519681849 ) ) ;
#1212 = ADVANCED_FACE ( 'NONE', ( #863, #1293 ), #893, .T. ) ;
#1213 = ORIENTED_EDGE ( 'NONE', *, *, #1713, .T. ) ;
#1214 = ORIENTED_EDGE ( 'NONE', *, *, #401, .F. ) ;
#1215 = FACE_OUTER_BOUND ( 'NONE', #877, .T. ) ;
#1216 = LINE ( 'NONE', #1485, #345 ) ;
#1217 = VERTEX_POINT ( 'NONE', #1451 ) ;
#1218 = CARTESIAN_POINT ( 'NONE',  ( -0.09842519685039370636, 0.1102362204724409572, -0.1771653543307084022 ) ) ;
#1219 = DIRECTION ( 'NONE',  ( -0.7071067811865479058, 8.659560562354927928E-17, -0.7071067811865471286 ) ) ;
#1220 = VERTEX_POINT ( 'NONE', #1600 ) ;
#1221 = EDGE_CURVE ( 'NONE', #636, #1327, #1028, .T. ) ;
#1222 = VECTOR ( 'NONE', #448, 39.37007874015748143 ) ;
#1223 = ORIENTED_EDGE ( 'NONE', *, *, #731, .F. ) ;
#1224 = CARTESIAN_POINT ( 'NONE',  ( -0.03937007874015747977, 0.1771653543307087075, -0.1771653543307084022 ) ) ;
#1225 = DIRECTION ( 'NONE',  ( -1.000000000000000000, -0.0000000000000000000, -0.0000000000000000000 ) ) ;
#1226 = FACE_BOUND ( 'NONE', #831, .T. ) ;
#1227 = VECTOR ( 'NONE', #760, 39.37007874015748143 ) ;
#1228 = FACE_OUTER_BOUND ( 'NONE', #391, .T. ) ;
#1229 = ORIENTED_EDGE ( 'NONE', *, *, #1043, .F. ) ;
#1230 = ADVANCED_FACE ( 'NONE', ( #204 ), #1143, .T. ) ;
#1231 = ORIENTED_EDGE ( 'NONE', *, *, #458, .T. ) ;
#1232 = DIRECTION ( 'NONE',  ( 0.0000000000000000000, 0.0000000000000000000, -1.000000000000000000 ) ) ;
#1233 = DIRECTION ( 'NONE',  ( -1.000000000000000000, 0.0000000000000000000, 0.0000000000000000000 ) ) ;
#1234 = ORIENTED_EDGE ( 'NONE', *, *, #1724, .F. ) ;
#1235 = CARTESIAN_POINT ( 'NONE',  ( -0.03937007874015747977, 0.1692913385826771422, 0.1181102362204722034 ) ) ;
#1236 = CARTESIAN_POINT ( 'NONE',  ( -0.4704724409448818312, -0.3937007874015748254, -0.1929133858267716439 ) ) ;
#1237 = VERTEX_POINT ( 'NONE', #490 ) ;
#1238 = VERTEX_POINT ( 'NONE', #195 ) ;
#1239 = FACE_BOUND ( 'NONE', #317, .T. ) ;
#1240 = CARTESIAN_POINT ( 'NONE',  ( -0.5322834645669290987, 0.08267716535433072833, 0.05905511811023622659 ) ) ;
#1241 = VERTEX_POINT ( 'NONE', #1187 ) ;
#1242 = EDGE_CURVE ( 'NONE', #460, #704, #1497, .T. ) ;
#1243 = PLANE ( 'NONE',  #399 ) ;
#1244 = APPROVAL_ROLE ( '' ) ;
#1245 = CARTESIAN_POINT ( 'NONE',  ( -0.09842519685039370636, 0.1692913385826771977, -0.1181102362204721895 ) ) ;
#1246 = ORIENTED_EDGE ( 'NONE', *, *, #961, .T. ) ;
#1247 = ORIENTED_EDGE ( 'NONE', *, *, #560, .T. ) ;
#1248 = VECTOR ( 'NONE', #459, 39.37007874015748143 ) ;
#1249 = VECTOR ( 'NONE', #93, 39.37007874015748143 ) ;
#1250 = CARTESIAN_POINT ( 'NONE',  ( -0.4704724409448818312, -0.1570825963998675190, -0.1732283464566928832 ) ) ;
#1251 = ORIENTED_EDGE ( 'NONE', *, *, #118, .T. ) ;
#1252 = AXIS2_PLACEMENT_3D ( 'NONE', #1415, #436, #1127 ) ;
#1253 = EDGE_CURVE ( 'NONE', #1744, #158, #1084, .T. ) ;
#1254 = FACE_OUTER_BOUND ( 'NONE', #943, .T. ) ;
#1255 = AXIS2_PLACEMENT_3D ( 'NONE', #1800, #527, #1510 ) ;
#1256 = VERTEX_POINT ( 'NONE', #1457 ) ;
#1257 = CARTESIAN_POINT ( 'NONE',  ( -0.5464566929133858331, 0.06377952755905515192, -0.05905511811023622659 ) ) ;
#1258 = AXIS2_PLACEMENT_3D ( 'NONE', #1635, #377, #937 ) ;
#1259 = CARTESIAN_POINT ( 'NONE',  ( -0.3080708661417322913, -0.2559055118110236671, 0.1771653543307089296 ) ) ;
#1260 = DIRECTION ( 'NONE',  ( 0.0000000000000000000, 0.0000000000000000000, 1.000000000000000000 ) ) ;
#1261 = CARTESIAN_POINT ( 'NONE',  ( -0.2982283464566928832, -0.3937007874015748254, -0.04921259842519688787 ) ) ;
#1262 = PERSON_AND_ORGANIZATION ( #289, #1759 ) ;
#1263 = CC_DESIGN_PERSON_AND_ORGANIZATION_ASSIGNMENT ( #1481, #514, ( #92 ) ) ;
#1264 = CARTESIAN_POINT ( 'NONE',  ( -0.09842519685039370636, 0.1771653543307087075, -0.1771653543307084022 ) ) ;
#1265 = ADVANCED_FACE ( 'NONE', ( #632 ), #186, .F. ) ;
#1266 = CARTESIAN_POINT ( 'NONE',  ( -0.1377952755905511861, 1.807981821588045721E-19, 0.1771653543307077361 ) ) ;
#1267 = ORIENTED_EDGE ( 'NONE', *, *, #1080, .F. ) ;
#1268 = CARTESIAN_POINT ( 'NONE',  ( -0.5669291338582678197, -0.2559055118110236671, 0.05905511811023622659 ) ) ;
#1269 = LINE ( 'NONE', #1391, #1376 ) ;
#1270 = ORIENTED_EDGE ( 'NONE', *, *, #1287, .F. ) ;
#1271 = PLANE ( 'NONE',  #545 ) ;
#1272 = DIRECTION ( 'NONE',  ( 1.000000000000000000, 0.0000000000000000000, 0.0000000000000000000 ) ) ;
#1273 = LINE ( 'NONE', #8, #1222 ) ;
#1274 = CARTESIAN_POINT ( 'NONE',  ( -0.09842519685039370636, 0.1102362204724409572, -0.1771653543307084022 ) ) ;
#1275 = ORIENTED_EDGE ( 'NONE', *, *, #958, .F. ) ;
#1276 = CARTESIAN_POINT ( 'NONE',  ( -0.03937007874015747977, 0.1102362204724409572, -0.1181102362204721895 ) ) ;
#1277 = EDGE_CURVE ( 'NONE', #1792, #1220, #1469, .T. ) ;
#1278 = CARTESIAN_POINT ( 'NONE',  ( -0.4212598425196849017, -0.3444881889763780070, 0.1771653543307090406 ) ) ;
#1279 = VECTOR ( 'NONE', #61, 39.37007874015748143 ) ;
#1280 = DIRECTION ( 'NONE',  ( 0.0000000000000000000, -1.000000000000000000, 0.0000000000000000000 ) ) ;
#1281 = VERTEX_POINT ( 'NONE', #769 ) ;
#1282 = CARTESIAN_POINT ( 'NONE',  ( -0.3927116205530185589, -0.2559055118110236671, -0.05905511811023624047 ) ) ;
#1283 = FACE_OUTER_BOUND ( 'NONE', #925, .T. ) ;
#1284 = ORIENTED_EDGE ( 'NONE', *, *, #69, .F. ) ;
#1285 = PLANE ( 'NONE',  #321 ) ;
#1286 = AXIS2_PLACEMENT_3D ( 'NONE', #748, #1027, #1719 ) ;
#1287 = EDGE_CURVE ( 'NONE', #1281, #1194, #1326, .T. ) ;
#1288 = FACE_OUTER_BOUND ( 'NONE', #614, .T. ) ;
#1289 = ORIENTED_EDGE ( 'NONE', *, *, #353, .T. ) ;
#1290 = FACE_BOUND ( 'NONE', #291, .T. ) ;
#1291 = AXIS2_PLACEMENT_3D ( 'NONE', #1766, #508, #1069 ) ;
#1292 = EDGE_CURVE ( 'NONE', #1256, #1388, #1052, .T. ) ;
#1293 = FACE_OUTER_BOUND ( 'NONE', #1196, .T. ) ;
#1294 = ORIENTED_EDGE ( 'NONE', *, *, #1590, .T. ) ;
#1295 = CARTESIAN_POINT ( 'NONE',  ( -0.5669291338582678197, 0.1771653543307086798, -0.1771653543307086243 ) ) ;
#1296 = CARTESIAN_POINT ( 'NONE',  ( -0.2755905511811023723, 1.566969329617676785E-17, 0.1279527559055118335 ) ) ;
#1297 = ORIENTED_EDGE ( 'NONE', *, *, #1670, .F. ) ;
#1298 = ORIENTED_EDGE ( 'NONE', *, *, #685, .F. ) ;
#1299 = PLANE ( 'NONE',  #1751 ) ;
#1300 = PLANE ( 'NONE',  #1055 ) ;
#1301 = ORIENTED_EDGE ( 'NONE', *, *, #271, .F. ) ;
#1302 = ADVANCED_FACE ( 'NONE', ( #1758 ), #44, .F. ) ;
#1303 = LINE ( 'NONE', #1407, #1337 ) ;
#1304 = LINE ( 'NONE', #449, #1518 ) ;
#1305 = ORIENTED_EDGE ( 'NONE', *, *, #548, .T. ) ;
#1306 = DIRECTION ( 'NONE',  ( 0.0000000000000000000, 1.000000000000000000, 0.0000000000000000000 ) ) ;
#1307 = VERTEX_POINT ( 'NONE', #1732 ) ;
#1308 = VECTOR ( 'NONE', #1797, 39.37007874015748143 ) ;
#1309 = DIRECTION ( 'NONE',  ( 1.000000000000000000, 0.0000000000000000000, 0.0000000000000000000 ) ) ;
#1310 = EDGE_CURVE ( 'NONE', #1475, #1477, #109, .T. ) ;
#1311 = VECTOR ( 'NONE', #522, 39.37007874015748143 ) ;
#1312 = FACE_OUTER_BOUND ( 'NONE', #738, .T. ) ;
#1313 = EDGE_LOOP ( 'NONE', ( #1658, #1202, #850, #222 ) ) ;
#1314 = CARTESIAN_POINT ( 'NONE',  ( -0.4507874015748030150, -0.3444881889763780070, 0.1771653543307090406 ) ) ;
#1315 = ORIENTED_EDGE ( 'NONE', *, *, #785, .F. ) ;
#1316 = CARTESIAN_POINT ( 'NONE',  ( -0.5669291338582678197, -0.1574803149606298913, 0.1771653543307089296 ) ) ;
#1317 = CIRCLE ( 'NONE', #1255, 0.02952755905511811677 ) ;
#1318 = DIRECTION ( 'NONE',  ( 0.0000000000000000000, 0.0000000000000000000, 1.000000000000000000 ) ) ;
#1319 = AXIS2_PLACEMENT_3D ( 'NONE', #1049, #1608, #1737 ) ;
#1320 = EDGE_LOOP ( 'NONE', ( #1247, #1586, #246, #183 ) ) ;
#1321 = DIRECTION ( 'NONE',  ( 0.0000000000000000000, 0.0000000000000000000, 1.000000000000000000 ) ) ;
#1322 = DIRECTION ( 'NONE',  ( 0.0000000000000000000, 0.0000000000000000000, -1.000000000000000000 ) ) ;
#1323 = EDGE_LOOP ( 'NONE', ( #1088, #1486, #108, #1555, #1601, #376, #582, #169, #1765, #86, #758, #767, #1572, #1521, #241, #368 ) ) ;
#1324 = EDGE_CURVE ( 'NONE', #1327, #636, #1729, .T. ) ;
#1325 = CARTESIAN_POINT ( 'NONE',  ( -0.5314960629921260393, -0.1574803149606298913, 0.1771653543307089296 ) ) ;
#1326 = LINE ( 'NONE', #70, #1198 ) ;
#1327 = VERTEX_POINT ( 'NONE', #179 ) ;
#1328 = DIRECTION ( 'NONE',  ( 1.000000000000000000, 0.0000000000000000000, 0.0000000000000000000 ) ) ;
#1329 = CARTESIAN_POINT ( 'NONE',  ( -0.4704724409448818312, -0.1570825963998675190, -0.1929133858267716439 ) ) ;
#1330 = ORIENTED_EDGE ( 'NONE', *, *, #872, .T. ) ;
#1331 = ADVANCED_FACE ( 'NONE', ( #742 ), #1300, .F. ) ;
#1332 = VERTEX_POINT ( 'NONE', #918 ) ;
#1333 = DIRECTION ( 'NONE',  ( -1.000000000000000000, 0.0000000000000000000, 0.0000000000000000000 ) ) ;
#1334 = ORIENTED_EDGE ( 'NONE', *, *, #537, .F. ) ;
#1335 = DIRECTION ( 'NONE',  ( -0.0000000000000000000, -1.000000000000000000, -0.0000000000000000000 ) ) ;
#1336 = VECTOR ( 'NONE', #266, 39.37007874015748143 ) ;
#1337 = VECTOR ( 'NONE', #1128, 39.37007874015748143 ) ;
#1338 = CARTESIAN_POINT ( 'NONE',  ( -0.3720472440944881942, -0.2559055118110236671, -0.1771653543307087630 ) ) ;
#1339 = ORIENTED_EDGE ( 'NONE', *, *, #1506, .T. ) ;
#1340 = PERSON_AND_ORGANIZATION_ROLE ( 'creator' ) ;
#1341 = AXIS2_PLACEMENT_3D ( 'NONE', #1522, #968, #1350 ) ;
#1342 = ORIENTED_EDGE ( 'NONE', *, *, #1133, .T. ) ;
#1343 = FACE_OUTER_BOUND ( 'NONE', #691, .T. ) ;
#1344 = CC_DESIGN_PERSON_AND_ORGANIZATION_ASSIGNMENT ( #1675, #275, ( #1029 ) ) ;
#1345 = EDGE_CURVE ( 'NONE', #946, #501, #257, .T. ) ;
#1346 = DIRECTION ( 'NONE',  ( -3.469446951953616161E-16, -0.0000000000000000000, -1.000000000000000000 ) ) ;
#1347 = EDGE_LOOP ( 'NONE', ( #1526, #1099, #933, #1032, #903, #967 ) ) ;
#1348 = EDGE_CURVE ( 'NONE', #946, #158, #1384, .T. ) ;
#1349 = VECTOR ( 'NONE', #649, 39.37007874015748143 ) ;
#1350 = DIRECTION ( 'NONE',  ( 0.0000000000000000000, 0.0000000000000000000, -1.000000000000000000 ) ) ;
#1351 = AXIS2_PLACEMENT_3D ( 'NONE', #703, #1006, #1814 ) ;
#1352 = PLANE ( 'NONE',  #1718 ) ;
#1353 = ORIENTED_EDGE ( 'NONE', *, *, #447, .T. ) ;
#1354 = ORIENTED_EDGE ( 'NONE', *, *, #699, .T. ) ;
#1355 = DIRECTION ( 'NONE',  ( -0.0000000000000000000, -0.0000000000000000000, -1.000000000000000000 ) ) ;
#1356 = ORIENTED_EDGE ( 'NONE', *, *, #1277, .F. ) ;
#1357 = DIRECTION ( 'NONE',  ( 0.0000000000000000000, 0.0000000000000000000, -1.000000000000000000 ) ) ;
#1358 = EDGE_CURVE ( 'NONE', #1411, #993, #1439, .T. ) ;
#1359 = CARTESIAN_POINT ( 'NONE',  ( -0.03937007874015747977, 5.062516295687876946E-18, -0.04133858267716535029 ) ) ;
#1360 = ORIENTED_EDGE ( 'NONE', *, *, #164, .T. ) ;
#1361 = CALENDAR_DATE ( 2019, 20, 10 ) ;
#1362 = EDGE_LOOP ( 'NONE', ( #1680, #1071, #1630, #1505, #193, #1727, #209, #1813 ) ) ;
#1363 = DIRECTION ( 'NONE',  ( -0.0000000000000000000, -0.0000000000000000000, -1.000000000000000000 ) ) ;
#1364 = CARTESIAN_POINT ( 'NONE',  ( -0.2755905511811023723, 0.0000000000000000000, 0.0000000000000000000 ) ) ;
#1365 = DIRECTION ( 'NONE',  ( 1.000000000000000000, 0.0000000000000000000, 0.0000000000000000000 ) ) ;
#1366 = EDGE_CURVE ( 'NONE', #136, #496, #1216, .T. ) ;
#1367 = DIRECTION ( 'NONE',  ( 0.0000000000000000000, 1.000000000000000000, 1.927470528863119049E-16 ) ) ;
#1368 = ORIENTED_EDGE ( 'NONE', *, *, #366, .F. ) ;
#1369 = VECTOR ( 'NONE', #489, 39.37007874015748143 ) ;
#1370 = VECTOR ( 'NONE', #1533, 39.37007874015748143 ) ;
#1371 = ORIENTED_EDGE ( 'NONE', *, *, #535, .F. ) ;
#1372 = DIRECTION ( 'NONE',  ( 0.0000000000000000000, 0.0000000000000000000, 1.000000000000000000 ) ) ;
#1373 = DIRECTION ( 'NONE',  ( 0.0000000000000000000, 1.000000000000000000, 0.0000000000000000000 ) ) ;
#1374 = ORIENTED_EDGE ( 'NONE', *, *, #1077, .T. ) ;
#1375 = FACE_OUTER_BOUND ( 'NONE', #1568, .T. ) ;
#1376 = VECTOR ( 'NONE', #975, 39.37007874015748143 ) ;
#1377 = LINE ( 'NONE', #101, #1050 ) ;
#1378 = CIRCLE ( 'NONE', #590, 0.02952755905511811677 ) ;
#1379 = VERTEX_POINT ( 'NONE', #518 ) ;
#1380 = EDGE_CURVE ( 'NONE', #704, #384, #221, .T. ) ;
#1381 = ORIENTED_EDGE ( 'NONE', *, *, #1593, .F. ) ;
#1382 = CARTESIAN_POINT ( 'NONE',  ( -0.09842519685039370636, 0.1102362204724409017, 0.1771653543307084022 ) ) ;
#1383 = EDGE_CURVE ( 'NONE', #384, #253, #117, .T. ) ;
#1384 = LINE ( 'NONE', #1240, #1726 ) ;
#1385 = ORIENTED_EDGE ( 'NONE', *, *, #1440, .T. ) ;
#1386 = CARTESIAN_POINT ( 'NONE',  ( -0.1377952755905511861, 7.231927286352638368E-19, -0.1614173228346456601 ) ) ;
#1387 = DIRECTION ( 'NONE',  ( 0.0000000000000000000, 1.000000000000000000, 1.927470528863119049E-16 ) ) ;
#1388 = VERTEX_POINT ( 'NONE', #1511 ) ;
#1389 = ORIENTED_EDGE ( 'NONE', *, *, #198, .T. ) ;
#1390 = EDGE_CURVE ( 'NONE', #58, #358, #80, .T. ) ;
#1391 = CARTESIAN_POINT ( 'NONE',  ( -0.5464566929133858331, -0.3346456692913385988, -0.05905511811023622659 ) ) ;
#1392 = FACE_OUTER_BOUND ( 'NONE', #1509, .T. ) ;
#1393 = DATE_AND_TIME ( #238, #1200 ) ;
#1394 = DIRECTION ( 'NONE',  ( -1.000000000000000000, -0.0000000000000000000, -0.0000000000000000000 ) ) ;
#1395 = ORIENTED_EDGE ( 'NONE', *, *, #1057, .F. ) ;
#1396 = LINE ( 'NONE', #1115, #1470 ) ;
#1397 = AXIS2_PLACEMENT_3D ( 'NONE', #1364, #1786, #381 ) ;
#1398 = AXIS2_PLACEMENT_3D ( 'NONE', #645, #190, #1322 ) ;
#1399 = DIRECTION ( 'NONE',  ( 1.000000000000000000, 0.0000000000000000000, 0.0000000000000000000 ) ) ;
#1400 = ORIENTED_EDGE ( 'NONE', *, *, #1804, .T. ) ;
#1401 = CARTESIAN_POINT ( 'NONE',  ( -0.03937007874015747977, 0.0000000000000000000, 0.0000000000000000000 ) ) ;
#1402 = AXIS2_PLACEMENT_3D ( 'NONE', #1478, #1328, #751 ) ;
#1403 = EDGE_CURVE ( 'NONE', #364, #420, #1767, .T. ) ;
#1404 = DIRECTION ( 'NONE',  ( 1.000000000000000000, 0.0000000000000000000, 0.0000000000000000000 ) ) ;
#1405 = CALENDAR_DATE ( 2019, 20, 10 ) ;
#1406 = EDGE_CURVE ( 'NONE', #761, #1183, #1757, .T. ) ;
#1407 = CARTESIAN_POINT ( 'NONE',  ( -0.5669291338582678197, -0.3444881889763780070, -0.02952755905511825207 ) ) ;
#1408 = AXIS2_PLACEMENT_3D ( 'NONE', #332, #315, #1444 ) ;
#1409 = DIRECTION ( 'NONE',  ( 0.0000000000000000000, 0.0000000000000000000, 1.000000000000000000 ) ) ;
#1410 = LOCAL_TIME ( 23, 12, 34.00000000000000000, #979 ) ;
#1411 = VERTEX_POINT ( 'NONE', #509 ) ;
#1412 = CARTESIAN_POINT ( 'NONE',  ( -0.04724409448818899654, 0.0000000000000000000, 0.0000000000000000000 ) ) ;
#1413 = DIRECTION ( 'NONE',  ( -1.000000000000000000, 0.0000000000000000000, 0.0000000000000000000 ) ) ;
#1414 = CARTESIAN_POINT ( 'NONE',  ( -0.09842519685039370636, 0.1102362204724409572, -0.1771653543307084022 ) ) ;
#1415 = CARTESIAN_POINT ( 'NONE',  ( -0.3720472440944881942, -0.3937007874015748254, -0.1771653543307087075 ) ) ;
#1416 = LINE ( 'NONE', #1295, #1433 ) ;
#1417 = ADVANCED_FACE ( 'NONE', ( #543 ), #984, .F. ) ;
#1418 = CARTESIAN_POINT ( 'NONE',  ( -0.04724409448818899654, 0.0000000000000000000, 0.04921259842519686012 ) ) ;
#1419 = ORIENTED_EDGE ( 'NONE', *, *, #363, .T. ) ;
#1420 = DIRECTION ( 'NONE',  ( 1.000000000000000000, 0.0000000000000000000, 3.469446951953614682E-16 ) ) ;
#1421 = DIRECTION ( 'NONE',  ( 1.000000000000000000, 0.0000000000000000000, 0.0000000000000000000 ) ) ;
#1422 = DIRECTION ( 'NONE',  ( 1.000000000000000000, 0.0000000000000000000, 0.0000000000000000000 ) ) ;
#1423 = EDGE_LOOP ( 'NONE', ( #1480, #213, #1137, #1650 ) ) ;
#1424 = CARTESIAN_POINT ( 'NONE',  ( -0.4704724409448818312, -0.1570825963998675190, -0.1732283464566928832 ) ) ;
#1425 = ADVANCED_FACE ( 'NONE', ( #1557 ), #966, .T. ) ;
#1426 = VERTEX_POINT ( 'NONE', #265 ) ;
#1427 = DIRECTION ( 'NONE',  ( 1.000000000000000000, 0.0000000000000000000, 0.0000000000000000000 ) ) ;
#1428 = VECTOR ( 'NONE', #1730, 39.37007874015748143 ) ;
#1429 = DIRECTION ( 'NONE',  ( 1.000000000000000000, 0.0000000000000000000, 0.0000000000000000000 ) ) ;
#1430 = CARTESIAN_POINT ( 'NONE',  ( -0.03937007874015747977, 0.1102362204724409572, -0.1771653543307084022 ) ) ;
#1431 = AXIS2_PLACEMENT_3D ( 'NONE', #372, #1780, #1790 ) ;
#1432 = CARTESIAN_POINT ( 'NONE',  ( -0.5314960629921260393, 0.0000000000000000000, -0.1614173228346456601 ) ) ;
#1433 = VECTOR ( 'NONE', #143, 39.37007874015748143 ) ;
#1434 = ORIENTED_EDGE ( 'NONE', *, *, #188, .T. ) ;
#1435 = CARTESIAN_POINT ( 'NONE',  ( -0.3080708661417322913, -0.2559055118110236671, -0.04921259842519688787 ) ) ;
#1436 = LINE ( 'NONE', #1296, #395 ) ;
#1437 = EDGE_LOOP ( 'NONE', ( #119, #191, #555, #506 ) ) ;
#1438 =( CONVERSION_BASED_UNIT ( 'INCH', #1177 ) LENGTH_UNIT ( ) NAMED_UNIT ( #627 ) );
#1439 = CIRCLE ( 'NONE', #1695, 0.02952755905511813758 ) ;
#1440 = EDGE_CURVE ( 'NONE', #993, #1411, #556, .T. ) ;
#1441 = ORIENTED_EDGE ( 'NONE', *, *, #456, .F. ) ;
#1442 = DIRECTION ( 'NONE',  ( 1.000000000000000000, 0.0000000000000000000, 0.0000000000000000000 ) ) ;
#1443 = AXIS2_PLACEMENT_3D ( 'NONE', #1783, #952, #1089 ) ;
#1444 = DIRECTION ( 'NONE',  ( 0.0000000000000000000, 0.0000000000000000000, -1.000000000000000000 ) ) ;
#1445 = ORIENTED_EDGE ( 'NONE', *, *, #401, .T. ) ;
#1446 = FACE_OUTER_BOUND ( 'NONE', #529, .T. ) ;
#1447 = CARTESIAN_POINT ( 'NONE',  ( -0.5669291338582678197, 0.1771653543307086798, -0.1771653543307086243 ) ) ;
#1448 = ORIENTED_EDGE ( 'NONE', *, *, #1345, .T. ) ;
#1449 = DIRECTION ( 'NONE',  ( -0.0000000000000000000, -1.000000000000000000, -0.0000000000000000000 ) ) ;
#1450 = EDGE_CURVE ( 'NONE', #981, #126, #714, .T. ) ;
#1451 = CARTESIAN_POINT ( 'NONE',  ( -0.03937007874015747977, 0.1102362204724409017, 0.1181102362204721895 ) ) ;
#1452 = ORIENTED_EDGE ( 'NONE', *, *, #286, .F. ) ;
#1453 = DIRECTION ( 'NONE',  ( 1.000000000000000000, 0.0000000000000000000, 0.0000000000000000000 ) ) ;
#1454 = ORIENTED_EDGE ( 'NONE', *, *, #1495, .T. ) ;
#1455 = CARTESIAN_POINT ( 'NONE',  ( -0.03937007874015747977, 0.1102362204724409572, -0.1771653543307084022 ) ) ;
#1456 = CARTESIAN_POINT ( 'NONE',  ( -0.5322834645669290987, -0.3937007874015748254, -0.05905511811023622659 ) ) ;
#1457 = CARTESIAN_POINT ( 'NONE',  ( -0.03937007874015747977, 0.1692913385826771977, -0.1181102362204721895 ) ) ;
#1458 = ORIENTED_EDGE ( 'NONE', *, *, #1762, .F. ) ;
#1459 = VECTOR ( 'NONE', #42, 39.37007874015748143 ) ;
#1460 = AXIS2_PLACEMENT_3D ( 'NONE', #279, #1022, #2 ) ;
#1461 = DIRECTION ( 'NONE',  ( 1.000000000000000000, 0.0000000000000000000, 0.0000000000000000000 ) ) ;
#1462 = EDGE_CURVE ( 'NONE', #690, #341, #1269, .T. ) ;
#1463 = AXIS2_PLACEMENT_3D ( 'NONE', #295, #274, #138 ) ;
#1464 = LINE ( 'NONE', #766, #580 ) ;
#1465 = ORIENTED_EDGE ( 'NONE', *, *, #1537, .F. ) ;
#1466 = LINE ( 'NONE', #1024, #1086 ) ;
#1467 = DIRECTION ( 'NONE',  ( 0.0000000000000000000, -1.000000000000000000, 0.0000000000000000000 ) ) ;
#1468 = CIRCLE ( 'NONE', #815, 0.04921259842519682542 ) ;
#1469 = LINE ( 'NONE', #62, #1227 ) ;
#1470 = VECTOR ( 'NONE', #1013, 39.37007874015748143 ) ;
#1471 = ORIENTED_EDGE ( 'NONE', *, *, #473, .T. ) ;
#1472 = PLANE ( 'NONE',  #1578 ) ;
#1473 = ADVANCED_FACE ( 'NONE', ( #1288, #1672 ), #293, .F. ) ;
#1474 = CARTESIAN_POINT ( 'NONE',  ( -0.3917322834645667329, -0.3444881889763780070, 0.1771653543307090406 ) ) ;
#1475 = VERTEX_POINT ( 'NONE', #585 ) ;
#1476 = CARTESIAN_POINT ( 'NONE',  ( -0.5464566929133858331, -0.3937007874015748254, -0.05905511811023622659 ) ) ;
#1477 = VERTEX_POINT ( 'NONE', #575 ) ;
#1478 = CARTESIAN_POINT ( 'NONE',  ( -0.2982283464566929387, -0.3444881889763780070, -1.376168426808372978E-16 ) ) ;
#1479 = CARTESIAN_POINT ( 'NONE',  ( -0.4704724409448818312, -0.3937007874015748254, -0.1771653543307086798 ) ) ;
#1480 = ORIENTED_EDGE ( 'NONE', *, *, #1366, .F. ) ;
#1481 = PERSON_AND_ORGANIZATION ( #289, #1759 ) ;
#1482 = EDGE_CURVE ( 'NONE', #605, #950, #1132, .T. ) ;
#1483 = ORIENTED_EDGE ( 'NONE', *, *, #948, .T. ) ;
#1484 = ADVANCED_FACE ( 'NONE', ( #135 ), #1700, .T. ) ;
#1485 = CARTESIAN_POINT ( 'NONE',  ( -0.5669291338582678197, -0.3444881889763780070, 0.02952755905511797799 ) ) ;
#1486 = ORIENTED_EDGE ( 'NONE', *, *, #1383, .T. ) ;
#1487 = CARTESIAN_POINT ( 'NONE',  ( -0.5669291338582678197, -0.1574803149606298913, 0.05905511811023622659 ) ) ;
#1488 = AXIS2_PLACEMENT_3D ( 'NONE', #1447, #1714, #320 ) ;
#1489 = VECTOR ( 'NONE', #736, 39.37007874015748143 ) ;
#1490 = DIRECTION ( 'NONE',  ( 0.0000000000000000000, 1.000000000000000000, -5.396917480816733533E-15 ) ) ;
#1491 = ORIENTED_EDGE ( 'NONE', *, *, #924, .F. ) ;
#1492 = AXIS2_PLACEMENT_3D ( 'NONE', #1587, #1613, #912 ) ;
#1493 = EDGE_LOOP ( 'NONE', ( #1339, #1733, #1810, #1643 ) ) ;
#1494 = CARTESIAN_POINT ( 'NONE',  ( -0.1377952755905511861, 7.231927286352638368E-19, -0.1614173228346456601 ) ) ;
#1495 = EDGE_CURVE ( 'NONE', #1118, #245, #166, .T. ) ;
#1496 = ORIENTED_EDGE ( 'NONE', *, *, #207, .T. ) ;
#1497 = CIRCLE ( 'NONE', #706, 0.04921259842519682542 ) ;
#1498 = FACE_OUTER_BOUND ( 'NONE', #805, .T. ) ;
#1499 = CIRCLE ( 'NONE', #935, 0.02952755905511813758 ) ;
#1500 = CARTESIAN_POINT ( 'NONE',  ( -0.1377952755905511861, 1.807981821588045721E-19, -0.1771653543307076528 ) ) ;
#1501 = VERTEX_POINT ( 'NONE', #414 ) ;
#1502 = EDGE_LOOP ( 'NONE', ( #1693, #346 ) ) ;
#1503 = CARTESIAN_POINT ( 'NONE',  ( -0.09842519685039370636, 0.1771653543307087075, -0.1771653543307084022 ) ) ;
#1504 = DIRECTION ( 'NONE',  ( 0.0000000000000000000, 0.0000000000000000000, -1.000000000000000000 ) ) ;
#1505 = ORIENTED_EDGE ( 'NONE', *, *, #974, .T. ) ;
#1506 = EDGE_CURVE ( 'NONE', #1516, #328, #554, .T. ) ;
#1507 = CARTESIAN_POINT ( 'NONE',  ( -0.03937007874015747977, 0.1102362204724409017, 0.1771653543307084022 ) ) ;
#1508 = LINE ( 'NONE', #1359, #1604 ) ;
#1509 = EDGE_LOOP ( 'NONE', ( #1594, #664, #628, #566 ) ) ;
#1510 = DIRECTION ( 'NONE',  ( 0.0000000000000000000, 0.0000000000000000000, -1.000000000000000000 ) ) ;
#1511 = CARTESIAN_POINT ( 'NONE',  ( -0.09842519685039370636, 0.1692913385826771977, -0.1181102362204721895 ) ) ;
#1512 = ORIENTED_EDGE ( 'NONE', *, *, #1803, .F. ) ;
#1513 = LINE ( 'NONE', #249, #784 ) ;
#1514 = LINE ( 'NONE', #959, #637 ) ;
#1515 = EDGE_CURVE ( 'NONE', #777, #1559, #272, .T. ) ;
#1516 = VERTEX_POINT ( 'NONE', #944 ) ;
#1517 = VECTOR ( 'NONE', #172, 39.37007874015748143 ) ;
#1518 = VECTOR ( 'NONE', #581, 39.37007874015748143 ) ;
#1519 = ORIENTED_EDGE ( 'NONE', *, *, #94, .F. ) ;
#1520 = DIRECTION ( 'NONE',  ( 0.0000000000000000000, 0.0000000000000000000, -1.000000000000000000 ) ) ;
#1521 = ORIENTED_EDGE ( 'NONE', *, *, #94, .T. ) ;
#1522 = CARTESIAN_POINT ( 'NONE',  ( -0.3080708661417322913, -0.3937007874015748254, 0.04921259842519681849 ) ) ;
#1523 = VECTOR ( 'NONE', #799, 39.37007874015748143 ) ;
#1524 = FACE_OUTER_BOUND ( 'NONE', #792, .T. ) ;
#1525 = AXIS2_PLACEMENT_3D ( 'NONE', #1545, #1427, #282 ) ;
#1526 = ORIENTED_EDGE ( 'NONE', *, *, #492, .F. ) ;
#1527 = EDGE_CURVE ( 'NONE', #1034, #946, #676, .T. ) ;
#1528 = ORIENTED_EDGE ( 'NONE', *, *, #1440, .F. ) ;
#1529 = DIRECTION ( 'NONE',  ( -3.469446951953613696E-16, -0.0000000000000000000, -1.000000000000000000 ) ) ;
#1530 = ORIENTED_EDGE ( 'NONE', *, *, #1100, .F. ) ;
#1531 = DIRECTION ( 'NONE',  ( 0.0000000000000000000, -1.000000000000000000, -2.891205793294684736E-16 ) ) ;
#1532 = DIRECTION ( 'NONE',  ( 1.000000000000000000, 0.0000000000000000000, 0.0000000000000000000 ) ) ;
#1533 = DIRECTION ( 'NONE',  ( 0.0000000000000000000, 1.000000000000000000, 0.0000000000000000000 ) ) ;
#1534 = CC_DESIGN_PERSON_AND_ORGANIZATION_ASSIGNMENT ( #1110, #969, ( #498 ) ) ;
#1535 = ORIENTED_EDGE ( 'NONE', *, *, #1724, .T. ) ;
#1536 = CARTESIAN_POINT ( 'NONE',  ( -0.4212598425196850127, -0.3444881889763780070, -0.1929133858267715607 ) ) ;
#1537 = EDGE_CURVE ( 'NONE', #216, #928, #1468, .T. ) ;
#1538 = DIRECTION ( 'NONE',  ( -1.000000000000000000, -0.0000000000000000000, -0.0000000000000000000 ) ) ;
#1539 = ADVANCED_FACE ( 'NONE', ( #97 ), #926, .F. ) ;
#1540 = FACE_OUTER_BOUND ( 'NONE', #262, .T. ) ;
#1541 = PLANE ( 'NONE',  #1463 ) ;
#1542 = DATE_AND_TIME ( #838, #1410 ) ;
#1543 = DIRECTION ( 'NONE',  ( 1.000000000000000000, 0.0000000000000000000, 0.0000000000000000000 ) ) ;
#1544 = ORIENTED_EDGE ( 'NONE', *, *, #1310, .T. ) ;
#1545 = CARTESIAN_POINT ( 'NONE',  ( -0.2755905511811023723, 0.0000000000000000000, 0.0000000000000000000 ) ) ;
#1546 = AXIS2_PLACEMENT_3D ( 'NONE', #1073, #717, #709 ) ;
#1547 = CARTESIAN_POINT ( 'NONE',  ( -0.2982283464566929387, -0.3444881889763780070, 0.04921259842519681849 ) ) ;
#1548 = VECTOR ( 'NONE', #111, 39.37007874015748143 ) ;
#1549 = ADVANCED_FACE ( 'NONE', ( #665 ), #1104, .F. ) ;
#1550 = LINE ( 'NONE', #128, #927 ) ;
#1551 = PLANE ( 'NONE',  #756 ) ;
#1552 = VECTOR ( 'NONE', #1422, 39.37007874015748143 ) ;
#1553 = CYLINDRICAL_SURFACE ( 'NONE', #1460, 0.02952755905511811677 ) ;
#1554 = AXIS2_PLACEMENT_3D ( 'NONE', #851, #721, #1699 ) ;
#1555 = ORIENTED_EDGE ( 'NONE', *, *, #422, .F. ) ;
#1556 = DIRECTION ( 'NONE',  ( -3.469446951953613696E-16, 0.0000000000000000000, -1.000000000000000000 ) ) ;
#1557 = FACE_OUTER_BOUND ( 'NONE', #1768, .T. ) ;
#1558 = LINE ( 'NONE', #203, #1428 ) ;
#1559 = VERTEX_POINT ( 'NONE', #404 ) ;
#1560 = EDGE_CURVE ( 'NONE', #180, #822, #1317, .T. ) ;
#1561 = FACE_OUTER_BOUND ( 'NONE', #1799, .T. ) ;
#1562 = CARTESIAN_POINT ( 'NONE',  ( -0.3720472440944881942, -0.3444881889763780070, -0.1771653543307087075 ) ) ;
#1563 = EDGE_LOOP ( 'NONE', ( #441, #754, #491, #770 ) ) ;
#1564 = DIRECTION ( 'NONE',  ( 0.0000000000000000000, 0.0000000000000000000, -1.000000000000000000 ) ) ;
#1565 = DIRECTION ( 'NONE',  ( 0.0000000000000000000, 0.0000000000000000000, -1.000000000000000000 ) ) ;
#1566 = CARTESIAN_POINT ( 'NONE',  ( -0.3080708661417322913, -0.3937007874015748254, -0.04921259842519688787 ) ) ;
#1567 = CARTESIAN_POINT ( 'NONE',  ( -0.2755905511811023723, 1.566969329617676785E-17, 0.1279527559055118335 ) ) ;
#1568 = EDGE_LOOP ( 'NONE', ( #942, #34, #533, #45 ) ) ;
#1569 = CYLINDRICAL_SURFACE ( 'NONE', #956, 0.04921259842519685318 ) ;
#1570 = EDGE_CURVE ( 'NONE', #1180, #1040, #106, .T. ) ;
#1571 = LINE ( 'NONE', #609, #611 ) ;
#1572 = ORIENTED_EDGE ( 'NONE', *, *, #1804, .F. ) ;
#1573 = FACE_OUTER_BOUND ( 'NONE', #572, .T. ) ;
#1574 = VECTOR ( 'NONE', #1442, 39.37007874015748143 ) ;
#1575 = CARTESIAN_POINT ( 'NONE',  ( -0.1377952755905511861, 0.1771653543307086798, -0.1771653543307086243 ) ) ;
#1576 = CIRCLE ( 'NONE', #369, 0.04921259842519685318 ) ;
#1577 = PLANE ( 'NONE',  #669 ) ;
#1578 = AXIS2_PLACEMENT_3D ( 'NONE', #326, #1595, #1605 ) ;
#1579 = ORIENTED_EDGE ( 'NONE', *, *, #1390, .T. ) ;
#1580 = CARTESIAN_POINT ( 'NONE',  ( -0.3720472440944881942, -0.3444881889763780070, -0.1771653543307087075 ) ) ;
#1581 = VERTEX_POINT ( 'NONE', #1503 ) ;
#1582 = DIRECTION ( 'NONE',  ( 1.000000000000000000, 0.0000000000000000000, 0.0000000000000000000 ) ) ;
#1583 = EDGE_CURVE ( 'NONE', #30, #136, #525, .T. ) ;
#1584 =( GEOMETRIC_REPRESENTATION_CONTEXT ( 3 ) GLOBAL_UNCERTAINTY_ASSIGNED_CONTEXT ( ( #603 ) ) GLOBAL_UNIT_ASSIGNED_CONTEXT ( ( #1438, #347, #768 ) ) REPRESENTATION_CONTEXT ( 'NONE', 'WORKASPACE' ) );
#1585 = CARTESIAN_POINT ( 'NONE',  ( -0.03937007874015747977, 0.0000000000000000000, 0.0000000000000000000 ) ) ;
#1586 = ORIENTED_EDGE ( 'NONE', *, *, #230, .T. ) ;
#1587 = CARTESIAN_POINT ( 'NONE',  ( -0.3080708661417322913, -0.3937007874015748254, 0.04921259842519681849 ) ) ;
#1588 = CARTESIAN_POINT ( 'NONE',  ( -0.5464566929133858331, -0.3937007874015748254, -0.05905511811023622659 ) ) ;
#1589 = EDGE_LOOP ( 'NONE', ( #749, #1755, #1068, #1445 ) ) ;
#1590 = EDGE_CURVE ( 'NONE', #1180, #541, #1097, .T. ) ;
#1591 = ORIENTED_EDGE ( 'NONE', *, *, #803, .T. ) ;
#1592 = PLANE ( 'NONE',  #276 ) ;
#1593 = EDGE_CURVE ( 'NONE', #1332, #253, #764, .T. ) ;
#1594 = ORIENTED_EDGE ( 'NONE', *, *, #1210, .F. ) ;
#1595 = DIRECTION ( 'NONE',  ( -1.000000000000000000, 0.0000000000000000000, 0.0000000000000000000 ) ) ;
#1596 = LINE ( 'NONE', #897, #1628 ) ;
#1597 = ORIENTED_EDGE ( 'NONE', *, *, #906, .F. ) ;
#1598 = VERTEX_POINT ( 'NONE', #247 ) ;
#1599 = CARTESIAN_POINT ( 'NONE',  ( -0.5669291338582678197, -0.2559055118110236671, 0.1771653543307089296 ) ) ;
#1600 = CARTESIAN_POINT ( 'NONE',  ( -0.03937007874015747977, 0.1102362204724409572, -0.1181102362204721895 ) ) ;
#1601 = ORIENTED_EDGE ( 'NONE', *, *, #473, .F. ) ;
#1602 = VECTOR ( 'NONE', #849, 39.37007874015748143 ) ;
#1603 = ADVANCED_FACE ( 'NONE', ( #1239, #78 ), #542, .F. ) ;
#1604 = VECTOR ( 'NONE', #1219, 39.37007874015748143 ) ;
#1605 = DIRECTION ( 'NONE',  ( 0.0000000000000000000, 0.0000000000000000000, 1.000000000000000000 ) ) ;
#1606 = CARTESIAN_POINT ( 'NONE',  ( -0.1377952755905511861, 1.976792077363837694E-17, 0.1614173228346456601 ) ) ;
#1607 = ORIENTED_EDGE ( 'NONE', *, *, #526, .F. ) ;
#1608 = DIRECTION ( 'NONE',  ( 0.0000000000000000000, 0.0000000000000000000, 1.000000000000000000 ) ) ;
#1609 = VECTOR ( 'NONE', #1538, 39.37007874015748143 ) ;
#1610 = CARTESIAN_POINT ( 'NONE',  ( -0.03937007874015747977, 0.1692913385826771977, -0.1181102362204721895 ) ) ;
#1611 = VECTOR ( 'NONE', #323, 39.37007874015748143 ) ;
#1612 = ORIENTED_EDGE ( 'NONE', *, *, #1292, .T. ) ;
#1613 = DIRECTION ( 'NONE',  ( 0.0000000000000000000, 0.0000000000000000000, -1.000000000000000000 ) ) ;
#1614 = EDGE_CURVE ( 'NONE', #516, #322, #1644, .T. ) ;
#1615 = DIRECTION ( 'NONE',  ( 0.0000000000000000000, 0.0000000000000000000, -1.000000000000000000 ) ) ;
#1616 = ADVANCED_FACE ( 'NONE', ( #1662 ), #365, .T. ) ;
#1617 = VERTEX_POINT ( 'NONE', #1494 ) ;
#1618 = APPROVAL_DATE_TIME ( #1393, #913 ) ;
#1619 = DIRECTION ( 'NONE',  ( 0.0000000000000000000, 0.0000000000000000000, -1.000000000000000000 ) ) ;
#1620 = DIRECTION ( 'NONE',  ( -1.000000000000000000, 0.0000000000000000000, 0.0000000000000000000 ) ) ;
#1621 = ORIENTED_EDGE ( 'NONE', *, *, #1253, .T. ) ;
#1622 = ADVANCED_FACE ( 'NONE', ( #1343 ), #647, .T. ) ;
#1623 = EDGE_LOOP ( 'NONE', ( #783, #1711, #237, #452, #1708 ) ) ;
#1624 = DIRECTION ( 'NONE',  ( 1.000000000000000000, 0.0000000000000000000, 0.0000000000000000000 ) ) ;
#1625 = ORIENTED_EDGE ( 'NONE', *, *, #1, .F. ) ;
#1626 = CARTESIAN_POINT ( 'NONE',  ( -0.3917322834645668994, -0.3444881889763780070, -0.1771653543307086243 ) ) ;
#1627 = AXIS2_PLACEMENT_3D ( 'NONE', #1401, #1145, #986 ) ;
#1628 = VECTOR ( 'NONE', #199, 39.37007874015748143 ) ;
#1629 = CARTESIAN_POINT ( 'NONE',  ( -0.3080708661417322913, -0.3937007874015748254, 0.04921259842519681849 ) ) ;
#1630 = ORIENTED_EDGE ( 'NONE', *, *, #895, .F. ) ;
#1631 = APPROVAL_ROLE ( '' ) ;
#1632 = VECTOR ( 'NONE', #625, 39.37007874015748143 ) ;
#1633 = EDGE_CURVE ( 'NONE', #328, #1772, #228, .T. ) ;
#1634 = VERTEX_POINT ( 'NONE', #658 ) ;
#1635 = CARTESIAN_POINT ( 'NONE',  ( -0.5669291338582678197, 7.231927286352638368E-19, -0.1614173228346456601 ) ) ;
#1636 = CYLINDRICAL_SURFACE ( 'NONE', #1397, 0.1279527559055118335 ) ;
#1637 = AXIS2_PLACEMENT_3D ( 'NONE', #357, #650, #255 ) ;
#1638 = CC_DESIGN_SECURITY_CLASSIFICATION ( #1029, ( #965 ) ) ;
#1639 = DIRECTION ( 'NONE',  ( -1.000000000000000000, 0.0000000000000000000, 0.0000000000000000000 ) ) ;
#1640 = APPLICATION_CONTEXT ( 'configuration controlled 3d designs of mechanical parts and assemblies' ) ;
#1641 = CARTESIAN_POINT ( 'NONE',  ( -0.5322834645669290987, -0.3346456692913385988, 0.05905511811023622659 ) ) ;
#1642 = ORIENTED_EDGE ( 'NONE', *, *, #264, .F. ) ;
#1643 = ORIENTED_EDGE ( 'NONE', *, *, #1178, .F. ) ;
#1644 = LINE ( 'NONE', #1382, #258 ) ;
#1645 = APPROVAL ( #1806, 'UNSPECIFIED' ) ;
#1646 = PLANE ( 'NONE',  #578 ) ;
#1647 = ADVANCED_FACE ( 'NONE', ( #1215 ), #517, .F. ) ;
#1648 = PLANE ( 'NONE',  #280 ) ;
#1649 = CARTESIAN_POINT ( 'NONE',  ( -0.09842519685039370636, 0.1102362204724409572, -0.1181102362204721895 ) ) ;
#1650 = ORIENTED_EDGE ( 'NONE', *, *, #1155, .F. ) ;
#1651 = ORIENTED_EDGE ( 'NONE', *, *, #1803, .T. ) ;
#1652 = CARTESIAN_POINT ( 'NONE',  ( -0.3720472440944881942, -0.1570825963998675190, -0.1732283464566928832 ) ) ;
#1653 = CARTESIAN_POINT ( 'NONE',  ( -0.03937007874015747977, 0.1102362204724409017, 0.1181102362204721895 ) ) ;
#1654 = CARTESIAN_POINT ( 'NONE',  ( -0.5322834645669290987, -0.1574803149606298913, 0.05905511811023622659 ) ) ;
#1655 = EDGE_CURVE ( 'NONE', #58, #1426, #470, .T. ) ;
#1656 = VECTOR ( 'NONE', #659, 39.37007874015748143 ) ;
#1657 = CARTESIAN_POINT ( 'NONE',  ( -0.5464566929133858331, -0.1574803149606298913, 0.05905511811023622659 ) ) ;
#1658 = ORIENTED_EDGE ( 'NONE', *, *, #1221, .F. ) ;
#1659 = AXIS2_PLACEMENT_3D ( 'NONE', #1111, #1394, #1668 ) ;
#1660 = VECTOR ( 'NONE', #352, 39.37007874015748143 ) ;
#1661 = ORIENTED_EDGE ( 'NONE', *, *, #1738, .T. ) ;
#1662 = FACE_OUTER_BOUND ( 'NONE', #16, .T. ) ;
#1663 = DIRECTION ( 'NONE',  ( 0.0000000000000000000, 0.0000000000000000000, -1.000000000000000000 ) ) ;
#1664 = CARTESIAN_POINT ( 'NONE',  ( -0.5322834645669290987, -0.3444881889763780070, -1.376168426808372978E-16 ) ) ;
#1665 = CARTESIAN_POINT ( 'NONE',  ( -0.5314960629921260393, 1.807981821588045721E-19, 0.1771653543307077361 ) ) ;
#1666 = AXIS2_PLACEMENT_3D ( 'NONE', #33, #875, #482 ) ;
#1667 = ADVANCED_FACE ( 'NONE', ( #573 ), #451, .F. ) ;
#1668 = DIRECTION ( 'NONE',  ( 0.0000000000000000000, 0.0000000000000000000, -1.000000000000000000 ) ) ;
#1669 = AXIS2_PLACEMENT_3D ( 'NONE', #713, #1420, #4 ) ;
#1670 = EDGE_CURVE ( 'NONE', #1501, #777, #1396, .T. ) ;
#1671 = ORIENTED_EDGE ( 'NONE', *, *, #312, .T. ) ;
#1672 = FACE_BOUND ( 'NONE', #76, .T. ) ;
#1673 = ORIENTED_EDGE ( 'NONE', *, *, #423, .T. ) ;
#1674 = CARTESIAN_POINT ( 'NONE',  ( -0.5464566929133858331, -0.1574803149606298913, -0.05905511811023624047 ) ) ;
#1675 = PERSON_AND_ORGANIZATION ( #289, #1759 ) ;
#1676 = LINE ( 'NONE', #418, #1190 ) ;
#1677 = VERTEX_POINT ( 'NONE', #564 ) ;
#1678 = CARTESIAN_POINT ( 'NONE',  ( 0.0000000000000000000, 0.0000000000000000000, 0.0000000000000000000 ) ) ;
#1679 = EDGE_CURVE ( 'NONE', #253, #985, #413, .T. ) ;
#1680 = ORIENTED_EDGE ( 'NONE', *, *, #685, .T. ) ;
#1681 = CARTESIAN_POINT ( 'NONE',  ( -0.2755905511811023723, 0.0000000000000000000, -0.04921259842519685318 ) ) ;
#1682 = FACE_OUTER_BOUND ( 'NONE', #1816, .T. ) ;
#1683 = LINE ( 'NONE', #725, #1489 ) ;
#1684 = CARTESIAN_POINT ( 'NONE',  ( 0.0000000000000000000, 0.1771653543307086243, 0.1771653543307087075 ) ) ;
#1685 = ORIENTED_EDGE ( 'NONE', *, *, #629, .T. ) ;
#1686 = CARTESIAN_POINT ( 'NONE',  ( -0.3080708661417322913, -0.3444881889763780070, 0.04921259842519681849 ) ) ;
#1687 = AXIS2_PLACEMENT_3D ( 'NONE', #1747, #1026, #1179 ) ;
#1688 = AXIS2_PLACEMENT_3D ( 'NONE', #689, #383, #701 ) ;
#1689 = EDGE_CURVE ( 'NONE', #552, #898, #528, .T. ) ;
#1690 = PLANE ( 'NONE',  #835 ) ;
#1691 = VECTOR ( 'NONE', #1461, 39.37007874015748143 ) ;
#1692 = DIRECTION ( 'NONE',  ( 1.000000000000000000, 0.0000000000000000000, 0.0000000000000000000 ) ) ;
#1693 = ORIENTED_EDGE ( 'NONE', *, *, #14, .T. ) ;
#1694 = FACE_OUTER_BOUND ( 'NONE', #1623, .T. ) ;
#1695 = AXIS2_PLACEMENT_3D ( 'NONE', #1801, #1346, #1785 ) ;
#1696 = CARTESIAN_POINT ( 'NONE',  ( -0.5464566929133858331, -0.3346456692913385988, -0.05905511811023622659 ) ) ;
#1697 = LOCAL_TIME ( 23, 12, 34.00000000000000000, #87 ) ;
#1698 = ORIENTED_EDGE ( 'NONE', *, *, #939, .F. ) ;
#1699 = DIRECTION ( 'NONE',  ( 0.0000000000000000000, 0.0000000000000000000, -1.000000000000000000 ) ) ;
#1700 = CYLINDRICAL_SURFACE ( 'NONE', #319, 0.01968503937007875723 ) ;
#1701 = CARTESIAN_POINT ( 'NONE',  ( -0.09842519685039370636, 0.1102362204724409017, 0.1181102362204721895 ) ) ;
#1702 = LINE ( 'NONE', #696, #103 ) ;
#1703 = ADVANCED_FACE ( 'NONE', ( #832 ), #1285, .F. ) ;
#1704 = LINE ( 'NONE', #1264, #1105 ) ;
#1705 = CARTESIAN_POINT ( 'NONE',  ( -0.04724409448818899654, 0.0000000000000000000, 0.0000000000000000000 ) ) ;
#1706 = VERTEX_POINT ( 'NONE', #583 ) ;
#1707 = LINE ( 'NONE', #155, #1058 ) ;
#1708 = ORIENTED_EDGE ( 'NONE', *, *, #785, .T. ) ;
#1709 = DIRECTION ( 'NONE',  ( 0.0000000000000000000, 0.0000000000000000000, -1.000000000000000000 ) ) ;
#1710 = DIRECTION ( 'NONE',  ( -1.000000000000000000, 0.0000000000000000000, 0.0000000000000000000 ) ) ;
#1711 = ORIENTED_EDGE ( 'NONE', *, *, #286, .T. ) ;
#1712 = CARTESIAN_POINT ( 'NONE',  ( -0.5314960629921260393, -0.1574803149606298913, -0.1771653543307086798 ) ) ;
#1713 = EDGE_CURVE ( 'NONE', #1776, #1772, #1707, .T. ) ;
#1714 = DIRECTION ( 'NONE',  ( 0.0000000000000000000, 2.365532012695645724E-16, -1.000000000000000000 ) ) ;
#1715 = VERTEX_POINT ( 'NONE', #1686 ) ;
#1716 = AXIS2_PLACEMENT_3D ( 'NONE', #1278, #425, #862 ) ;
#1717 = DIRECTION ( 'NONE',  ( 0.0000000000000000000, 1.000000000000000000, 0.0000000000000000000 ) ) ;
#1718 = AXIS2_PLACEMENT_3D ( 'NONE', #1047, #1453, #779 ) ;
#1719 = DIRECTION ( 'NONE',  ( 0.0000000000000000000, 3.444205370125740490E-17, -1.000000000000000000 ) ) ;
#1720 = VECTOR ( 'NONE', #1119, 39.37007874015748143 ) ;
#1721 = VERTEX_POINT ( 'NONE', #1268 ) ;
#1722 = LINE ( 'NONE', #1046, #1632 ) ;
#1723 = APPROVAL ( #374, 'UNSPECIFIED' ) ;
#1724 = EDGE_CURVE ( 'NONE', #898, #552, #1499, .T. ) ;
#1725 = LINE ( 'NONE', #29, #1248 ) ;
#1726 = VECTOR ( 'NONE', #1504, 39.37007874015748143 ) ;
#1727 = ORIENTED_EDGE ( 'NONE', *, *, #607, .F. ) ;
#1728 = EDGE_CURVE ( 'NONE', #1501, #1715, #998, .T. ) ;
#1729 = CIRCLE ( 'NONE', #1408, 0.04133858267716535029 ) ;
#1730 = DIRECTION ( 'NONE',  ( 0.0000000000000000000, 1.000000000000000000, 0.0000000000000000000 ) ) ;
#1731 = CIRCLE ( 'NONE', #557, 0.1279527559055118335 ) ;
#1732 = CARTESIAN_POINT ( 'NONE',  ( -0.2755905511811023723, 0.0000000000000000000, -0.04921259842519685318 ) ) ;
#1733 = ORIENTED_EDGE ( 'NONE', *, *, #526, .T. ) ;
#1734 = CARTESIAN_POINT ( 'NONE',  ( -0.2755905511811023723, 0.0000000000000000000, -0.1279527559055118335 ) ) ;
#1735 = DIRECTION ( 'NONE',  ( 0.0000000000000000000, 0.0000000000000000000, 1.000000000000000000 ) ) ;
#1736 = ORIENTED_EDGE ( 'NONE', *, *, #750, .T. ) ;
#1737 = DIRECTION ( 'NONE',  ( 1.000000000000000000, 0.0000000000000000000, 0.0000000000000000000 ) ) ;
#1738 = EDGE_CURVE ( 'NONE', #341, #981, #907, .T. ) ;
#1739 = LINE ( 'NONE', #1042, #1369 ) ;
#1740 = CARTESIAN_POINT ( 'NONE',  ( -0.2755905511811023723, 0.0000000000000000000, 0.0000000000000000000 ) ) ;
#1741 = ORIENTED_EDGE ( 'NONE', *, *, #1820, .T. ) ;
#1742 = FACE_BOUND ( 'NONE', #1502, .T. ) ;
#1743 = CARTESIAN_POINT ( 'NONE',  ( -0.09842519685039370636, 0.1102362204724409017, 0.1771653543307084022 ) ) ;
#1744 = VERTEX_POINT ( 'NONE', #1257 ) ;
#1745 = DIRECTION ( 'NONE',  ( 0.0000000000000000000, 0.0000000000000000000, -1.000000000000000000 ) ) ;
#1746 = ORIENTED_EDGE ( 'NONE', *, *, #1527, .T. ) ;
#1747 = CARTESIAN_POINT ( 'NONE',  ( -0.5669291338582678197, 0.1771653543307086243, 0.1771653543307087075 ) ) ;
#1748 = ADVANCED_FACE ( 'NONE', ( #1573 ), #1823, .F. ) ;
#1749 = DIRECTION ( 'NONE',  ( 0.0000000000000000000, 0.0000000000000000000, -1.000000000000000000 ) ) ;
#1750 = ORIENTED_EDGE ( 'NONE', *, *, #1380, .T. ) ;
#1751 = AXIS2_PLACEMENT_3D ( 'NONE', #1152, #854, #1709 ) ;
#1752 = CIRCLE ( 'NONE', #165, 0.04921259842519685318 ) ;
#1753 = CARTESIAN_POINT ( 'NONE',  ( -0.09842519685039370636, 0.1102362204724409017, 0.1771653543307084022 ) ) ;
#1754 = DIRECTION ( 'NONE',  ( -1.000000000000000000, 0.0000000000000000000, -3.469446951953614682E-16 ) ) ;
#1755 = ORIENTED_EDGE ( 'NONE', *, *, #1537, .T. ) ;
#1756 = ORIENTED_EDGE ( 'NONE', *, *, #699, .F. ) ;
#1757 = CIRCLE ( 'NONE', #762, 0.1279527559055118335 ) ;
#1758 = FACE_OUTER_BOUND ( 'NONE', #479, .T. ) ;
#1759 = ORGANIZATION ( 'UNSPECIFIED', 'UNSPECIFIED', '' ) ;
#1760 = ORIENTED_EDGE ( 'NONE', *, *, #537, .T. ) ;
#1761 = LINE ( 'NONE', #634, #1108 ) ;
#1762 = EDGE_CURVE ( 'NONE', #233, #1241, #1731, .T. ) ;
#1763 = LINE ( 'NONE', #344, #1078 ) ;
#1764 = ORIENTED_EDGE ( 'NONE', *, *, #251, .F. ) ;
#1765 = ORIENTED_EDGE ( 'NONE', *, *, #1011, .T. ) ;
#1766 = CARTESIAN_POINT ( 'NONE',  ( -0.03937007874015747977, 0.0000000000000000000, 0.0000000000000000000 ) ) ;
#1767 = LINE ( 'NONE', #107, #734 ) ;
#1768 = EDGE_LOOP ( 'NONE', ( #746, #60, #412, #95 ) ) ;
#1769 = DIRECTION ( 'NONE',  ( 0.0000000000000000000, 0.0000000000000000000, -1.000000000000000000 ) ) ;
#1770 = ADVANCED_FACE ( 'NONE', ( #982 ), #860, .T. ) ;
#1771 = DIRECTION ( 'NONE',  ( 1.000000000000000000, 0.0000000000000000000, 0.0000000000000000000 ) ) ;
#1772 = VERTEX_POINT ( 'NONE', #162 ) ;
#1773 = ORIENTED_EDGE ( 'NONE', *, *, #906, .T. ) ;
#1774 = DIRECTION ( 'NONE',  ( 0.0000000000000000000, 0.0000000000000000000, -1.000000000000000000 ) ) ;
#1775 = DIRECTION ( 'NONE',  ( 1.000000000000000000, 0.0000000000000000000, 0.0000000000000000000 ) ) ;
#1776 = VERTEX_POINT ( 'NONE', #729 ) ;
#1777 = CARTESIAN_POINT ( 'NONE',  ( 0.0000000000000000000, 0.1771653543307086243, 0.1771653543307087075 ) ) ;
#1778 = CLOSED_SHELL ( 'NONE', ( #1770, #25, #1230, #673, #38, #1539, #104, #324, #886, #1622, #1549, #718, #1033, #1616, #211, #152, #331, #234, #379, #141, #435, #127, #1647, #1425, #1265, #298, #1212, #114, #1667, #562, #1065, #1748, #36, #1166, #999, #1703, #695, #1807, #1122, #1603, #983, #150, #419, #916, #1417, #1197, #1302, #1473, #503, #884, #1331, #857, #1484, #1002, #710, #640, #1157 ) ) ;
#1779 = VECTOR ( 'NONE', #1771, 39.37007874015748143 ) ;
#1780 = DIRECTION ( 'NONE',  ( 0.0000000000000000000, -1.927470528863119049E-16, 1.000000000000000000 ) ) ;
#1781 = ORIENTED_EDGE ( 'NONE', *, *, #1495, .F. ) ;
#1782 = VECTOR ( 'NONE', #225, 39.37007874015748143 ) ;
#1783 = CARTESIAN_POINT ( 'NONE',  ( -0.4704724409448818312, -0.3937007874015748254, -0.1771653543307086798 ) ) ;
#1784 = EDGE_CURVE ( 'NONE', #1238, #351, #497, .T. ) ;
#1785 = DIRECTION ( 'NONE',  ( -1.000000000000000000, 0.0000000000000000000, 0.0000000000000000000 ) ) ;
#1786 = DIRECTION ( 'NONE',  ( 1.000000000000000000, 0.0000000000000000000, 0.0000000000000000000 ) ) ;
#1787 = AXIS2_PLACEMENT_3D ( 'NONE', #1740, #613, #54 ) ;
#1788 = AXIS2_PLACEMENT_3D ( 'NONE', #1412, #146, #755 ) ;
#1789 = LINE ( 'NONE', #91, #1311 ) ;
#1790 = DIRECTION ( 'NONE',  ( 0.0000000000000000000, -1.000000000000000000, -1.927470528863119049E-16 ) ) ;
#1791 = ORIENTED_EDGE ( 'NONE', *, *, #1560, .F. ) ;
#1792 = VERTEX_POINT ( 'NONE', #67 ) ;
#1793 = CARTESIAN_POINT ( 'NONE',  ( -0.4212598425196849017, -0.3444881889763780070, 0.1771653543307090406 ) ) ;
#1794 = EDGE_CURVE ( 'NONE', #1477, #1475, #1378, .T. ) ;
#1795 = CYLINDRICAL_SURFACE ( 'NONE', #608, 0.02952755905511811677 ) ;
#1796 = LINE ( 'NONE', #957, #313 ) ;
#1797 = DIRECTION ( 'NONE',  ( 0.0000000000000000000, 1.000000000000000000, 0.0000000000000000000 ) ) ;
#1798 = ORIENTED_EDGE ( 'NONE', *, *, #1186, .F. ) ;
#1799 = EDGE_LOOP ( 'NONE', ( #1368, #1012, #804, #52 ) ) ;
#1800 = CARTESIAN_POINT ( 'NONE',  ( -0.2982283464566929387, -0.3444881889763780070, -1.376168426808372978E-16 ) ) ;
#1801 = CARTESIAN_POINT ( 'NONE',  ( -0.4212598425196850127, -0.3444881889763780070, -0.1771653543307086243 ) ) ;
#1802 = DIRECTION ( 'NONE',  ( 0.0000000000000000000, 1.927470528863119049E-16, -1.000000000000000000 ) ) ;
#1803 = EDGE_CURVE ( 'NONE', #842, #351, #1466, .T. ) ;
#1804 = EDGE_CURVE ( 'NONE', #1598, #113, #600, .T. ) ;
#1805 = DIRECTION ( 'NONE',  ( 0.0000000000000000000, 2.891205793294684736E-16, -1.000000000000000000 ) ) ;
#1806 = APPROVAL_STATUS ( 'not_yet_approved' ) ;
#1807 = ADVANCED_FACE ( 'NONE', ( #487, #871 ), #891, .F. ) ;
#1808 = VECTOR ( 'NONE', #1449, 39.37007874015748143 ) ;
#1809 = LINE ( 'NONE', #236, #899 ) ;
#1810 = ORIENTED_EDGE ( 'NONE', *, *, #803, .F. ) ;
#1811 = VECTOR ( 'NONE', #215, 39.37007874015748143 ) ;
#1812 = VECTOR ( 'NONE', #1335, 39.37007874015748143 ) ;
#1813 = ORIENTED_EDGE ( 'NONE', *, *, #243, .T. ) ;
#1814 = DIRECTION ( 'NONE',  ( 0.0000000000000000000, 0.0000000000000000000, -1.000000000000000000 ) ) ;
#1815 = DIRECTION ( 'NONE',  ( -1.000000000000000000, -0.0000000000000000000, -0.0000000000000000000 ) ) ;
#1816 = EDGE_LOOP ( 'NONE', ( #963, #1773, #123, #392 ) ) ;
#1817 = CARTESIAN_POINT ( 'NONE',  ( -0.4704724409448818312, -0.1570825963998675190, -0.1929133858267716439 ) ) ;
#1818 = PERSON_AND_ORGANIZATION ( #289, #1759 ) ;
#1819 = DIRECTION ( 'NONE',  ( 1.000000000000000000, 0.0000000000000000000, 0.0000000000000000000 ) ) ;
#1820 = EDGE_CURVE ( 'NONE', #1411, #552, #774, .T. ) ;
#1821 = CC_DESIGN_APPROVAL ( #913, ( #965 ) ) ;
#1822 = ORIENTED_EDGE ( 'NONE', *, *, #827, .F. ) ;
#1823 = PLANE ( 'NONE',  #707 ) ;
#1824 = EDGE_LOOP ( 'NONE', ( #1454, #819, #833, #1095, #1023, #1267, #1642, #513, #115, #446, #786, #1096 ) ) ;
#1825 = DIRECTION ( 'NONE',  ( 1.000000000000000000, 0.0000000000000000000, 0.0000000000000000000 ) ) ;
#1826 = CARTESIAN_POINT ( 'NONE',  ( -0.5322834645669290987, -0.3937007874015748254, 0.05905511811023622659 ) ) ;
#1827 = PERSON_AND_ORGANIZATION ( #289, #1759 ) ;
#1828 = DIRECTION ( 'NONE',  ( 0.0000000000000000000, 0.0000000000000000000, 1.000000000000000000 ) ) ;
ENDSEC;
END-ISO-10303-21;
