ISO-10303-21;
HEADER;
FILE_DESCRIPTION (( 'STEP AP214' ),
    '1' );
FILE_NAME ('Coilcraft-SLC7649S.STEP',
    '2021-02-14T11:18:06',
    ( '' ),
    ( '' ),
    'SwSTEP 2.0',
    'SolidWorks 2020',
    '' );
FILE_SCHEMA (( 'AUTOMOTIVE_DESIGN' ));
ENDSEC;

DATA;
#1 = CARTESIAN_POINT ( 'NONE',  ( -0.1784573379207595734, 4.799999999999999822, 1.112637015126321849 ) ) ;
#2 = CARTESIAN_POINT ( 'NONE',  ( -0.2753856083404692678, 4.800000000000001599, -0.3024272571625370443 ) ) ;
#3 = DIRECTION ( 'NONE',  ( -1.000000000000000000, 0.0000000000000000000, -1.624272917581280413E-16 ) ) ;
#4 = B_SPLINE_CURVE_WITH_KNOTS ( 'NONE', 3,
 ( #1897, #1120, #2608, #4497 ),
 .UNSPECIFIED., .F., .F.,
 ( 4, 4 ),
 ( 0.0000000000000000000, 1.000000000000000000 ),
 .UNSPECIFIED. ) ;
#5 = CARTESIAN_POINT ( 'NONE',  ( 0.6442889946584872130, 4.800000000000000711, -0.2275465372498034211 ) ) ;
#6 = CARTESIAN_POINT ( 'NONE',  ( -1.460979780001809836, 4.799949999999941319, -0.8256882417444055822 ) ) ;
#7 = ORIENTED_EDGE ( 'NONE', *, *, #4815, .T. ) ;
#8 = CARTESIAN_POINT ( 'NONE',  ( -0.2657977636575521996, 4.800000000000001599, 0.2701743891313513335 ) ) ;
#9 = EDGE_LOOP ( 'NONE', ( #1873, #3241, #3991, #3674, #1625, #1047 ) ) ;
#10 = CARTESIAN_POINT ( 'NONE',  ( -1.329545956472398149, 4.799999999999999822, -0.07660735939146387508 ) ) ;
#11 = CARTESIAN_POINT ( 'NONE',  ( 0.1921335088071249864, 4.800000000000000711, -1.027460164475691329 ) ) ;
#12 = PRESENTATION_STYLE_ASSIGNMENT (( #3389 ) ) ;
#13 = SURFACE_STYLE_FILL_AREA ( #4853 ) ;
#14 = ORIENTED_EDGE ( 'NONE', *, *, #4093, .T. ) ;
#15 = CARTESIAN_POINT ( 'NONE',  ( -1.072342239991493917, 4.800000000000000711, -0.3752262082601048321 ) ) ;
#16 = CARTESIAN_POINT ( 'NONE',  ( -0.03682807217072718575, 4.800000000000000711, 0.7386477948269047911 ) ) ;
#17 = EDGE_CURVE ( 'NONE', #3709, #1060, #1871, .T. ) ;
#18 = ORIENTED_EDGE ( 'NONE', *, *, #2148, .F. ) ;
#19 = ORIENTED_EDGE ( 'NONE', *, *, #2175, .T. ) ;
#20 = ORIENTED_EDGE ( 'NONE', *, *, #2023, .T. ) ;
#21 = EDGE_CURVE ( 'NONE', #3937, #424, #4079, .T. ) ;
#22 = CARTESIAN_POINT ( 'NONE',  ( -0.2834262351775907463, 4.799949999999999939, -1.254262387897381092 ) ) ;
#23 = VECTOR ( 'NONE', #4120, 1000.000000000000000 ) ;
#24 = CARTESIAN_POINT ( 'NONE',  ( -1.047727969510655832, 4.799999999999999822, 0.2449758374673119965 ) ) ;
#25 =( NAMED_UNIT ( * ) SI_UNIT ( $, .STERADIAN. ) SOLID_ANGLE_UNIT ( ) );
#26 = CARTESIAN_POINT ( 'NONE',  ( -2.037927031602728700, 4.800000000000000711, -0.5968718885747591463 ) ) ;
#27 = MECHANICAL_DESIGN_GEOMETRIC_PRESENTATION_REPRESENTATION (  '', ( #1385 ), #4598 ) ;
#28 =( LENGTH_UNIT ( ) NAMED_UNIT ( * ) SI_UNIT ( .MILLI., .METRE. ) );
#29 = ORIENTED_EDGE ( 'NONE', *, *, #4182, .T. ) ;
#30 = CARTESIAN_POINT ( 'NONE',  ( 1.602080404633875244, 4.799999999999998934, -0.3512628616775521073 ) ) ;
#31 = ORIENTED_EDGE ( 'NONE', *, *, #1413, .T. ) ;
#32 = CARTESIAN_POINT ( 'NONE',  ( -0.1876871136009269914, 4.800000000000000711, -1.348699997062349221 ) ) ;
#33 = ORIENTED_EDGE ( 'NONE', *, *, #1889, .F. ) ;
#34 = AXIS2_PLACEMENT_3D ( 'NONE', #2520, #4015, #649 ) ;
#35 = CARTESIAN_POINT ( 'NONE',  ( 0.6408248984821263150, 4.799949999999952865, 0.3088001481154861172 ) ) ;
#36 = CARTESIAN_POINT ( 'NONE',  ( 0.1688969648224285247, 4.799949999999999939, -0.3406751878973864334 ) ) ;
#37 =( GEOMETRIC_REPRESENTATION_CONTEXT ( 3 ) GLOBAL_UNCERTAINTY_ASSIGNED_CONTEXT ( ( #4215 ) ) GLOBAL_UNIT_ASSIGNED_CONTEXT ( ( #4382, #4065, #624 ) ) REPRESENTATION_CONTEXT ( 'NONE', 'WORKASPACE' ) );
#38 = ORIENTED_EDGE ( 'NONE', *, *, #916, .T. ) ;
#39 =( NAMED_UNIT ( * ) SI_UNIT ( $, .STERADIAN. ) SOLID_ANGLE_UNIT ( ) );
#40 = CARTESIAN_POINT ( 'NONE',  ( -0.001607323548237504784, 4.799999999999999822, -0.9015026688549134803 ) ) ;
#41 = STYLED_ITEM ( 'NONE', ( #3737 ), #3242 ) ;
#42 = ORIENTED_EDGE ( 'NONE', *, *, #1759, .F. ) ;
#43 = ORIENTED_EDGE ( 'NONE', *, *, #2573, .T. ) ;
#44 = EDGE_CURVE ( 'NONE', #3496, #4102, #2210, .T. ) ;
#45 = VECTOR ( 'NONE', #4315, 1000.000000000000000 ) ;
#46 = CARTESIAN_POINT ( 'NONE',  ( -3.410000000000000586, 4.790000000000000036, 3.174999999999999822 ) ) ;
#47 = CARTESIAN_POINT ( 'NONE',  ( -0.2435184654309628383, 4.799999999999999822, -1.738057344593080922 ) ) ;
#48 = CARTESIAN_POINT ( 'NONE',  ( -1.043027111949363039, 4.800000000000001599, 0.2837945669828212947 ) ) ;
#49 = EDGE_CURVE ( 'NONE', #1293, #833, #3091, .T. ) ;
#50 = DIRECTION ( 'NONE',  ( -1.000000000000000000, 0.0000000000000000000, 0.0000000000000000000 ) ) ;
#51 = CARTESIAN_POINT ( 'NONE',  ( -2.033848765283628346, 4.800000000000001599, -0.4702551586600318134 ) ) ;
#52 = CARTESIAN_POINT ( 'NONE',  ( -0.3017142351775733977, 4.799949999999999939, -0.3841599878973788185 ) ) ;
#53 = ORIENTED_EDGE ( 'NONE', *, *, #1071, .F. ) ;
#54 = CARTESIAN_POINT ( 'NONE',  ( 0.1064386718289023342, 4.799999999999999822, 0.6941942964872931388 ) ) ;
#55 = ORIENTED_EDGE ( 'NONE', *, *, #697, .F. ) ;
#56 = CARTESIAN_POINT ( 'NONE',  ( 0.01202656482241284790, 4.799949999999999939, -0.9665311878973864568 ) ) ;
#57 = ORIENTED_EDGE ( 'NONE', *, *, #946, .F. ) ;
#58 = CARTESIAN_POINT ( 'NONE',  ( -0.03470943517757188457, 4.799949999999999939, -0.2012799878973835221 ) ) ;
#59 = CARTESIAN_POINT ( 'NONE',  ( 0.06263281360126847497, 4.799999999999999822, 0.2639453112688180392 ) ) ;
#60 = CARTESIAN_POINT ( 'NONE',  ( 3.709999999999999964, 4.790000000000000924, 3.174999999999999822 ) ) ;
#61 = ORIENTED_EDGE ( 'NONE', *, *, #3747, .T. ) ;
#62 = CARTESIAN_POINT ( 'NONE',  ( 0.05879203118176806048, 4.800000000000001599, -0.5724725129426929682 ) ) ;
#63 = EDGE_LOOP ( 'NONE', ( #19, #38, #2736, #2004, #2126, #2283, #1119, #1191, #3297, #29, #2204, #4343, #2298, #570, #43, #763 ) ) ;
#64 = PLANE ( 'NONE',  #927 ) ;
#65 = CARTESIAN_POINT ( 'NONE',  ( 0.1583297710724065332, 4.800000000000000711, -1.567061189132545884 ) ) ;
#66 = CARTESIAN_POINT ( 'NONE',  ( 0.007096757925568937010, 4.799999999999999822, 1.763034436540001915 ) ) ;
#67 = VERTEX_POINT ( 'NONE', #706 ) ;
#68 = CARTESIAN_POINT ( 'NONE',  ( 0.2180713648224259782, 4.799949999999999939, -0.4260191878973879076 ) ) ;
#69 = ORIENTED_EDGE ( 'NONE', *, *, #637, .T. ) ;
#70 = CARTESIAN_POINT ( 'NONE',  ( -1.460979780001809836, 4.799949999999941319, -0.002158829979699106259 ) ) ;
#71 = EDGE_CURVE ( 'NONE', #3201, #1964, #4745, .T. ) ;
#72 = CARTESIAN_POINT ( 'NONE',  ( -0.3618614351775378823, 4.799949999999999939, 1.796176012102628006 ) ) ;
#73 = CARTESIAN_POINT ( 'NONE',  ( -0.4583644468636308145, 4.799999999999999822, -1.700204936779252662 ) ) ;
#74 = CARTESIAN_POINT ( 'NONE',  ( -0.2704214351775969249, 4.799949999999999939, -1.699270387897382495 ) ) ;
#75 =( NAMED_UNIT ( * ) PLANE_ANGLE_UNIT ( ) SI_UNIT ( $, .RADIAN. ) );
#76 = EDGE_CURVE ( 'NONE', #3219, #4252, #1990, .T. ) ;
#77 = CARTESIAN_POINT ( 'NONE',  ( -1.550593750590045783, 4.799949999999925332, 0.08308933178500671479 ) ) ;
#78 = LINE ( 'NONE', #2001, #1641 ) ;
#79 = VERTEX_POINT ( 'NONE', #3746 ) ;
#80 = CARTESIAN_POINT ( 'NONE',  ( 0.05104046342230558059, 4.800000000000000711, -0.9579743933061716232 ) ) ;
#81 = B_SPLINE_CURVE_WITH_KNOTS ( 'NONE', 3,
 ( #3415, #1262, #2682, #3761 ),
 .UNSPECIFIED., .F., .F.,
 ( 4, 4 ),
 ( 0.0000000000000000000, 1.000000000000000000 ),
 .UNSPECIFIED. ) ;
#82 = ORIENTED_EDGE ( 'NONE', *, *, #4055, .F. ) ;
#83 = CARTESIAN_POINT ( 'NONE',  ( -0.3179702351775378633, 4.799949999999999939, 1.443014412102624711 ) ) ;
#84 = EDGE_CURVE ( 'NONE', #1856, #4576, #4621, .T. ) ;
#85 = CARTESIAN_POINT ( 'NONE',  ( -2.043011030001809392, 4.799950000000211325, -0.2985742711561698015 ) ) ;
#86 =( NAMED_UNIT ( * ) SI_UNIT ( $, .STERADIAN. ) SOLID_ANGLE_UNIT ( ) );
#87 = CARTESIAN_POINT ( 'NONE',  ( 0.04443618519477416512, 4.800000000000000711, -0.5816848254653468331 ) ) ;
#88 = ORIENTED_EDGE ( 'NONE', *, *, #3817, .F. ) ;
#89 = B_SPLINE_CURVE_WITH_KNOTS ( 'NONE', 3,
 ( #2407, #905, #1591, #3088 ),
 .UNSPECIFIED., .F., .F.,
 ( 4, 4 ),
 ( 0.0000000000000000000, 1.000000000000000000 ),
 .UNSPECIFIED. ) ;
#90 = CARTESIAN_POINT ( 'NONE',  ( -0.09394268048950261962, 4.799999999999999822, 0.9677098263674996925 ) ) ;
#91 = VERTEX_POINT ( 'NONE', #445 ) ;
#92 = CARTESIAN_POINT ( 'NONE',  ( -3.410000000000000586, 4.490000000000000213, 3.474999999999999645 ) ) ;
#93 = DIRECTION ( 'NONE',  ( -0.0000000000000000000, 1.314184451497581259E-16, 1.000000000000000000 ) ) ;
#94 = ORIENTED_EDGE ( 'NONE', *, *, #2471, .F. ) ;
#95 = DIRECTION ( 'NONE',  ( 0.0000000000000000000, 1.000000000000000000, -1.314184451497581259E-16 ) ) ;
#96 = SURFACE_SIDE_STYLE ('',( #3037 ) ) ;
#97 = CARTESIAN_POINT ( 'NONE',  ( 3.709999999999999964, 2.710505431213761085E-17, 3.174999999999999822 ) ) ;
#98 = CARTESIAN_POINT ( 'NONE',  ( -1.046762435299557481, 4.800000000000000711, 0.3529229281299650633 ) ) ;
#99 = CARTESIAN_POINT ( 'NONE',  ( 0.1095625648224445581, 4.799949999999999939, 0.7366912121026160110 ) ) ;
#100 = CARTESIAN_POINT ( 'NONE',  ( -1.095170956472398593, 4.799950000000012373, 0.4590084494320652575 ) ) ;
#101 = VERTEX_POINT ( 'NONE', #1612 ) ;
#102 = DIRECTION ( 'NONE',  ( -0.0000000000000000000, -1.000000000000000000, 0.0000000000000000000 ) ) ;
#103 = CARTESIAN_POINT ( 'NONE',  ( 3.409999999999998810, 4.490000000000000213, -3.475000000000000533 ) ) ;
#104 = EDGE_CURVE ( 'NONE', #2509, #2044, #4858, .T. ) ;
#105 = ORIENTED_EDGE ( 'NONE', *, *, #822, .F. ) ;
#106 = B_SPLINE_CURVE_WITH_KNOTS ( 'NONE', 3,
 ( #1656, #1955, #461, #890 ),
 .UNSPECIFIED., .F., .F.,
 ( 4, 4 ),
 ( 0.0000000000000000000, 1.000000000000000000 ),
 .UNSPECIFIED. ) ;
#107 = CARTESIAN_POINT ( 'NONE',  ( 0.2052537222169083242, 4.800000000000001599, -0.9679760815841867982 ) ) ;
#108 = CARTESIAN_POINT ( 'NONE',  ( -0.008396135331270542998, 4.799999999999998934, 0.2161165259173656594 ) ) ;
#109 = VECTOR ( 'NONE', #1398, 1000.000000000000000 ) ;
#110 = CARTESIAN_POINT ( 'NONE',  ( 1.650000000000000133, 0.0000000000000000000, 1.334999999999999520 ) ) ;
#111 = VERTEX_POINT ( 'NONE', #3796 ) ;
#112 = ORIENTED_EDGE ( 'NONE', *, *, #264, .T. ) ;
#113 = UNCERTAINTY_MEASURE_WITH_UNIT (LENGTH_MEASURE( 1.000000000000000082E-05 ), #4067, 'distance_accuracy_value', 'NONE');
#114 = EDGE_CURVE ( 'NONE', #3026, #1150, #3268, .T. ) ;
#115 = COLOUR_RGB ( '',1.000000000000000000, 1.000000000000000000, 1.000000000000000000 ) ;
#116 = CARTESIAN_POINT ( 'NONE',  ( 0.1042851277261380577, 4.799999999999999822, -1.537984388540830860 ) ) ;
#117 = LINE ( 'NONE', #3177, #2024 ) ;
#118 = ORIENTED_EDGE ( 'NONE', *, *, #3578, .T. ) ;
#119 =( GEOMETRIC_REPRESENTATION_CONTEXT ( 3 ) GLOBAL_UNCERTAINTY_ASSIGNED_CONTEXT ( ( #922 ) ) GLOBAL_UNIT_ASSIGNED_CONTEXT ( ( #3805, #4824, #3757 ) ) REPRESENTATION_CONTEXT ( 'NONE', 'WORKASPACE' ) );
#120 = CARTESIAN_POINT ( 'NONE',  ( 0.2305669280939545429, 4.800000000000001599, -1.157338421329517475 ) ) ;
#121 = EDGE_LOOP ( 'NONE', ( #4180, #3107, #1135, #3547 ) ) ;
#122 = DIRECTION ( 'NONE',  ( 0.0000000000000000000, 0.0000000000000000000, -1.000000000000000000 ) ) ;
#123 = CARTESIAN_POINT ( 'NONE',  ( -2.010739916746147049, 4.800000000000000711, -0.3629081893817681093 ) ) ;
#124 = FILL_AREA_STYLE ('',( #2048 ) ) ;
#125 = PRESENTATION_LAYER_ASSIGNMENT (  '', '', ( #4531 ) ) ;
#126 = CARTESIAN_POINT ( 'NONE',  ( -0.3829006261287405399, 4.800000000000000711, -1.746343577606994213 ) ) ;
#127 = COLOUR_RGB ( '',0.0000000000000000000, 0.0000000000000000000, 0.0000000000000000000 ) ;
#128 = CARTESIAN_POINT ( 'NONE',  ( -1.553810662354751404, 4.799950000000002603, 0.7306077141379477835 ) ) ;
#129 = CARTESIAN_POINT ( 'NONE',  ( 1.650000000000000133, -0.1000000000000000056, 1.335000000000001075 ) ) ;
#130 = EDGE_CURVE ( 'NONE', #1512, #3906, #2455, .T. ) ;
#131 = VERTEX_POINT ( 'NONE', #3531 ) ;
#132 = CARTESIAN_POINT ( 'NONE',  ( -1.553810662354751848, 4.799950000000002603, -0.9164511093914639028 ) ) ;
#133 = CARTESIAN_POINT ( 'NONE',  ( -1.772254289805731631, 4.799999999999999822, 0.8860917827653985723 ) ) ;
#134 = VERTEX_POINT ( 'NONE', #2404 ) ;
#135 = CARTESIAN_POINT ( 'NONE',  ( -0.2609822631469424503, 4.800000000000000711, -1.307446019087562750 ) ) ;
#136 = CARTESIAN_POINT ( 'NONE',  ( -0.4063192528515972013, 4.799999999999999822, 0.6794014429424271029 ) ) ;
#137 = EDGE_CURVE ( 'NONE', #3181, #3496, #1254, .T. ) ;
#138 = CARTESIAN_POINT ( 'NONE',  ( -0.5776598351775620310, 4.799949999999999939, 0.2282848121026260779 ) ) ;
#139 = VERTEX_POINT ( 'NONE', #900 ) ;
#140 = CARTESIAN_POINT ( 'NONE',  ( 0.1891350406269139139, 4.799999999999999822, 0.1496099429650511181 ) ) ;
#141 = ORIENTED_EDGE ( 'NONE', *, *, #1689, .F. ) ;
#142 = LINE ( 'NONE', #1049, #2794 ) ;
#143 = CARTESIAN_POINT ( 'NONE',  ( -0.2594486351775535660, 4.799949999999999939, 0.7175904121026213112 ) ) ;
#144 = EDGE_CURVE ( 'NONE', #4027, #3151, #3429, .T. ) ;
#145 = VERTEX_POINT ( 'NONE', #473 ) ;
#146 = PLANE ( 'NONE',  #4297 ) ;
#147 = ORIENTED_EDGE ( 'NONE', *, *, #2207, .F. ) ;
#148 = B_SPLINE_CURVE_WITH_KNOTS ( 'NONE', 3,
 ( #2616, #1462, #3007, #2549, #2937, #726, #2282, #4880, #3677, #4506, #3371, #1884, #2229, #1146, #1435, #678, #701, #1906, #3327, #2917, #3767 ),
 .UNSPECIFIED., .F., .F.,
 ( 4, 1, 2, 2, 1, 1, 2, 2, 1, 1, 2, 2, 4 ),
 ( 0.0000000000000000000, 0.1250000000000006106, 0.1875000000000009714, 0.2500000000000013323, 0.3750000000000020539, 0.4375000000000024425, 0.4687500000000024425, 0.5000000000000024425, 0.6250000000000027756, 0.6875000000000028866, 0.7187500000000027756, 0.7500000000000025535, 1.000000000000000000 ),
 .UNSPECIFIED. ) ;
#149 = CARTESIAN_POINT ( 'NONE',  ( -0.2570782177402711199, 4.799999999999999822, -0.04765406685515825164 ) ) ;
#150 = CARTESIAN_POINT ( 'NONE',  ( -2.022015477248394255, 4.800000000000000711, 1.181221173978046490 ) ) ;
#151 = SURFACE_STYLE_FILL_AREA ( #124 ) ;
#152 = CARTESIAN_POINT ( 'NONE',  ( -2.019343750590045339, 4.799949999999983064, -0.6172783152738173795 ) ) ;
#153 = CARTESIAN_POINT ( 'NONE',  ( 1.640824898482126759, 4.799949999999705064, 0.3244251481154861727 ) ) ;
#154 = ORIENTED_EDGE ( 'NONE', *, *, #658, .T. ) ;
#155 = FILL_AREA_STYLE ('',( #1677 ) ) ;
#156 = CARTESIAN_POINT ( 'NONE',  ( -2.019343750590045339, 4.799950000000171357, 0.6003227876673596919 ) ) ;
#157 = CARTESIAN_POINT ( 'NONE',  ( -1.648709559413574777, 4.799949999999987504, -0.009281991744405275122 ) ) ;
#158 = LINE ( 'NONE', #4304, #4057 ) ;
#159 = CARTESIAN_POINT ( 'NONE',  ( -1.095170956472398593, 4.799950000000012373, -1.188050374097346484 ) ) ;
#160 = ORIENTED_EDGE ( 'NONE', *, *, #341, .T. ) ;
#161 =( NAMED_UNIT ( * ) PLANE_ANGLE_UNIT ( ) SI_UNIT ( $, .RADIAN. ) );
#162 = ORIENTED_EDGE ( 'NONE', *, *, #4462, .F. ) ;
#163 = UNCERTAINTY_MEASURE_WITH_UNIT (LENGTH_MEASURE( 1.000000000000000082E-05 ), #1386, 'distance_accuracy_value', 'NONE');
#164 = EDGE_CURVE ( 'NONE', #1239, #3130, #510, .T. ) ;
#165 = CARTESIAN_POINT ( 'NONE',  ( -0.1009526351775612424, 4.799949999999999939, 0.4733440121026204483 ) ) ;
#166 = CARTESIAN_POINT ( 'NONE',  ( 0.1870053503419268903, 4.800000000000001599, -0.9176634010996637114 ) ) ;
#167 = ORIENTED_EDGE ( 'NONE', *, *, #4686, .T. ) ;
#168 = CARTESIAN_POINT ( 'NONE',  ( -0.4931286351775657217, 4.799949999999999939, 0.2677056121026236135 ) ) ;
#169 = FACE_OUTER_BOUND ( 'NONE', #2820, .T. ) ;
#170 = ORIENTED_EDGE ( 'NONE', *, *, #3774, .F. ) ;
#171 = ADVANCED_FACE ( 'NONE', ( #1564 ), #3060, .T. ) ;
#172 = CARTESIAN_POINT ( 'NONE',  ( -0.4988182351775560797, 4.799949999999999939, 0.6159904121026270607 ) ) ;
#173 = CARTESIAN_POINT ( 'NONE',  ( -2.019343750590045339, 4.799950000000171357, 0.6003227876673596919 ) ) ;
#174 = DIRECTION ( 'NONE',  ( -0.0000000000000000000, -1.000000000000000000, -0.0000000000000000000 ) ) ;
#175 = LINE ( 'NONE', #2825, #3670 ) ;
#176 = CARTESIAN_POINT ( 'NONE',  ( -2.042845229812629615, 4.799999999999998934, -1.135488317589995244 ) ) ;
#177 = CARTESIAN_POINT ( 'NONE',  ( 1.637420211564930339, 4.800000000000000711, 0.2711103872656611125 ) ) ;
#178 = ORIENTED_EDGE ( 'NONE', *, *, #1539, .F. ) ;
#179 = DIRECTION ( 'NONE',  ( 0.0000000000000000000, 0.0000000000000000000, -1.000000000000000000 ) ) ;
#180 = CARTESIAN_POINT ( 'NONE',  ( -2.040441976244438127, 4.800000000000000711, 1.061845344768122423 ) ) ;
#181 = CARTESIAN_POINT ( 'NONE',  ( -0.4899976741857394180, 4.800000000000000711, 1.587262686089774277 ) ) ;
#182 = CARTESIAN_POINT ( 'NONE',  ( -1.057605873917353945, 4.799999999999998934, -1.199950370682961509 ) ) ;
#183 = AXIS2_PLACEMENT_3D ( 'NONE', #894, #410, #4262 ) ;
#184 = CARTESIAN_POINT ( 'NONE',  ( -0.3496438271685959331, 4.799999999999999822, 1.559366748244304546 ) ) ;
#185 = ORIENTED_EDGE ( 'NONE', *, *, #257, .T. ) ;
#186 = CARTESIAN_POINT ( 'NONE',  ( -0.3281302351775625681, 4.799949999999999939, 0.3022496121026223559 ) ) ;
#187 = ORIENTED_EDGE ( 'NONE', *, *, #1145, .F. ) ;
#188 = AXIS2_PLACEMENT_3D ( 'NONE', #1100, #2589, #4092 ) ;
#189 = CARTESIAN_POINT ( 'NONE',  ( -0.1456289382940935406, 4.800000000000000711, -0.03538215507210087929 ) ) ;
#190 = LINE ( 'NONE', #1367, #3197 ) ;
#191 = EDGE_CURVE ( 'NONE', #554, #1097, #1280, .T. ) ;
#192 =( NAMED_UNIT ( * ) SI_UNIT ( $, .STERADIAN. ) SOLID_ANGLE_UNIT ( ) );
#193 = COLOUR_RGB ( '',0.1882352941176470562, 0.2039215686274509776, 0.2039215686274509776 ) ;
#194 = VERTEX_POINT ( 'NONE', #2337 ) ;
#195 = DIRECTION ( 'NONE',  ( 0.0000000000000000000, -8.792748708711282103E-13, 1.000000000000000000 ) ) ;
#196 = AXIS2_PLACEMENT_3D ( 'NONE', #4832, #1767, #2504 ) ;
#197 = EDGE_CURVE ( 'NONE', #1209, #3326, #853, .T. ) ;
#198 = CARTESIAN_POINT ( 'NONE',  ( -0.4037206351775595725, 4.799949999999999939, 0.3867808121026256041 ) ) ;
#199 = VECTOR ( 'NONE', #828, 1000.000000000000000 ) ;
#200 = DIRECTION ( 'NONE',  ( 0.0000000000000000000, -0.0000000000000000000, 1.000000000000000000 ) ) ;
#201 = CARTESIAN_POINT ( 'NONE',  ( -2.035838701458312805, 4.800000000000001599, -1.180826198820088768 ) ) ;
#202 = CARTESIAN_POINT ( 'NONE',  ( -2.032818760528931623, 4.799999999999998046, -1.056640773811152956 ) ) ;
#203 = COLOUR_RGB ( '',1.000000000000000000, 1.000000000000000000, 1.000000000000000000 ) ;
#204 = EDGE_CURVE ( 'NONE', #506, #774, #4212, .T. ) ;
#205 = VERTEX_POINT ( 'NONE', #70 ) ;
#206 = CARTESIAN_POINT ( 'NONE',  ( -0.2311700877146633804, 4.799999999999999822, -1.857577949744564361 ) ) ;
#207 = PLANE ( 'NONE',  #1467 ) ;
#208 = CARTESIAN_POINT ( 'NONE',  ( -0.004229435177551671421, 4.799949999999999939, 0.9719968121026187902 ) ) ;
#209 = CARTESIAN_POINT ( 'NONE',  ( 0.1067177648224112430, 4.799949999999999939, -1.400159987897387825 ) ) ;
#210 = CARTESIAN_POINT ( 'NONE',  ( -2.028957175318585548, 4.799999999999998934, 0.3574502905830185817 ) ) ;
#211 = ORIENTED_EDGE ( 'NONE', *, *, #1441, .F. ) ;
#212 = DIRECTION ( 'NONE',  ( 0.0000000000000000000, 0.0000000000000000000, 1.000000000000000000 ) ) ;
#213 = ORIENTED_EDGE ( 'NONE', *, *, #3678, .F. ) ;
#214 = UNCERTAINTY_MEASURE_WITH_UNIT (LENGTH_MEASURE( 1.000000000000000082E-05 ), #4108, 'distance_accuracy_value', 'NONE');
#215 = CARTESIAN_POINT ( 'NONE',  ( 0.3877176666861310017, 4.799999999999998934, -1.267568784034363683 ) ) ;
#216 = CARTESIAN_POINT ( 'NONE',  ( -0.3391030351775365381, 4.799949999999999939, 1.542582412102625922 ) ) ;
#217 = CARTESIAN_POINT ( 'NONE',  ( -0.1856853052481416688, 4.799999999999998934, 1.263990533815765094 ) ) ;
#218 = CARTESIAN_POINT ( 'NONE',  ( -3.800000000000000266, 3.299999999999999378, -1.334999999999999742 ) ) ;
#219 = ORIENTED_EDGE ( 'NONE', *, *, #1447, .F. ) ;
#220 = DIRECTION ( 'NONE',  ( 4.824525314445280770E-13, 1.000000000000000000, 8.792748708711282103E-13 ) ) ;
#221 = LINE ( 'NONE', #2868, #2959 ) ;
#222 = CARTESIAN_POINT ( 'NONE',  ( -0.2285622351775803973, 4.799949999999999939, -0.7722719878973812735 ) ) ;
#223 = B_SPLINE_CURVE_WITH_KNOTS ( 'NONE', 3,
 ( #4768, #2141, #1817, #246, #4740, #4811, #4076, #2965 ),
 .UNSPECIFIED., .F., .F.,
 ( 4, 2, 2, 4 ),
 ( 0.0000000000000000000, 0.2499999999999998890, 0.4999999999999997780, 1.000000000000000000 ),
 .UNSPECIFIED. ) ;
#224 = CARTESIAN_POINT ( 'NONE',  ( 0.08964896482243842057, 4.799949999999999939, 0.5570624121026186426 ) ) ;
#225 = ORIENTED_EDGE ( 'NONE', *, *, #3499, .F. ) ;
#226 = EDGE_CURVE ( 'NONE', #785, #372, #2222, .T. ) ;
#227 = CARTESIAN_POINT ( 'NONE',  ( 0.3700649648224110244, 4.799949999999999939, -1.227439987897393392 ) ) ;
#228 = CARTESIAN_POINT ( 'NONE',  ( 0.1022685549163578206, 4.799999999999998934, -1.420914227232512594 ) ) ;
#229 = ORIENTED_EDGE ( 'NONE', *, *, #137, .F. ) ;
#230 = CARTESIAN_POINT ( 'NONE',  ( -0.2695237848009757742, 4.799999999999999822, 1.465260231153089565 ) ) ;
#231 = CARTESIAN_POINT ( 'NONE',  ( -0.4399843831061755473, 4.799999999999999822, 0.5890106044728933288 ) ) ;
#232 = EDGE_CURVE ( 'NONE', #306, #623, #1569, .T. ) ;
#233 = DIRECTION ( 'NONE',  ( 1.000000000000000000, 1.640105481853638670E-32, -1.248002500702738800E-16 ) ) ;
#234 = CARTESIAN_POINT ( 'NONE',  ( -0.2131190351775755776, 4.799949999999999939, -0.3849727878973809303 ) ) ;
#235 = VERTEX_POINT ( 'NONE', #4000 ) ;
#236 = CARTESIAN_POINT ( 'NONE',  ( -1.046415716919000927, 4.799999999999999822, 1.074351776817543014 ) ) ;
#237 = ORIENTED_EDGE ( 'NONE', *, *, #76, .T. ) ;
#238 = CARTESIAN_POINT ( 'NONE',  ( -0.3186412833873963346, 4.799999999999999822, 0.4211645213430965651 ) ) ;
#239 = DIRECTION ( 'NONE',  ( 0.0000000000000000000, -0.0000000000000000000, 1.000000000000000000 ) ) ;
#240 = CARTESIAN_POINT ( 'NONE',  ( 0.2131945648224213841, 4.799949999999999939, -0.7007455878973880559 ) ) ;
#241 = CARTESIAN_POINT ( 'NONE',  ( -0.2895222351775618153, 4.799949999999999939, 0.2599840121026226747 ) ) ;
#242 = ORIENTED_EDGE ( 'NONE', *, *, #3582, .F. ) ;
#243 = B_SPLINE_CURVE_WITH_KNOTS ( 'NONE', 3,
 ( #4353, #3992, #1025, #3645, #4706, #1342, #3252, #3960, #2178 ),
 .UNSPECIFIED., .F., .F.,
 ( 4, 1, 2, 2, 4 ),
 ( 0.0000000000000000000, 0.2499999999999846789, 0.3749999999999812927, 0.4999999999999779066, 1.000000000000000000 ),
 .UNSPECIFIED. ) ;
#244 = CARTESIAN_POINT ( 'NONE',  ( -0.2375637682068516832, 4.800000000000000711, -1.568284902472317999 ) ) ;
#245 = CARTESIAN_POINT ( 'NONE',  ( -0.08297226452355239978, 4.799999999999999822, -1.558159443427910462 ) ) ;
#246 = CARTESIAN_POINT ( 'NONE',  ( -0.3081603782014606940, 4.799999999999998934, 1.536091101326881203 ) ) ;
#247 = CARTESIAN_POINT ( 'NONE',  ( 0.1885032525324791264, 4.800000000000000711, 0.5038450382866840327 ) ) ;
#248 = ORIENTED_EDGE ( 'NONE', *, *, #2615, .T. ) ;
#249 = CARTESIAN_POINT ( 'NONE',  ( -0.1572170253277198060, 4.800000000000000711, -0.4595244643345126612 ) ) ;
#250 = CARTESIAN_POINT ( 'NONE',  ( -2.042023800035496439, 4.799999999999999822, 0.2532479026364734542 ) ) ;
#251 = CARTESIAN_POINT ( 'NONE',  ( 0.1920443261513879174, 4.799999999999999822, -0.8036269625160533669 ) ) ;
#252 = CARTESIAN_POINT ( 'NONE',  ( 0.6499871632003104693, 4.799999999999999822, 0.3735622753175089628 ) ) ;
#253 = SURFACE_SIDE_STYLE ('',( #3727 ) ) ;
#254 =( NAMED_UNIT ( * ) SI_UNIT ( $, .STERADIAN. ) SOLID_ANGLE_UNIT ( ) );
#255 = CARTESIAN_POINT ( 'NONE',  ( 1.588664972011538667, 4.799950000000012373, -0.3442329401198082617 ) ) ;
#256 = ORIENTED_EDGE ( 'NONE', *, *, #2777, .T. ) ;
#257 = EDGE_CURVE ( 'NONE', #723, #4628, #3631, .T. ) ;
#258 = CARTESIAN_POINT ( 'NONE',  ( -0.1055093969007125237, 4.799999999999998934, 0.4623439402130246623 ) ) ;
#259 = ORIENTED_EDGE ( 'NONE', *, *, #3774, .T. ) ;
#260 = CARTESIAN_POINT ( 'NONE',  ( 3.709999999999999964, 2.710505431213761085E-17, 3.174999999999999822 ) ) ;
#261 = UNCERTAINTY_MEASURE_WITH_UNIT (LENGTH_MEASURE( 1.000000000000000082E-05 ), #2548, 'distance_accuracy_value', 'NONE');
#262 = B_SPLINE_CURVE_WITH_KNOTS ( 'NONE', 3,
 ( #1795, #1745, #4772, #2579 ),
 .UNSPECIFIED., .F., .F.,
 ( 4, 4 ),
 ( 0.0000000000000000000, 1.000000000000000000 ),
 .UNSPECIFIED. ) ;
#263 = DIRECTION ( 'NONE',  ( 0.0000000000000000000, -1.000000000000000000, 1.314184451497581259E-16 ) ) ;
#264 = EDGE_CURVE ( 'NONE', #3732, #3326, #1766, .T. ) ;
#265 = CARTESIAN_POINT ( 'NONE',  ( -0.4410205406016594609, 4.799999999999999822, -1.476357164469807248 ) ) ;
#266 = AXIS2_PLACEMENT_3D ( 'NONE', #46, #1203, #122 ) ;
#267 = CARTESIAN_POINT ( 'NONE',  ( -0.2370462800637533896, 4.799999999999999822, -1.563569725912194563 ) ) ;
#268 = LINE ( 'NONE', #3697, #3979 ) ;
#269 = CARTESIAN_POINT ( 'NONE',  ( -0.2358774351775561051, 4.799949999999999939, 0.5135776121026210950 ) ) ;
#270 = ORIENTED_EDGE ( 'NONE', *, *, #1193, .F. ) ;
#271 = CARTESIAN_POINT ( 'NONE',  ( -1.060634814482640742, 4.799999999999999822, -0.4542806452983574328 ) ) ;
#272 = PRESENTATION_LAYER_ASSIGNMENT (  '', '', ( #3116 ) ) ;
#273 = CARTESIAN_POINT ( 'NONE',  ( 0.08761696482245326378, 4.799949999999999939, 1.119926412102618452 ) ) ;
#274 = DIRECTION ( 'NONE',  ( 0.0000000000000000000, 1.000000000000000000, 0.0000000000000000000 ) ) ;
#275 = VECTOR ( 'NONE', #4540, 1000.000000000000000 ) ;
#276 =( NAMED_UNIT ( * ) PLANE_ANGLE_UNIT ( ) SI_UNIT ( $, .RADIAN. ) );
#277 = CARTESIAN_POINT ( 'NONE',  ( 1.617157619070361596, 4.799949999999745920, 0.2437725745860742088 ) ) ;
#278 = CARTESIAN_POINT ( 'NONE',  ( 3.799999999999998934, -0.09999999999999982514, -1.335000000000001075 ) ) ;
#279 = ORIENTED_EDGE ( 'NONE', *, *, #4564, .T. ) ;
#280 = SURFACE_SIDE_STYLE ('',( #4351 ) ) ;
#281 =( GEOMETRIC_REPRESENTATION_CONTEXT ( 3 ) GLOBAL_UNCERTAINTY_ASSIGNED_CONTEXT ( ( #3228 ) ) GLOBAL_UNIT_ASSIGNED_CONTEXT ( ( #312, #3054, #1528 ) ) REPRESENTATION_CONTEXT ( 'NONE', 'WORKASPACE' ) );
#282 = ORIENTED_EDGE ( 'NONE', *, *, #1809, .F. ) ;
#283 = CARTESIAN_POINT ( 'NONE',  ( -0.04648458874777968569, 4.799999999999999822, 0.1150885203395081852 ) ) ;
#284 = B_SPLINE_CURVE_WITH_KNOTS ( 'NONE', 3,
 ( #667, #4349, #2130, #3620, #3569, #4751, #4377, #2151 ),
 .UNSPECIFIED., .F., .F.,
 ( 4, 2, 2, 4 ),
 ( 0.0000000000000000000, 0.2499999999999991118, 0.4999999999999982236, 1.000000000000000000 ),
 .UNSPECIFIED. ) ;
#285 = CARTESIAN_POINT ( 'NONE',  ( -3.410000000000000586, 0.2999999999999999334, 3.474999999999999645 ) ) ;
#286 = EDGE_CURVE ( 'NONE', #424, #111, #933, .T. ) ;
#287 = DIRECTION ( 'NONE',  ( -0.0000000000000000000, -1.000000000000000000, -0.0000000000000000000 ) ) ;
#288 = VECTOR ( 'NONE', #2563, 1000.000000000000000 ) ;
#289 = CARTESIAN_POINT ( 'NONE',  ( -0.5922902351775602980, 4.799949999999999939, 0.2827424121026270720 ) ) ;
#290 = CARTESIAN_POINT ( 'NONE',  ( -1.047516427547808382, 4.800000000000000711, 1.179256342714553707 ) ) ;
#291 = VERTEX_POINT ( 'NONE', #3650 ) ;
#292 = PRESENTATION_STYLE_ASSIGNMENT (( #2527 ) ) ;
#293 = B_SPLINE_CURVE_WITH_KNOTS ( 'NONE', 3,
 ( #4582, #1321, #2357, #3821 ),
 .UNSPECIFIED., .F., .F.,
 ( 4, 4 ),
 ( 0.0000000000000000000, 1.000000000000000000 ),
 .UNSPECIFIED. ) ;
#294 = FILL_AREA_STYLE_COLOUR ( '', #3279 ) ;
#295 = VERTEX_POINT ( 'NONE', #3555 ) ;
#296 = CARTESIAN_POINT ( 'NONE',  ( -3.410000000000000586, 0.2999999999999999334, 3.474999999999999645 ) ) ;
#297 = CARTESIAN_POINT ( 'NONE',  ( 0.6418121284484390454, 4.799999999999999822, 0.2735359248493458573 ) ) ;
#298 = CARTESIAN_POINT ( 'NONE',  ( -0.1164841830036568160, 4.799999999999999822, -0.3854498661582564378 ) ) ;
#299 = CARTESIAN_POINT ( 'NONE',  ( -0.1960502351775472718, 4.799949999999999939, 1.005728012102623525 ) ) ;
#300 = B_SPLINE_CURVE_WITH_KNOTS ( 'NONE', 3,
 ( #1977, #2438, #133, #1598 ),
 .UNSPECIFIED., .F., .F.,
 ( 4, 4 ),
 ( 0.0000000000000000000, 1.000000000000000000 ),
 .UNSPECIFIED. ) ;
#301 = FACE_OUTER_BOUND ( 'NONE', #4717, .T. ) ;
#302 = CARTESIAN_POINT ( 'NONE',  ( -0.5577462351775922533, 4.799949999999999939, -1.427388787897378331 ) ) ;
#303 = LINE ( 'NONE', #1824, #4612 ) ;
#304 = ORIENTED_EDGE ( 'NONE', *, *, #752, .F. ) ;
#305 = CARTESIAN_POINT ( 'NONE',  ( 0.1095625648224445581, 4.799949999999999939, 0.7366912121026160110 ) ) ;
#306 = VERTEX_POINT ( 'NONE', #1788 ) ;
#307 = CARTESIAN_POINT ( 'NONE',  ( 2.065000000000000391, 4.799999999999999822, -2.564999999999999503 ) ) ;
#308 = LINE ( 'NONE', #3276, #4131 ) ;
#309 = CARTESIAN_POINT ( 'NONE',  ( -0.07964644987671702647, 4.800000000000000711, 0.9108313757312537229 ) ) ;
#310 = B_SPLINE_CURVE_WITH_KNOTS ( 'NONE', 3,
 ( #3778, #1570, #782, #1517, #1916, #1892, #3407, #3381, #4155, #3801, #3854 ),
 .UNSPECIFIED., .F., .F.,
 ( 4, 2, 1, 2, 2, 4 ),
 ( 0.0000000000000000000, 0.2500000000000149880, 0.3750000000000159317, 0.4375000000000142109, 0.5000000000000125455, 1.000000000000000000 ),
 .UNSPECIFIED. ) ;
#311 =( NAMED_UNIT ( * ) SI_UNIT ( $, .STERADIAN. ) SOLID_ANGLE_UNIT ( ) );
#312 =( LENGTH_UNIT ( ) NAMED_UNIT ( * ) SI_UNIT ( .MILLI., .METRE. ) );
#313 = VERTEX_POINT ( 'NONE', #1393 ) ;
#314 =( NAMED_UNIT ( * ) SI_UNIT ( $, .STERADIAN. ) SOLID_ANGLE_UNIT ( ) );
#315 =( NAMED_UNIT ( * ) SI_UNIT ( $, .STERADIAN. ) SOLID_ANGLE_UNIT ( ) );
#316 = CARTESIAN_POINT ( 'NONE',  ( -1.772254289805731631, 4.799999999999999822, -0.08059020252871892942 ) ) ;
#317 = CARTESIAN_POINT ( 'NONE',  ( 0.0000000000000000000, 4.790000000000000036, -2.564999999999998614 ) ) ;
#318 = VERTEX_POINT ( 'NONE', #2894 ) ;
#319 = EDGE_CURVE ( 'NONE', #2493, #1608, #3285, .T. ) ;
#320 = CARTESIAN_POINT ( 'NONE',  ( 0.2024088567250574566, 4.799999999999998934, 0.7330230452403615482 ) ) ;
#321 = DIRECTION ( 'NONE',  ( 0.0000000000000000000, 0.0000000000000000000, 1.000000000000000000 ) ) ;
#322 = CARTESIAN_POINT ( 'NONE',  ( -2.042319464233488979, 4.800000000000001599, -1.088532691097385818 ) ) ;
#323 = ADVANCED_FACE ( 'NONE', ( #2822 ), #3579, .T. ) ;
#324 = FACE_OUTER_BOUND ( 'NONE', #1605, .T. ) ;
#325 = CARTESIAN_POINT ( 'NONE',  ( -2.043011030001809836, 4.799949999999952865, -0.5350172858620525496 ) ) ;
#326 = B_SPLINE_CURVE_WITH_KNOTS ( 'NONE', 3,
 ( #1089, #4082, #709, #2214, #3334, #4490 ),
 .UNSPECIFIED., .F., .F.,
 ( 4, 2, 4 ),
 ( 0.0000000000000000000, 0.5000000000000000000, 1.000000000000000000 ),
 .UNSPECIFIED. ) ;
#327 = CARTESIAN_POINT ( 'NONE',  ( -3.800000000000000266, 0.0000000000000000000, 0.0000000000000000000 ) ) ;
#328 = CARTESIAN_POINT ( 'NONE',  ( -1.049357843277563207, 4.799999999999999822, 0.2406173572112147163 ) ) ;
#329 = ORIENTED_EDGE ( 'NONE', *, *, #984, .F. ) ;
#330 = PLANE ( 'NONE',  #618 ) ;
#331 = ORIENTED_EDGE ( 'NONE', *, *, #3792, .F. ) ;
#332 = CARTESIAN_POINT ( 'NONE',  ( 3.799999999999998934, 3.299999999999999822, -1.335000000000000631 ) ) ;
#333 = CARTESIAN_POINT ( 'NONE',  ( -1.649999999999999467, 3.299999999999999822, 1.335000000000000187 ) ) ;
#334 = FILL_AREA_STYLE_COLOUR ( '', #1012 ) ;
#335 = ORIENTED_EDGE ( 'NONE', *, *, #671, .T. ) ;
#336 = ORIENTED_EDGE ( 'NONE', *, *, #4394, .T. ) ;
#337 = DIRECTION ( 'NONE',  ( 0.0000000000000000000, 0.0000000000000000000, -1.000000000000000000 ) ) ;
#338 = ORIENTED_EDGE ( 'NONE', *, *, #1243, .T. ) ;
#339 = CARTESIAN_POINT ( 'NONE',  ( -0.1285353638036341728, 4.799999999999999822, -1.221178508465748047 ) ) ;
#340 = CARTESIAN_POINT ( 'NONE',  ( -0.1161833604289139871, 4.800000000000000711, -1.640797910768733603 ) ) ;
#341 = EDGE_CURVE ( 'NONE', #3604, #1681, #2166, .T. ) ;
#342 = CARTESIAN_POINT ( 'NONE',  ( -1.990851103531222410, 4.799950000000221983, -0.3534915505679346315 ) ) ;
#343 = FILL_AREA_STYLE_COLOUR ( '', #1954 ) ;
#344 = AXIS2_PLACEMENT_3D ( 'NONE', #1811, #287, #3345 ) ;
#345 = CARTESIAN_POINT ( 'NONE',  ( 0.1274441648224551582, 4.799949999999999939, 1.392214412102615873 ) ) ;
#346 = EDGE_CURVE ( 'NONE', #3083, #4823, #3795, .T. ) ;
#347 = DIRECTION ( 'NONE',  ( -0.0000000000000000000, -1.624272917581280166E-16, 1.000000000000000000 ) ) ;
#348 = B_SPLINE_CURVE_WITH_KNOTS ( 'NONE', 3,
 ( #1868, #3358, #4865, #345 ),
 .UNSPECIFIED., .F., .F.,
 ( 4, 4 ),
 ( 0.0000000000000000000, 1.000000000000000000 ),
 .UNSPECIFIED. ) ;
#349 = VERTEX_POINT ( 'NONE', #1008 ) ;
#350 = CARTESIAN_POINT ( 'NONE',  ( 0.01404987145445756209, 4.800000000000000711, -1.253590049868681611 ) ) ;
#351 = VERTEX_POINT ( 'NONE', #4074 ) ;
#352 = CARTESIAN_POINT ( 'NONE',  ( 0.1376041648224399228, 4.799949999999999939, 0.3823104121026146274 ) ) ;
#353 = COLOUR_RGB ( '',1.000000000000000000, 1.000000000000000000, 1.000000000000000000 ) ;
#354 = CARTESIAN_POINT ( 'NONE',  ( -0.4902838351775601344, 4.799949999999999939, 0.4066944121026247472 ) ) ;
#355 = CARTESIAN_POINT ( 'NONE',  ( -0.2503937100423652695, 4.800000000000000711, -1.469195404079238987 ) ) ;
#356 = STYLED_ITEM ( 'NONE', ( #1561 ), #3939 ) ;
#357 = CARTESIAN_POINT ( 'NONE',  ( 0.1109605883957244382, 4.799999999999999822, 1.797669648068145332 ) ) ;
#358 = CARTESIAN_POINT ( 'NONE',  ( 0.1480701172646348429, 4.800000000000000711, -0.5772047600792459265 ) ) ;
#359 = ORIENTED_EDGE ( 'NONE', *, *, #1908, .T. ) ;
#360 = CARTESIAN_POINT ( 'NONE',  ( 0.1754505208273588468, 4.799999999999999822, -0.6430604395744936586 ) ) ;
#361 = MECHANICAL_DESIGN_GEOMETRIC_PRESENTATION_REPRESENTATION (  '', ( #771 ), #4305 ) ;
#362 =( LENGTH_UNIT ( ) NAMED_UNIT ( * ) SI_UNIT ( .MILLI., .METRE. ) );
#363 = VERTEX_POINT ( 'NONE', #3350 ) ;
#364 = DIRECTION ( 'NONE',  ( 1.000000000000000000, -0.0000000000000000000, 0.0000000000000000000 ) ) ;
#365 = ORIENTED_EDGE ( 'NONE', *, *, #319, .F. ) ;
#366 = CARTESIAN_POINT ( 'NONE',  ( -0.03607602994921871309, 4.799999999999999822, -1.188780214193736695 ) ) ;
#367 = DIRECTION ( 'NONE',  ( 0.0000000000000000000, -0.0000000000000000000, 1.000000000000000000 ) ) ;
#368 = PRESENTATION_STYLE_ASSIGNMENT (( #3749 ) ) ;
#369 = EDGE_CURVE ( 'NONE', #2131, #554, #148, .T. ) ;
#370 = CARTESIAN_POINT ( 'NONE',  ( 0.1067177648224094944, 4.799949999999999939, -1.633433587897385575 ) ) ;
#371 = CARTESIAN_POINT ( 'NONE',  ( -0.1842485599745727898, 4.799999999999999822, -1.841697160926638821 ) ) ;
#372 = VERTEX_POINT ( 'NONE', #3696 ) ;
#373 = CARTESIAN_POINT ( 'NONE',  ( -0.2330326351775452998, 4.799949999999999939, 1.178041612102624924 ) ) ;
#374 = VERTEX_POINT ( 'NONE', #4146 ) ;
#375 = CARTESIAN_POINT ( 'NONE',  ( -1.066678309413574999, 4.799949999999942207, -0.2255044182149935350 ) ) ;
#376 = EDGE_CURVE ( 'NONE', #3443, #3438, #1080, .T. ) ;
#377 = VERTEX_POINT ( 'NONE', #772 ) ;
#378 = CARTESIAN_POINT ( 'NONE',  ( 0.08964896482243842057, 4.799949999999999939, 0.5570624121026186426 ) ) ;
#379 = CARTESIAN_POINT ( 'NONE',  ( -0.07256204611998397225, 4.799999999999999822, 0.9543276675242066132 ) ) ;
#380 = FACE_OUTER_BOUND ( 'NONE', #2304, .T. ) ;
#381 = ORIENTED_EDGE ( 'NONE', *, *, #3333, .T. ) ;
#382 = CARTESIAN_POINT ( 'NONE',  ( 0.2180713648224259782, 4.799949999999999939, -0.4260191878973879076 ) ) ;
#383 = ORIENTED_EDGE ( 'NONE', *, *, #4543, .F. ) ;
#384 = CARTESIAN_POINT ( 'NONE',  ( -0.1229851956296203752, 4.799999999999999822, -0.2712103786067596722 ) ) ;
#385 = ADVANCED_FACE ( 'NONE', ( #386 ), #1858, .F. ) ;
#386 = FACE_OUTER_BOUND ( 'NONE', #863, .T. ) ;
#387 = ORIENTED_EDGE ( 'NONE', *, *, #2984, .T. ) ;
#388 = PLANE ( 'NONE',  #1636 ) ;
#389 = ORIENTED_EDGE ( 'NONE', *, *, #1088, .F. ) ;
#390 = ORIENTED_EDGE ( 'NONE', *, *, #4630, .T. ) ;
#391 = CARTESIAN_POINT ( 'NONE',  ( -0.5101685849648529558, 4.799999999999999822, 1.692599484415698630 ) ) ;
#392 = B_SPLINE_CURVE_WITH_KNOTS ( 'NONE', 3,
 ( #1896, #715, #3384, #2220 ),
 .UNSPECIFIED., .F., .F.,
 ( 4, 4 ),
 ( 0.0000000000000000000, 1.000000000000000000 ),
 .UNSPECIFIED. ) ;
#393 = CARTESIAN_POINT ( 'NONE',  ( 0.1811101832546329338, 4.800000000000000711, 1.281876738159094975 ) ) ;
#394 = CARTESIAN_POINT ( 'NONE',  ( -0.4711830351775917469, 4.799949999999999939, -1.469654387897377346 ) ) ;
#395 = CARTESIAN_POINT ( 'NONE',  ( -0.09810783517755562733, 4.799949999999999939, 0.8610496121026193217 ) ) ;
#396 = EDGE_CURVE ( 'NONE', #2327, #2382, #4464, .T. ) ;
#397 = ORIENTED_EDGE ( 'NONE', *, *, #731, .F. ) ;
#398 = LINE ( 'NONE', #4822, #288 ) ;
#399 = EDGE_LOOP ( 'NONE', ( #2759, #4430, #3784, #3288 ) ) ;
#400 = DIRECTION ( 'NONE',  ( -0.0000000000000000000, -1.000000000000000000, -0.0000000000000000000 ) ) ;
#401 = ORIENTED_EDGE ( 'NONE', *, *, #2089, .F. ) ;
#402 = B_SPLINE_CURVE_WITH_KNOTS ( 'NONE', 3,
 ( #560, #3560, #4003, #2142 ),
 .UNSPECIFIED., .F., .F.,
 ( 4, 4 ),
 ( 0.0000000000000000000, 1.000000000000000000 ),
 .UNSPECIFIED. ) ;
#403 = FILL_AREA_STYLE_COLOUR ( '', #4051 ) ;
#404 = CARTESIAN_POINT ( 'NONE',  ( -0.2257174351775678989, 4.799949999999999939, 0.06166081210262067125 ) ) ;
#405 = EDGE_CURVE ( 'NONE', #4012, #1236, #2622, .T. ) ;
#406 = FILL_AREA_STYLE ('',( #2660 ) ) ;
#407 = CARTESIAN_POINT ( 'NONE',  ( -1.054367572998755609, 4.799999999999998934, 1.191376639535602466 ) ) ;
#408 = VERTEX_POINT ( 'NONE', #1107 ) ;
#409 = PRESENTATION_STYLE_ASSIGNMENT (( #2664 ) ) ;
#410 = DIRECTION ( 'NONE',  ( -0.0000000000000000000, -1.000000000000000000, -0.0000000000000000000 ) ) ;
#411 = ORIENTED_EDGE ( 'NONE', *, *, #3127, .T. ) ;
#412 = FACE_OUTER_BOUND ( 'NONE', #2066, .T. ) ;
#413 = ORIENTED_EDGE ( 'NONE', *, *, #3427, .F. ) ;
#414 = B_SPLINE_CURVE_WITH_KNOTS ( 'NONE', 3,
 ( #4568, #458, #864, #3096, #2779, #1238, #3468, #913, #3442 ),
 .UNSPECIFIED., .F., .F.,
 ( 4, 1, 2, 2, 4 ),
 ( 0.0000000000000000000, 0.2499999999999952260, 0.3749999999999961142, 0.4999999999999970024, 1.000000000000000000 ),
 .UNSPECIFIED. ) ;
#415 = CARTESIAN_POINT ( 'NONE',  ( 0.01092652829087857602, 4.799999999999998934, 0.9856642434446846179 ) ) ;
#416 = FILL_AREA_STYLE_COLOUR ( '', #3734 ) ;
#417 =( GEOMETRIC_REPRESENTATION_CONTEXT ( 3 ) GLOBAL_UNCERTAINTY_ASSIGNED_CONTEXT ( ( #4408 ) ) GLOBAL_UNIT_ASSIGNED_CONTEXT ( ( #362, #3305, #315 ) ) REPRESENTATION_CONTEXT ( 'NONE', 'WORKASPACE' ) );
#418 = CARTESIAN_POINT ( 'NONE',  ( -0.1631540927651234096, 4.799999999999999822, 0.7691689969918863445 ) ) ;
#419 = LINE ( 'NONE', #3461, #4463 ) ;
#420 = B_SPLINE_CURVE_WITH_KNOTS ( 'NONE', 3,
 ( #3306, #316, #3679, #631 ),
 .UNSPECIFIED., .F., .F.,
 ( 4, 4 ),
 ( 0.0000000000000000000, 1.000000000000000000 ),
 .UNSPECIFIED. ) ;
#421 = FILL_AREA_STYLE ('',( #2367 ) ) ;
#422 = PRESENTATION_LAYER_ASSIGNMENT (  '', '', ( #4682 ) ) ;
#423 = ORIENTED_EDGE ( 'NONE', *, *, #1931, .F. ) ;
#424 = VERTEX_POINT ( 'NONE', #2255 ) ;
#425 = CARTESIAN_POINT ( 'NONE',  ( -0.1957328464753883002, 4.800000000000000711, -1.355046196829924332 ) ) ;
#426 = ORIENTED_EDGE ( 'NONE', *, *, #606, .F. ) ;
#427 = VECTOR ( 'NONE', #1081, 1000.000000000000000 ) ;
#428 = CARTESIAN_POINT ( 'NONE',  ( 0.1977513648224443199, 4.799949999999999939, 0.7220608121026140802 ) ) ;
#429 = CARTESIAN_POINT ( 'NONE',  ( -0.02198727189671203716, 4.800000000000000711, 0.2084612181034820044 ) ) ;
#430 = CARTESIAN_POINT ( 'NONE',  ( -0.5846484700211314056, 4.800000000000001599, 1.467153116486011655 ) ) ;
#431 = ORIENTED_EDGE ( 'NONE', *, *, #552, .F. ) ;
#432 = CARTESIAN_POINT ( 'NONE',  ( 0.1661472082658982385, 4.800000000000001599, 0.1679177788743892175 ) ) ;
#433 = ORIENTED_EDGE ( 'NONE', *, *, #104, .T. ) ;
#434 = B_SPLINE_CURVE_WITH_KNOTS ( 'NONE', 3,
 ( #3753, #371, #3016, #4177, #804, #4230, #1594, #1159, #3092 ),
 .UNSPECIFIED., .F., .F.,
 ( 4, 1, 2, 2, 4 ),
 ( 0.0000000000000000000, 0.2500000000000008882, 0.3750000000000013323, 0.5000000000000017764, 1.000000000000000000 ),
 .UNSPECIFIED. ) ;
#435 = FACE_OUTER_BOUND ( 'NONE', #953, .T. ) ;
#436 = EDGE_CURVE ( 'NONE', #1452, #509, #3328, .T. ) ;
#437 = CARTESIAN_POINT ( 'NONE',  ( -0.1667894351775819628, 4.799949999999999939, -0.8913471878973822093 ) ) ;
#438 = CARTESIAN_POINT ( 'NONE',  ( -0.1610998351775673743, 4.799949999999999939, -0.03140478789737978504 ) ) ;
#439 = AXIS2_PLACEMENT_3D ( 'NONE', #3425, #364, #3769 ) ;
#440 = VERTEX_POINT ( 'NONE', #1268 ) ;
#441 = CARTESIAN_POINT ( 'NONE',  ( -0.2887094351775726375, 4.799949999999999939, -0.3077567878973777038 ) ) ;
#442 = ORIENTED_EDGE ( 'NONE', *, *, #1122, .T. ) ;
#443 =( GEOMETRIC_REPRESENTATION_CONTEXT ( 3 ) GLOBAL_UNCERTAINTY_ASSIGNED_CONTEXT ( ( #2838 ) ) GLOBAL_UNIT_ASSIGNED_CONTEXT ( ( #1970, #4541, #25 ) ) REPRESENTATION_CONTEXT ( 'NONE', 'WORKASPACE' ) );
#444 = EDGE_CURVE ( 'NONE', #544, #3330, #3500, .T. ) ;
#445 = CARTESIAN_POINT ( 'NONE',  ( -0.1858902351775416628, 4.799949999999999939, 1.448704012102621119 ) ) ;
#446 = CARTESIAN_POINT ( 'NONE',  ( 1.639652196374207671, 4.799999999999999822, -0.2466887764218533563 ) ) ;
#447 = CARTESIAN_POINT ( 'NONE',  ( -0.1793878351775933522, 4.799949999999999939, -1.502166387897384325 ) ) ;
#448 = CARTESIAN_POINT ( 'NONE',  ( 0.2458218827713187227, 4.799999999999999822, -1.377553794002360332 ) ) ;
#449 =( NAMED_UNIT ( * ) PLANE_ANGLE_UNIT ( ) SI_UNIT ( $, .RADIAN. ) );
#450 = EDGE_CURVE ( 'NONE', #2930, #2133, #633, .T. ) ;
#451 =( BOUNDED_CURVE ( )  B_SPLINE_CURVE ( 3, ( #103, #1309, #508, #4300 ),
 .UNSPECIFIED., .F., .T. ) 
 B_SPLINE_CURVE_WITH_KNOTS ( ( 4, 4 ),
 ( 1.570796326794896558, 3.141592653589793116 ),
 .UNSPECIFIED. ) 
 CURVE ( )  GEOMETRIC_REPRESENTATION_ITEM ( )  RATIONAL_B_SPLINE_CURVE ( ( 1.000000000000000000, 0.8047378541243649375, 0.8047378541243649375, 1.000000000000000000 ) ) 
 REPRESENTATION_ITEM ( '' )  );
#452 = ADVANCED_BREP_SHAPE_REPRESENTATION ( 'Coilcraft-SLC7649S', ( #1744, #538 ), #2972 ) ;
#453 = CARTESIAN_POINT ( 'NONE',  ( -1.553810662354751404, 4.799950000000002603, 0.7306077141379477835 ) ) ;
#454 = CARTESIAN_POINT ( 'NONE',  ( -1.066678309413574999, 4.799949999999942207, -1.049033829979699517 ) ) ;
#455 = ORIENTED_EDGE ( 'NONE', *, *, #197, .F. ) ;
#456 = CARTESIAN_POINT ( 'NONE',  ( -0.4748406351775969481, 4.799949999999999939, -1.767545587897377368 ) ) ;
#457 = ORIENTED_EDGE ( 'NONE', *, *, #780, .F. ) ;
#458 = CARTESIAN_POINT ( 'NONE',  ( 0.1357212364153874418, 4.800000000000000711, -0.8778404833470799806 ) ) ;
#459 = ORIENTED_EDGE ( 'NONE', *, *, #1343, .T. ) ;
#460 = CARTESIAN_POINT ( 'NONE',  ( -0.1707372360279272860, 4.799999999999999822, -1.520363244328412522 ) ) ;
#461 = CARTESIAN_POINT ( 'NONE',  ( 0.8397372759331065417, 4.799999999999999822, 0.2775501481154860062 ) ) ;
#462 = VERTEX_POINT ( 'NONE', #4189 ) ;
#463 = CARTESIAN_POINT ( 'NONE',  ( 0.1216535037558861415, 4.799999999999998934, -0.5116960699952284308 ) ) ;
#464 = VERTEX_POINT ( 'NONE', #1246 ) ;
#465 = UNCERTAINTY_MEASURE_WITH_UNIT (LENGTH_MEASURE( 1.000000000000000082E-05 ), #1424, 'distance_accuracy_value', 'NONE');
#466 = CARTESIAN_POINT ( 'NONE',  ( 0.1233142784591382268, 4.799999999999998934, -1.548995235074712262 ) ) ;
#467 = CARTESIAN_POINT ( 'NONE',  ( -0.1447417235226016452, 4.799999999999999822, 1.589448240153867431 ) ) ;
#468 = ORIENTED_EDGE ( 'NONE', *, *, #1329, .T. ) ;
#469 = CARTESIAN_POINT ( 'NONE',  ( 0.1688969648224285247, 4.799949999999999939, -0.3406751878973864334 ) ) ;
#470 = EDGE_CURVE ( 'NONE', #1412, #2493, #3726, .T. ) ;
#471 = SURFACE_STYLE_USAGE ( .BOTH. , #875 ) ;
#472 = ORIENTED_EDGE ( 'NONE', *, *, #4869, .F. ) ;
#473 = CARTESIAN_POINT ( 'NONE',  ( 0.1010281648224607698, 4.799949999999999939, 1.341008012102617331 ) ) ;
#474 = CARTESIAN_POINT ( 'NONE',  ( 0.0000000000000000000, -0.1000000000000000056, 0.0000000000000000000 ) ) ;
#475 = EDGE_CURVE ( 'NONE', #3517, #3331, #1002, .T. ) ;
#476 = CARTESIAN_POINT ( 'NONE',  ( 0.04965615421550487185, 4.799999999999999822, 1.269693667966398376 ) ) ;
#477 = CARTESIAN_POINT ( 'NONE',  ( 0.1948943155543172712, 4.800000000000000711, 1.268017554356315912 ) ) ;
#478 = CARTESIAN_POINT ( 'NONE',  ( 0.1632073648224312556, 4.799949999999999939, -0.1008991878973875267 ) ) ;
#479 = DIRECTION ( 'NONE',  ( -4.200298973309469722E-16, 0.0000000000000000000, -1.000000000000000000 ) ) ;
#480 = CARTESIAN_POINT ( 'NONE',  ( -1.198112132942986463, 4.799999999999999822, -0.9745853005679347980 ) ) ;
#481 = EDGE_CURVE ( 'NONE', #2474, #1527, #2521, .T. ) ;
#482 = VERTEX_POINT ( 'NONE', #1606 ) ;
#483 = CARTESIAN_POINT ( 'NONE',  ( 0.1306953648224206677, 4.799949999999999939, -0.7389471878973862262 ) ) ;
#484 = ORIENTED_EDGE ( 'NONE', *, *, #2947, .F. ) ;
#485 = CARTESIAN_POINT ( 'NONE',  ( -0.4740278351775401577, 4.799949999999999939, 1.450329612102629007 ) ) ;
#486 = ORIENTED_EDGE ( 'NONE', *, *, #4661, .F. ) ;
#487 = CARTESIAN_POINT ( 'NONE',  ( 0.1741774367004518820, 4.800000000000000711, 0.6694302483118124147 ) ) ;
#488 = CARTESIAN_POINT ( 'NONE',  ( -0.5849017244209314681, 4.800000000000000711, 1.562798512251334593 ) ) ;
#489 = ORIENTED_EDGE ( 'NONE', *, *, #1420, .T. ) ;
#490 = SURFACE_STYLE_FILL_AREA ( #4117 ) ;
#491 = ORIENTED_EDGE ( 'NONE', *, *, #877, .T. ) ;
#492 = CARTESIAN_POINT ( 'NONE',  ( 0.1498787039141005750, 4.799999999999999822, -1.561821840209012713 ) ) ;
#493 = CARTESIAN_POINT ( 'NONE',  ( -0.1204210345172546937, 4.799999999999998934, 1.784028689147598712 ) ) ;
#494 = VERTEX_POINT ( 'NONE', #3816 ) ;
#495 = CARTESIAN_POINT ( 'NONE',  ( -0.3281302351775625681, 4.799949999999999939, 0.3022496121026223559 ) ) ;
#496 = ORIENTED_EDGE ( 'NONE', *, *, #2831, .F. ) ;
#497 = CARTESIAN_POINT ( 'NONE',  ( -1.699490809413575443, 4.799999999999999822, -1.003307727038522668 ) ) ;
#498 = EDGE_CURVE ( 'NONE', #509, #4847, #1751, .T. ) ;
#499 = CARTESIAN_POINT ( 'NONE',  ( -2.043011030001809392, 4.799950000000211325, 0.5249551406085357641 ) ) ;
#500 = CARTESIAN_POINT ( 'NONE',  ( -0.4606049373361345012, 4.800000000000001599, 0.3493047710819143781 ) ) ;
#501 = CARTESIAN_POINT ( 'NONE',  ( 0.4074537648224088038, 4.799949999999999939, -1.327414387897394521 ) ) ;
#502 = CARTESIAN_POINT ( 'NONE',  ( 0.1751688357525307549, 4.800000000000000711, -0.08260517353370600002 ) ) ;
#503 = EDGE_CURVE ( 'NONE', #4666, #4580, #3154, .T. ) ;
#504 = CARTESIAN_POINT ( 'NONE',  ( -2.039113777248817261, 4.800000000000000711, -1.170705806177712693 ) ) ;
#505 = CARTESIAN_POINT ( 'NONE',  ( 1.638766348614817403, 4.800000000000001599, 0.2789091123405641470 ) ) ;
#506 = VERTEX_POINT ( 'NONE', #3131 ) ;
#507 = CARTESIAN_POINT ( 'NONE',  ( -1.550593750590045783, 4.799949999999925332, -0.7404400799796992949 ) ) ;
#508 = CARTESIAN_POINT ( 'NONE',  ( 3.709999999999997744, 4.790000000000000036, -3.350735931288072234 ) ) ;
#509 = VERTEX_POINT ( 'NONE', #2787 ) ;
#510 = B_SPLINE_CURVE_WITH_KNOTS ( 'NONE', 3,
 ( #3112, #2744, #2716, #3825 ),
 .UNSPECIFIED., .F., .F.,
 ( 4, 4 ),
 ( 0.0000000000000000000, 1.000000000000000000 ),
 .UNSPECIFIED. ) ;
#511 = CARTESIAN_POINT ( 'NONE',  ( -0.2395350351775856201, 4.799949999999999939, -1.011235187897380428 ) ) ;
#512 = CARTESIAN_POINT ( 'NONE',  ( -0.01783886829562143436, 4.799999999999998934, 0.2107680716239108687 ) ) ;
#513 = PRESENTATION_LAYER_ASSIGNMENT (  '', '', ( #4519 ) ) ;
#514 = DIRECTION ( 'NONE',  ( -1.000000000000000000, -0.0000000000000000000, 0.0000000000000000000 ) ) ;
#515 = ORIENTED_EDGE ( 'NONE', *, *, #1151, .F. ) ;
#516 = CARTESIAN_POINT ( 'NONE',  ( 0.2132813209909265872, 4.799999999999998934, 0.1173324038708190575 ) ) ;
#517 = VERTEX_POINT ( 'NONE', #954 ) ;
#518 = UNCERTAINTY_MEASURE_WITH_UNIT (LENGTH_MEASURE( 1.000000000000000082E-05 ), #28, 'distance_accuracy_value', 'NONE');
#519 = MECHANICAL_DESIGN_GEOMETRIC_PRESENTATION_REPRESENTATION (  '', ( #4216 ), #1240 ) ;
#520 = CARTESIAN_POINT ( 'NONE',  ( -0.1378820136786485795, 4.800000000000000711, 0.9709154386968826822 ) ) ;
#521 = CARTESIAN_POINT ( 'NONE',  ( -0.1704470351775975723, 4.799949999999999939, -1.670822387897384242 ) ) ;
#522 = ORIENTED_EDGE ( 'NONE', *, *, #1846, .F. ) ;
#523 = MECHANICAL_DESIGN_GEOMETRIC_PRESENTATION_REPRESENTATION (  '', ( #2495 ), #119 ) ;
#524 = CARTESIAN_POINT ( 'NONE',  ( 0.2403924687060877696, 4.800000000000001599, -1.156416441080656554 ) ) ;
#525 = CARTESIAN_POINT ( 'NONE',  ( -0.2609615467339644335, 4.799999999999999822, 0.6663907058623450563 ) ) ;
#526 = EDGE_LOOP ( 'NONE', ( #3588, #1848, #4320, #3940, #2784, #4050, #705, #1418 ) ) ;
#527 = AXIS2_PLACEMENT_3D ( 'NONE', #986, #1058, #3237 ) ;
#528 = CARTESIAN_POINT ( 'NONE',  ( 0.1089753322238702499, 4.799999999999999822, 1.042495840606983970 ) ) ;
#529 = CARTESIAN_POINT ( 'NONE',  ( -0.1583772622351952430, 4.799999999999999822, -1.026940789065776460 ) ) ;
#530 = STYLED_ITEM ( 'NONE', ( #2934 ), #4070 ) ;
#531 = B_SPLINE_CURVE_WITH_KNOTS ( 'NONE', 3,
 ( #269, #4364, #1741, #632 ),
 .UNSPECIFIED., .F., .F.,
 ( 4, 4 ),
 ( 0.0000000000000000000, 1.000000000000000000 ),
 .UNSPECIFIED. ) ;
#532 = FILL_AREA_STYLE ('',( #3902 ) ) ;
#533 = MECHANICAL_DESIGN_GEOMETRIC_PRESENTATION_REPRESENTATION (  '', ( #3601 ), #3440 ) ;
#534 = CARTESIAN_POINT ( 'NONE',  ( 0.03559776482244501883, 4.799949999999999939, 0.8232544121026184047 ) ) ;
#535 = ORIENTED_EDGE ( 'NONE', *, *, #1842, .F. ) ;
#536 = ADVANCED_FACE ( 'NONE', ( #2083 ), #4652, .F. ) ;
#537 = CARTESIAN_POINT ( 'NONE',  ( -1.990851103531222410, 4.799949999999915562, -0.4791808888032290104 ) ) ;
#538 = AXIS2_PLACEMENT_3D ( 'NONE', #2432, #4662, #1694 ) ;
#539 = CARTESIAN_POINT ( 'NONE',  ( 0.1748429072265773043, 4.800000000000000711, -1.423697988026733752 ) ) ;
#540 = CARTESIAN_POINT ( 'NONE',  ( -0.04566667458402830226, 4.799999999999998046, 0.8211811094025255331 ) ) ;
#541 = LINE ( 'NONE', #2810, #2639 ) ;
#542 = B_SPLINE_CURVE_WITH_KNOTS ( 'NONE', 3,
 ( #4563, #3065, #1647, #2696, #1616, #126, #3486, #4228, #74 ),
 .UNSPECIFIED., .F., .F.,
 ( 4, 1, 2, 2, 4 ),
 ( 0.0000000000000000000, 0.2499999999999986677, 0.3749999999999987788, 0.4999999999999988898, 1.000000000000000000 ),
 .UNSPECIFIED. ) ;
#543 = CARTESIAN_POINT ( 'NONE',  ( -1.460979780001809836, 4.799949999999941319, -0.8256882417444055822 ) ) ;
#544 = VERTEX_POINT ( 'NONE', #2887 ) ;
#545 = EDGE_CURVE ( 'NONE', #1272, #3744, #2923, .T. ) ;
#546 = CARTESIAN_POINT ( 'NONE',  ( -0.09649516216369363741, 4.799999999999999822, -0.6522721407806789662 ) ) ;
#547 = VERTEX_POINT ( 'NONE', #3176 ) ;
#548 = SURFACE_STYLE_USAGE ( .BOTH. , #3574 ) ;
#549 = CARTESIAN_POINT ( 'NONE',  ( -3.710000000000000409, 0.0000000000000000000, 0.0000000000000000000 ) ) ;
#550 = ORIENTED_EDGE ( 'NONE', *, *, #1846, .T. ) ;
#551 = SURFACE_STYLE_USAGE ( .BOTH. , #4633 ) ;
#552 = EDGE_CURVE ( 'NONE', #4673, #4352, #3449, .T. ) ;
#553 = DIRECTION ( 'NONE',  ( 0.0000000000000000000, -1.000000000000000000, 1.314184451497581259E-16 ) ) ;
#554 = VERTEX_POINT ( 'NONE', #2815 ) ;
#555 = B_SPLINE_CURVE_WITH_KNOTS ( 'NONE', 3,
 ( #3403, #3086, #1228, #1298, #3532, #2823, #2746, #4316, #3184, #3873, #4291, #1349, #123, #1325, #1275 ),
 .UNSPECIFIED., .F., .F.,
 ( 4, 1, 1, 2, 2, 1, 2, 2, 4 ),
 ( 0.0000000000000000000, 0.2500000000000122680, 0.3750000000000170419, 0.4375000000000209277, 0.5000000000000247580, 0.6250000000000336398, 0.6875000000000381917, 0.7500000000000427436, 1.000000000000000000 ),
 .UNSPECIFIED. ) ;
#556 = CARTESIAN_POINT ( 'NONE',  ( -0.2405155363939009139, 4.800000000000001599, -1.589884496264307279 ) ) ;
#557 = CARTESIAN_POINT ( 'NONE',  ( -1.071973745444435799, 4.800000000000000711, 0.4481024517625734616 ) ) ;
#558 = SURFACE_STYLE_USAGE ( .BOTH. , #2747 ) ;
#559 = SHAPE_DEFINITION_REPRESENTATION ( #4178, #452 ) ;
#560 = CARTESIAN_POINT ( 'NONE',  ( -0.06356383517757031865, 4.799949999999999939, -0.07082558789738274685 ) ) ;
#561 = CARTESIAN_POINT ( 'NONE',  ( 0.1064676725147480213, 4.799999999999999822, 0.4775434787692841021 ) ) ;
#562 = CARTESIAN_POINT ( 'NONE',  ( -0.01723423517757324830, 4.799949999999999939, -0.3861919878973834042 ) ) ;
#563 = VERTEX_POINT ( 'NONE', #2446 ) ;
#564 = CARTESIAN_POINT ( 'NONE',  ( -0.2440054351775955976, 4.799949999999999939, -1.841103987897381833 ) ) ;
#565 = CARTESIAN_POINT ( 'NONE',  ( -0.4608462497728415541, 4.799999999999999822, 0.5838628711395608128 ) ) ;
#566 = B_SPLINE_CURVE_WITH_KNOTS ( 'NONE', 3,
 ( #438, #2013, #2764, #2235 ),
 .UNSPECIFIED., .F., .F.,
 ( 4, 4 ),
 ( 0.0000000000000000000, 1.000000000000000000 ),
 .UNSPECIFIED. ) ;
#567 = CARTESIAN_POINT ( 'NONE',  ( -0.4649967032832784120, 4.800000000000001599, -1.424647375164613150 ) ) ;
#568 = CARTESIAN_POINT ( 'NONE',  ( 0.03544904232617953482, 4.800000000000000711, -1.378762305583763226 ) ) ;
#569 = CARTESIAN_POINT ( 'NONE',  ( -2.013707040441440110, 4.800000000000000711, 0.3553101899449744860 ) ) ;
#570 = ORIENTED_EDGE ( 'NONE', *, *, #2669, .T. ) ;
#571 = FACE_OUTER_BOUND ( 'NONE', #4592, .T. ) ;
#572 = ORIENTED_EDGE ( 'NONE', *, *, #1815, .F. ) ;
#573 = UNCERTAINTY_MEASURE_WITH_UNIT (LENGTH_MEASURE( 1.000000000000000082E-05 ), #1484, 'distance_accuracy_value', 'NONE');
#574 = CARTESIAN_POINT ( 'NONE',  ( 0.2973985360720516891, 4.800000000000001599, -1.306265754822461433 ) ) ;
#575 = EDGE_CURVE ( 'NONE', #101, #482, #3031, .T. ) ;
#576 = CARTESIAN_POINT ( 'NONE',  ( -1.043761945223817822, 4.800000000000000711, -1.096728177526069770 ) ) ;
#577 = CARTESIAN_POINT ( 'NONE',  ( -0.2619546145328193187, 4.799999999999999822, -1.698566084656563113 ) ) ;
#578 = B_SPLINE_CURVE_WITH_KNOTS ( 'NONE', 3,
 ( #4431, #1810, #2981, #1431, #672, #4114, #3735, #2631 ),
 .UNSPECIFIED., .F., .F.,
 ( 4, 2, 2, 4 ),
 ( 0.0000000000000000000, 0.2499999999999998335, 0.4999999999999996669, 1.000000000000000000 ),
 .UNSPECIFIED. ) ;
#579 = CARTESIAN_POINT ( 'NONE',  ( -0.06857969209599565352, 4.800000000000000711, -0.3063914288222782667 ) ) ;
#580 = ORIENTED_EDGE ( 'NONE', *, *, #3492, .T. ) ;
#581 = B_SPLINE_CURVE_WITH_KNOTS ( 'NONE', 3,
 ( #1421, #4422, #3357, #3013, #3291, #778, #2, #2239 ),
 .UNSPECIFIED., .F., .F.,
 ( 4, 2, 2, 4 ),
 ( 0.0000000000000000000, 0.2500000000000003331, 0.5000000000000006661, 1.000000000000000000 ),
 .UNSPECIFIED. ) ;
#582 = CARTESIAN_POINT ( 'NONE',  ( -0.2349757900474901962, 4.799999999999999822, -1.545516056342881805 ) ) ;
#583 = EDGE_CURVE ( 'NONE', #363, #1572, #4095, .T. ) ;
#584 = CARTESIAN_POINT ( 'NONE',  ( -0.2395350351775856201, 4.799949999999999939, -1.011235187897380428 ) ) ;
#585 = CARTESIAN_POINT ( 'NONE',  ( -0.02170463517754683824, 4.799949999999999939, 1.266636812102618359 ) ) ;
#586 = CARTESIAN_POINT ( 'NONE',  ( 0.3165164387703835458, 4.800000000000000711, -1.152737669234549012 ) ) ;
#587 = CARTESIAN_POINT ( 'NONE',  ( -0.3179702351775743341, 4.799949999999999939, -0.3504287878973786352 ) ) ;
#588 = CARTESIAN_POINT ( 'NONE',  ( -0.03092777775042371280, 4.799999999999998934, -0.3916694049265231348 ) ) ;
#589 = CARTESIAN_POINT ( 'NONE',  ( 0.1221223844351736754, 4.800000000000000711, -1.027396729646727458 ) ) ;
#590 = CARTESIAN_POINT ( 'NONE',  ( -1.066678309413574999, 4.799949999999942207, 0.5980249935497122804 ) ) ;
#591 = CARTESIAN_POINT ( 'NONE',  ( -1.550593750590045783, 4.799949999999925332, -0.7404400799796992949 ) ) ;
#592 = LINE ( 'NONE', #3912, #923 ) ;
#593 = VECTOR ( 'NONE', #775, 1000.000000000000000 ) ;
#594 = CARTESIAN_POINT ( 'NONE',  ( -2.010407337436965758, 4.800000000000001599, 0.3539049583093009099 ) ) ;
#595 = ORIENTED_EDGE ( 'NONE', *, *, #3499, .T. ) ;
#596 =( NAMED_UNIT ( * ) PLANE_ANGLE_UNIT ( ) SI_UNIT ( $, .RADIAN. ) );
#597 = ORIENTED_EDGE ( 'NONE', *, *, #2729, .F. ) ;
#598 = CARTESIAN_POINT ( 'NONE',  ( -0.5073719846739763728, 4.799999999999999822, 0.2840769601886045104 ) ) ;
#599 = B_SPLINE_CURVE_WITH_KNOTS ( 'NONE', 3,
 ( #4025, #3633, #657, #3652, #4002, #1768 ),
 .UNSPECIFIED., .F., .F.,
 ( 4, 2, 4 ),
 ( 0.0000000000000000000, 0.5000000000000000000, 1.000000000000000000 ),
 .UNSPECIFIED. ) ;
#600 =( GEOMETRIC_REPRESENTATION_CONTEXT ( 3 ) GLOBAL_UNCERTAINTY_ASSIGNED_CONTEXT ( ( #2398 ) ) GLOBAL_UNIT_ASSIGNED_CONTEXT ( ( #3051, #1214, #2348 ) ) REPRESENTATION_CONTEXT ( 'NONE', 'WORKASPACE' ) );
#601 = CARTESIAN_POINT ( 'NONE',  ( -0.2021462351775860367, 4.799949999999999939, -0.9559647878973819290 ) ) ;
#602 = CARTESIAN_POINT ( 'NONE',  ( -3.800000000000000266, 3.299999999999999378, -1.334999999999999742 ) ) ;
#603 = CARTESIAN_POINT ( 'NONE',  ( -0.2049300385814759040, 4.800000000000000711, 1.240328317149097970 ) ) ;
#604 = MECHANICAL_DESIGN_GEOMETRIC_PRESENTATION_REPRESENTATION (  '', ( #4682 ), #1157 ) ;
#605 = VERTEX_POINT ( 'NONE', #1365 ) ;
#606 = EDGE_CURVE ( 'NONE', #659, #2441, #142, .T. ) ;
#607 = CARTESIAN_POINT ( 'NONE',  ( -1.044748025327090435, 4.800000000000000711, 0.4702975684358076669 ) ) ;
#608 = B_SPLINE_CURVE_WITH_KNOTS ( 'NONE', 3,
 ( #2469, #4782, #598, #1001 ),
 .UNSPECIFIED., .F., .F.,
 ( 4, 4 ),
 ( 0.0000000000000000000, 1.000000000000000000 ),
 .UNSPECIFIED. ) ;
#609 = CARTESIAN_POINT ( 'NONE',  ( 0.7880369082860477770, 4.799999999999999822, -0.1316103911002001470 ) ) ;
#610 = EDGE_CURVE ( 'NONE', #1177, #2096, #2114, .T. ) ;
#611 = CARTESIAN_POINT ( 'NONE',  ( -1.990851103531222410, 4.799950000000221983, -1.177020962332640641 ) ) ;
#612 = CARTESIAN_POINT ( 'NONE',  ( 0.1090685216909971778, 4.799999999999999822, 1.487918310477802653 ) ) ;
#613 = MECHANICAL_DESIGN_GEOMETRIC_PRESENTATION_REPRESENTATION (  '', ( #4531 ), #2577 ) ;
#614 = ORIENTED_EDGE ( 'NONE', *, *, #1273, .F. ) ;
#615 = EDGE_CURVE ( 'NONE', #235, #2000, #1921, .T. ) ;
#616 = CARTESIAN_POINT ( 'NONE',  ( 0.1038729648224073626, 4.799949999999999939, -1.533865587897387694 ) ) ;
#617 = CARTESIAN_POINT ( 'NONE',  ( -2.043011030001809836, 4.799949999999952865, 1.112041537667359359 ) ) ;
#618 = AXIS2_PLACEMENT_3D ( 'NONE', #3046, #4475, #4063 ) ;
#619 = CARTESIAN_POINT ( 'NONE',  ( -0.1960502351775472718, 4.799949999999999939, 1.005728012102623525 ) ) ;
#620 = CARTESIAN_POINT ( 'NONE',  ( -1.553810662354751848, 4.799950000000002603, -0.9164511093914639028 ) ) ;
#621 = ORIENTED_EDGE ( 'NONE', *, *, #2092, .F. ) ;
#622 = FACE_OUTER_BOUND ( 'NONE', #4160, .T. ) ;
#623 = VERTEX_POINT ( 'NONE', #4874 ) ;
#624 =( NAMED_UNIT ( * ) SI_UNIT ( $, .STERADIAN. ) SOLID_ANGLE_UNIT ( ) );
#625 = CARTESIAN_POINT ( 'NONE',  ( 3.709999999999999964, 4.790000000000000036, 3.350735931288071789 ) ) ;
#626 = CARTESIAN_POINT ( 'NONE',  ( 1.640044515427489857, 4.800000000000000711, 0.3548159770945116809 ) ) ;
#627 = LINE ( 'NONE', #1411, #1474 ) ;
#628 = ORIENTED_EDGE ( 'NONE', *, *, #2228, .F. ) ;
#629 = CARTESIAN_POINT ( 'NONE',  ( -0.2460392528064476170, 4.799999999999999822, 0.7314061393940636258 ) ) ;
#630 = EDGE_CURVE ( 'NONE', #3572, #306, #1056, .T. ) ;
#631 = CARTESIAN_POINT ( 'NONE',  ( -2.019343750590045339, 4.799950000000171357, -0.2232066240973464011 ) ) ;
#632 = CARTESIAN_POINT ( 'NONE',  ( -0.4902838351775601344, 4.799949999999999939, 0.4066944121026247472 ) ) ;
#633 = B_SPLINE_CURVE_WITH_KNOTS ( 'NONE', 3,
 ( #1959, #2377, #2763, #3056, #2712, #1930, #2665, #4554, #3030, #1198, #4530 ),
 .UNSPECIFIED., .F., .F.,
 ( 4, 2, 1, 2, 2, 4 ),
 ( 0.0000000000000000000, 0.2499999999999988343, 0.3750000000000007772, 0.4375000000000026090, 0.5000000000000044409, 1.000000000000000000 ),
 .UNSPECIFIED. ) ;
#634 = CARTESIAN_POINT ( 'NONE',  ( 0.2050665648224425652, 4.799949999999999939, 0.4761888121026139342 ) ) ;
#635 = ORIENTED_EDGE ( 'NONE', *, *, #503, .F. ) ;
#636 = CARTESIAN_POINT ( 'NONE',  ( 0.1071241648224093013, 4.799949999999999939, -1.316441587897388299 ) ) ;
#637 = EDGE_CURVE ( 'NONE', #1754, #3174, #578, .T. ) ;
#638 = CARTESIAN_POINT ( 'NONE',  ( 0.6491109557354756143, 4.799999999999998934, 0.2397369218166652827 ) ) ;
#639 = CARTESIAN_POINT ( 'NONE',  ( 0.1798173073259100030, 4.799999999999998934, -0.8228530095281983980 ) ) ;
#640 = CARTESIAN_POINT ( 'NONE',  ( 0.6548787531653551541, 4.799999999999998934, 0.3777383127958540698 ) ) ;
#641 = B_SPLINE_CURVE_WITH_KNOTS ( 'NONE', 3,
 ( #1114, #298, #4056, #1444 ),
 .UNSPECIFIED., .F., .F.,
 ( 4, 4 ),
 ( 0.0000000000000000000, 1.000000000000000000 ),
 .UNSPECIFIED. ) ;
#642 = CARTESIAN_POINT ( 'NONE',  ( -2.042845229812630503, 4.799999999999999822, 0.5115705059394159981 ) ) ;
#643 = EDGE_CURVE ( 'NONE', #3272, #998, #3921, .T. ) ;
#644 = DIRECTION ( 'NONE',  ( -0.0000000000000000000, 1.000000000000000000, 1.314184451497581259E-16 ) ) ;
#645 = CARTESIAN_POINT ( 'NONE',  ( -2.033848765283628346, 4.800000000000000711, 0.3532742531046743628 ) ) ;
#646 = ORIENTED_EDGE ( 'NONE', *, *, #3313, .F. ) ;
#647 = FILL_AREA_STYLE ('',( #3665 ) ) ;
#648 = ORIENTED_EDGE ( 'NONE', *, *, #2640, .T. ) ;
#649 = DIRECTION ( 'NONE',  ( 0.0000000000000000000, -0.0000000000000000000, 1.000000000000000000 ) ) ;
#650 = DIRECTION ( 'NONE',  ( 0.0000000000000000000, -1.000000000000000000, -1.314184451497581259E-16 ) ) ;
#651 = B_SPLINE_CURVE_WITH_KNOTS ( 'NONE', 3,
 ( #1478, #3708, #2953, #738, #2244, #1519 ),
 .UNSPECIFIED., .F., .F.,
 ( 4, 2, 4 ),
 ( 0.0000000000000000000, 0.5000000000000000000, 1.000000000000000000 ),
 .UNSPECIFIED. ) ;
#652 = CARTESIAN_POINT ( 'NONE',  ( -1.649999999999999467, -0.09999999999999993616, -1.334999999999999298 ) ) ;
#653 = CARTESIAN_POINT ( 'NONE',  ( -0.06356383517757031865, 4.799949999999999939, -0.07082558789738274685 ) ) ;
#654 = VERTEX_POINT ( 'NONE', #1829 ) ;
#655 = CARTESIAN_POINT ( 'NONE',  ( -0.2363684449987012437, 4.800000000000001599, -1.557474422634945066 ) ) ;
#656 = CARTESIAN_POINT ( 'NONE',  ( 0.3030304209415156103, 4.799999999999999822, -1.211626710879332380 ) ) ;
#657 = CARTESIAN_POINT ( 'NONE',  ( 0.01406978141082213321, 4.799999999999999822, 0.8204986665974888238 ) ) ;
#658 = EDGE_CURVE ( 'NONE', #67, #4036, #4499, .T. ) ;
#659 = VERTEX_POINT ( 'NONE', #2931 ) ;
#660 = DIRECTION ( 'NONE',  ( -0.0000000000000000000, -1.000000000000000000, 0.0000000000000000000 ) ) ;
#661 = CARTESIAN_POINT ( 'NONE',  ( -2.040971049230588807, 4.800000000000001599, -1.079140624222876488 ) ) ;
#662 = CARTESIAN_POINT ( 'NONE',  ( 0.2081287733382412575, 4.800000000000000711, 1.216595859588600614 ) ) ;
#663 = CARTESIAN_POINT ( 'NONE',  ( -2.042023800035496439, 4.799999999999999822, 1.076777314401190067 ) ) ;
#664 = EDGE_CURVE ( 'NONE', #1608, #3194, #2479, .T. ) ;
#665 = CARTESIAN_POINT ( 'NONE',  ( -0.2151510351775451635, 4.799949999999999939, 1.212585612102623278 ) ) ;
#666 = B_SPLINE_CURVE_WITH_KNOTS ( 'NONE', 3,
 ( #3396, #1530, #3027, #360, #4529, #1125 ),
 .UNSPECIFIED., .F., .F.,
 ( 4, 2, 4 ),
 ( 0.0000000000000000000, 0.5000000000000000000, 1.000000000000000000 ),
 .UNSPECIFIED. ) ;
#667 = CARTESIAN_POINT ( 'NONE',  ( -0.1858902351775416628, 4.799949999999999939, 1.448704012102621119 ) ) ;
#668 = VERTEX_POINT ( 'NONE', #2956 ) ;
#669 = CARTESIAN_POINT ( 'NONE',  ( -0.2196214351775846452, 4.799949999999999939, -0.9730335878973803698 ) ) ;
#670 = ORIENTED_EDGE ( 'NONE', *, *, #1180, .F. ) ;
#671 = EDGE_CURVE ( 'NONE', #3438, #2493, #1072, .T. ) ;
#672 = CARTESIAN_POINT ( 'NONE',  ( 0.004091052312210598056, 4.800000000000000711, 1.069603045021674692 ) ) ;
#673 = PRESENTATION_LAYER_ASSIGNMENT (  '', '', ( #1074 ) ) ;
#674 = CARTESIAN_POINT ( 'NONE',  ( -0.2151510351775451635, 4.799949999999999939, 1.212585612102623278 ) ) ;
#675 = CARTESIAN_POINT ( 'NONE',  ( -1.043011030001810280, 4.799949999999705064, 1.127666537667359581 ) ) ;
#676 = ORIENTED_EDGE ( 'NONE', *, *, #4321, .F. ) ;
#677 = B_SPLINE_CURVE_WITH_KNOTS ( 'NONE', 3,
 ( #2230, #4437, #2964, #4790 ),
 .UNSPECIFIED., .F., .F.,
 ( 4, 4 ),
 ( 0.0000000000000000000, 1.000000000000000000 ),
 .UNSPECIFIED. ) ;
#678 = CARTESIAN_POINT ( 'NONE',  ( 0.03353310708927668277, 4.799999999999999822, -0.4286257164679911358 ) ) ;
#679 = CARTESIAN_POINT ( 'NONE',  ( -0.07778972140823332826, 4.799999999999998934, -1.557317424917734838 ) ) ;
#680 = AXIS2_PLACEMENT_3D ( 'NONE', #3317, #2996, #3337 ) ;
#681 = CARTESIAN_POINT ( 'NONE',  ( -0.03206113418946077154, 4.800000000000000711, 0.5624056897351531470 ) ) ;
#682 = MECHANICAL_DESIGN_GEOMETRIC_PRESENTATION_REPRESENTATION (  '', ( #3820 ), #2109 ) ;
#683 = CARTESIAN_POINT ( 'NONE',  ( -3.800000000000000266, 3.299999999999999822, 1.335000000000000187 ) ) ;
#684 = CARTESIAN_POINT ( 'NONE',  ( 1.130025266129185413, 4.799950000000002603, -0.07263367541392569404 ) ) ;
#685 = CARTESIAN_POINT ( 'NONE',  ( -0.2315867657804191737, 4.799999999999999822, 1.548082693332685666 ) ) ;
#686 = B_SPLINE_CURVE_WITH_KNOTS ( 'NONE', 3,
 ( #4467, #2123, #3332, #684 ),
 .UNSPECIFIED., .F., .F.,
 ( 4, 4 ),
 ( 0.0000000000000000000, 1.000000000000000000 ),
 .UNSPECIFIED. ) ;
#687 = CARTESIAN_POINT ( 'NONE',  ( -3.710000000000000409, 0.2999999999999999889, -3.475000000000000533 ) ) ;
#688 = AXIS2_PLACEMENT_3D ( 'NONE', #1170, #4501, #4876 ) ;
#689 = CARTESIAN_POINT ( 'NONE',  ( -2.038460958582649418, 4.800000000000000711, 0.4735273363523299084 ) ) ;
#690 = EDGE_CURVE ( 'NONE', #2966, #2096, #308, .T. ) ;
#691 = LINE ( 'NONE', #1426, #1945 ) ;
#692 = ORIENTED_EDGE ( 'NONE', *, *, #503, .T. ) ;
#693 = CARTESIAN_POINT ( 'NONE',  ( -0.4535642228783047791, 4.800000000000000711, 1.357212954265534233 ) ) ;
#694 = ORIENTED_EDGE ( 'NONE', *, *, #3222, .F. ) ;
#695 = CARTESIAN_POINT ( 'NONE',  ( -2.065000000000000391, 4.790000000000000036, -2.064999999999999059 ) ) ;
#696 = AXIS2_PLACEMENT_3D ( 'NONE', #834, #3881, #3833 ) ;
#697 = EDGE_CURVE ( 'NONE', #1608, #3443, #1880, .T. ) ;
#698 = FACE_BOUND ( 'NONE', #4149, .T. ) ;
#699 = ORIENTED_EDGE ( 'NONE', *, *, #1931, .T. ) ;
#700 = CARTESIAN_POINT ( 'NONE',  ( 1.588664972011538667, 4.799950000000012373, -0.3442329401198082617 ) ) ;
#701 = CARTESIAN_POINT ( 'NONE',  ( 0.03572884663734370025, 4.799999999999999822, -0.4275265259921655625 ) ) ;
#702 = ADVANCED_FACE ( 'NONE', ( #4456 ), #3711, .T. ) ;
#703 = CARTESIAN_POINT ( 'NONE',  ( -3.710000000000000409, 0.2999999999999999889, 3.474999999999999645 ) ) ;
#704 = CARTESIAN_POINT ( 'NONE',  ( -0.01699526673231808310, 4.800000000000000711, 0.5695157985078473928 ) ) ;
#705 = ORIENTED_EDGE ( 'NONE', *, *, #664, .T. ) ;
#706 = CARTESIAN_POINT ( 'NONE',  ( 1.650000000000000355, 0.0000000000000000000, -1.334999999999999298 ) ) ;
#707 = CARTESIAN_POINT ( 'NONE',  ( -1.050196652226933702, 4.800000000000001599, -0.4605907760508193838 ) ) ;
#708 = CARTESIAN_POINT ( 'NONE',  ( -2.042982406693091946, 4.799999999999998934, 0.2784706528638919432 ) ) ;
#709 = CARTESIAN_POINT ( 'NONE',  ( -0.3690638030164891670, 4.799999999999999822, 1.427060219695979626 ) ) ;
#710 = DIRECTION ( 'NONE',  ( 1.000000000000000000, -0.0000000000000000000, 0.0000000000000000000 ) ) ;
#711 = CARTESIAN_POINT ( 'NONE',  ( -0.2211115685108785422, 4.799999999999999822, 1.201070945435957160 ) ) ;
#712 = FILL_AREA_STYLE_COLOUR ( '', #115 ) ;
#713 = CARTESIAN_POINT ( 'NONE',  ( -0.4686937801969631168, 4.800000000000000711, -1.711888936779252024 ) ) ;
#714 = EDGE_LOOP ( 'NONE', ( #4746, #4549, #2073, #1904, #3920, #3318, #1313, #1825, #3216, #1124, #2318, #2256, #1976, #256, #4481, #1861 ) ) ;
#715 = CARTESIAN_POINT ( 'NONE',  ( 1.436857373972322716, 4.799999999999999822, 0.2858222069390155551 ) ) ;
#716 = VERTEX_POINT ( 'NONE', #1503 ) ;
#717 = EDGE_CURVE ( 'NONE', #1143, #440, #719, .T. ) ;
#718 = B_SPLINE_CURVE_WITH_KNOTS ( 'NONE', 3,
 ( #2524, #2112, #4358, #3602 ),
 .UNSPECIFIED., .F., .F.,
 ( 4, 4 ),
 ( 0.0000000000000000000, 1.000000000000000000 ),
 .UNSPECIFIED. ) ;
#719 = LINE ( 'NONE', #333, #1149 ) ;
#720 = CARTESIAN_POINT ( 'NONE',  ( -0.2395350351775856201, 4.799949999999999939, -1.011235187897380428 ) ) ;
#721 = CARTESIAN_POINT ( 'NONE',  ( -1.990851103531222410, 4.799950000000221983, 0.4700378611967712117 ) ) ;
#722 = CARTESIAN_POINT ( 'NONE',  ( -1.047423278596484986, 4.800000000000000711, 1.179221419847200414 ) ) ;
#723 = VERTEX_POINT ( 'NONE', #1852 ) ;
#724 = FILL_AREA_STYLE_COLOUR ( '', #2807 ) ;
#725 = EDGE_CURVE ( 'NONE', #440, #3181, #3344, .T. ) ;
#726 = CARTESIAN_POINT ( 'NONE',  ( -0.06971146032699122863, 4.800000000000000711, -0.4786491160344499840 ) ) ;
#727 = CARTESIAN_POINT ( 'NONE',  ( 2.064999999999998614, 4.790000000000000036, 2.564999999999999059 ) ) ;
#728 = DIRECTION ( 'NONE',  ( 0.0000000000000000000, -1.624272917581280166E-16, -1.000000000000000000 ) ) ;
#729 = ORIENTED_EDGE ( 'NONE', *, *, #1631, .T. ) ;
#730 = B_SPLINE_CURVE_WITH_KNOTS ( 'NONE', 3,
 ( #56, #1284, #3882, #4206, #2391, #4278, #80, #2726, #4235, #2416 ),
 .UNSPECIFIED., .F., .F.,
 ( 4, 1, 1, 2, 2, 4 ),
 ( 0.0000000000000000000, 0.2500000000000007772, 0.3750000000000010547, 0.4375000000000009992, 0.5000000000000009992, 1.000000000000000000 ),
 .UNSPECIFIED. ) ;
#731 = EDGE_CURVE ( 'NONE', #910, #1239, #800, .T. ) ;
#732 = CARTESIAN_POINT ( 'NONE',  ( -3.710000000000000409, 3.299999999999999822, -3.475000000000000533 ) ) ;
#733 = CARTESIAN_POINT ( 'NONE',  ( -0.1653491783219583899, 4.799999999999998934, -1.664728099750355073 ) ) ;
#734 = CARTESIAN_POINT ( 'NONE',  ( -2.034724972748459759, 4.800000000000000711, 0.2194488996038316542 ) ) ;
#735 = CARTESIAN_POINT ( 'NONE',  ( 0.1571819245734716042, 4.800000000000000711, -1.091932312805141914 ) ) ;
#736 = CARTESIAN_POINT ( 'NONE',  ( -0.01970954359959138646, 4.800000000000001599, -1.542108320032834046 ) ) ;
#737 = ORIENTED_EDGE ( 'NONE', *, *, #2389, .T. ) ;
#738 = CARTESIAN_POINT ( 'NONE',  ( 0.3916549648224124658, 4.799999999999999822, -1.243975998144969619 ) ) ;
#739 = B_SPLINE_CURVE_WITH_KNOTS ( 'NONE', 3,
 ( #128, #4251, #4273, #100 ),
 .UNSPECIFIED., .F., .F.,
 ( 4, 4 ),
 ( 0.0000000000000000000, 1.000000000000000000 ),
 .UNSPECIFIED. ) ;
#740 = DIRECTION ( 'NONE',  ( -1.000000000000000000, -0.0000000000000000000, -0.0000000000000000000 ) ) ;
#741 = CARTESIAN_POINT ( 'NONE',  ( -0.2778228602620922416, 4.799999999999999822, -1.484949140436345960 ) ) ;
#742 = SURFACE_STYLE_USAGE ( .BOTH. , #4116 ) ;
#743 = CARTESIAN_POINT ( 'NONE',  ( -0.2423798351775946214, 4.799949999999999939, -1.596044787897382911 ) ) ;
#744 = ORIENTED_EDGE ( 'NONE', *, *, #4590, .F. ) ;
#745 = CARTESIAN_POINT ( 'NONE',  ( -1.057605873917353057, 4.799999999999999822, -0.3764209589182487270 ) ) ;
#746 = CARTESIAN_POINT ( 'NONE',  ( -1.990851103531222410, 4.799949999999915562, 1.167877934726182954 ) ) ;
#747 = ORIENTED_EDGE ( 'NONE', *, *, #1064, .T. ) ;
#748 = VECTOR ( 'NONE', #2568, 1000.000000000000000 ) ;
#749 = ORIENTED_EDGE ( 'NONE', *, *, #4484, .T. ) ;
#750 = ORIENTED_EDGE ( 'NONE', *, *, #204, .T. ) ;
#751 = VECTOR ( 'NONE', #660, 1000.000000000000000 ) ;
#752 = EDGE_CURVE ( 'NONE', #2752, #2620, #81, .T. ) ;
#753 = COLOUR_RGB ( '',1.000000000000000000, 1.000000000000000000, 1.000000000000000000 ) ;
#754 = B_SPLINE_CURVE_WITH_KNOTS ( 'NONE', 3,
 ( #1314, #516, #2037, #140, #1658, #3150, #2812, #432, #4309, #952, #920, #3916, #4729, #2176 ),
 .UNSPECIFIED., .F., .F.,
 ( 4, 1, 1, 2, 2, 2, 2, 4 ),
 ( 0.0000000000000000000, 0.2500000000000000000, 0.3750000000000001665, 0.4375000000000000555, 0.4999999999999999445, 0.6249999999999998890, 0.7499999999999998890, 1.000000000000000000 ),
 .UNSPECIFIED. ) ;
#755 = CARTESIAN_POINT ( 'NONE',  ( -2.038500738447611926, 4.799999999999999822, -0.4780967136242560422 ) ) ;
#756 =( NAMED_UNIT ( * ) PLANE_ANGLE_UNIT ( ) SI_UNIT ( $, .RADIAN. ) );
#757 = EDGE_CURVE ( 'NONE', #3130, #3375, #3682, .T. ) ;
#758 = VERTEX_POINT ( 'NONE', #2247 ) ;
#759 = CARTESIAN_POINT ( 'NONE',  ( 1.633764913078899372, 4.799999999999998934, -0.3474398433263198860 ) ) ;
#760 = VERTEX_POINT ( 'NONE', #58 ) ;
#761 = CARTESIAN_POINT ( 'NONE',  ( 0.08351861942235770664, 4.800000000000000711, -0.09023150940323013125 ) ) ;
#762 = VECTOR ( 'NONE', #4271, 1000.000000000000000 ) ;
#763 = ORIENTED_EDGE ( 'NONE', *, *, #2475, .T. ) ;
#764 = CARTESIAN_POINT ( 'NONE',  ( 0.1856210145214070295, 4.800000000000000711, -1.043213439463385406 ) ) ;
#765 = CARTESIAN_POINT ( 'NONE',  ( 3.709999999999999076, 4.790000000000000924, -3.175000000000000711 ) ) ;
#766 = MECHANICAL_DESIGN_GEOMETRIC_PRESENTATION_REPRESENTATION (  '', ( #530 ), #4458 ) ;
#767 = CARTESIAN_POINT ( 'NONE',  ( -1.550593750590045783, 4.799949999999925332, -0.7404400799796992949 ) ) ;
#768 = CARTESIAN_POINT ( 'NONE',  ( -1.060634814482641186, 4.800000000000001599, 1.192778178231050923 ) ) ;
#769 = ORIENTED_EDGE ( 'NONE', *, *, #3974, .T. ) ;
#770 =( LENGTH_UNIT ( ) NAMED_UNIT ( * ) SI_UNIT ( .MILLI., .METRE. ) );
#771 = STYLED_ITEM ( 'NONE', ( #1806 ), #4356 ) ;
#772 = CARTESIAN_POINT ( 'NONE',  ( 2.565000000000000391, 4.790000000000000036, 2.064999999999997282 ) ) ;
#773 = MECHANICAL_DESIGN_GEOMETRIC_PRESENTATION_REPRESENTATION (  '', ( #1800 ), #1102 ) ;
#774 = VERTEX_POINT ( 'NONE', #3022 ) ;
#775 = DIRECTION ( 'NONE',  ( 0.0000000000000000000, 0.0000000000000000000, -1.000000000000000000 ) ) ;
#776 = EDGE_CURVE ( 'NONE', #2990, #3709, #3211, .T. ) ;
#777 = CARTESIAN_POINT ( 'NONE',  ( -1.845170956472398593, 4.799999999999999822, -0.2666349329208758112 ) ) ;
#778 = CARTESIAN_POINT ( 'NONE',  ( -0.2574532083404691418, 4.800000000000000711, -0.2990913904958709124 ) ) ;
#779 = CARTESIAN_POINT ( 'NONE',  ( -0.1919862351775492026, 4.799949999999999939, 1.039459212102622265 ) ) ;
#780 = EDGE_CURVE ( 'NONE', #2392, #2371, #4803, .T. ) ;
#781 = PRESENTATION_STYLE_ASSIGNMENT (( #4229 ) ) ;
#782 = CARTESIAN_POINT ( 'NONE',  ( -2.032818760528933399, 4.800000000000000711, -0.2331113620464535796 ) ) ;
#783 = ORIENTED_EDGE ( 'NONE', *, *, #1809, .T. ) ;
#784 = CARTESIAN_POINT ( 'NONE',  ( 0.005117764822416132064, 4.799949999999999939, -1.268079987897387628 ) ) ;
#785 = VERTEX_POINT ( 'NONE', #1168 ) ;
#786 = CARTESIAN_POINT ( 'NONE',  ( -0.03470943517757188457, 4.799949999999999939, -0.2012799878973835221 ) ) ;
#787 = VERTEX_POINT ( 'NONE', #2658 ) ;
#788 = ADVANCED_FACE ( 'NONE', ( #2299 ), #2728, .T. ) ;
#789 = CARTESIAN_POINT ( 'NONE',  ( 0.1679027100580446907, 4.799999999999998046, -1.075688589036295717 ) ) ;
#790 = CARTESIAN_POINT ( 'NONE',  ( -0.02477543386298136988, 4.799999999999999822, 0.2069200582402551669 ) ) ;
#791 = ORIENTED_EDGE ( 'NONE', *, *, #2862, .F. ) ;
#792 = CARTESIAN_POINT ( 'NONE',  ( 0.1796524191537224868, 4.800000000000000711, -0.5279383192265399982 ) ) ;
#793 = ORIENTED_EDGE ( 'NONE', *, *, #2708, .F. ) ;
#794 = CARTESIAN_POINT ( 'NONE',  ( -0.1814198351775715978, 4.799949999999999939, -0.2910943878973795695 ) ) ;
#795 = ORIENTED_EDGE ( 'NONE', *, *, #3104, .F. ) ;
#796 = DIRECTION ( 'NONE',  ( 0.0000000000000000000, -1.000000000000000000, 1.624272917581280166E-16 ) ) ;
#797 = VERTEX_POINT ( 'NONE', #3470 ) ;
#798 = CARTESIAN_POINT ( 'NONE',  ( 0.1191973702020715370, 4.799999999999999822, -1.172581524013840859 ) ) ;
#799 = CARTESIAN_POINT ( 'NONE',  ( -3.710000000000000409, 2.710505431213761085E-17, -3.175000000000000711 ) ) ;
#800 = B_SPLINE_CURVE_WITH_KNOTS ( 'NONE', 3,
 ( #354, #3073, #2276, #1192 ),
 .UNSPECIFIED., .F., .F.,
 ( 4, 4 ),
 ( 0.0000000000000000000, 1.000000000000000000 ),
 .UNSPECIFIED. ) ;
#801 = CARTESIAN_POINT ( 'NONE',  ( -1.053041085711718505, 4.800000000000000711, 0.2338844598049199253 ) ) ;
#802 = CARTESIAN_POINT ( 'NONE',  ( 0.1361166357292550588, 4.800000000000000711, 1.315174874778829217 ) ) ;
#803 = CARTESIAN_POINT ( 'NONE',  ( 0.6428648792533471212, 4.800000000000000711, -0.2353231902453450375 ) ) ;
#804 = CARTESIAN_POINT ( 'NONE',  ( -0.1759606443749506532, 4.799999999999999822, -1.781469464297980920 ) ) ;
#805 = B_SPLINE_CURVE_WITH_KNOTS ( 'NONE', 3,
 ( #1601, #2854, #3884, #2054, #4324, #1357, #1336, #1653, #181, #4646 ),
 .UNSPECIFIED., .F., .F.,
 ( 4, 1, 1, 2, 2, 4 ),
 ( 0.0000000000000000000, 0.2499999999999955036, 0.3749999999999902855, 0.4374999999999876210, 0.4999999999999850120, 1.000000000000000000 ),
 .UNSPECIFIED. ) ;
#806 = VERTEX_POINT ( 'NONE', #83 ) ;
#807 = EDGE_CURVE ( 'NONE', #3352, #4014, #805, .T. ) ;
#808 = CARTESIAN_POINT ( 'NONE',  ( -0.1553848935825531130, 4.800000000000000711, 0.3413893906372771903 ) ) ;
#809 = ORIENTED_EDGE ( 'NONE', *, *, #2032, .F. ) ;
#810 = CARTESIAN_POINT ( 'NONE',  ( -0.1749507298428329971, 4.800000000000001599, -1.337839916585187527 ) ) ;
#811 = VERTEX_POINT ( 'NONE', #2393 ) ;
#812 = CARTESIAN_POINT ( 'NONE',  ( 0.6417930684540997799, 4.799999999999998046, -0.3084417814647762435 ) ) ;
#813 = DIRECTION ( 'NONE',  ( 0.0000000000000000000, -0.0000000000000000000, -1.000000000000000000 ) ) ;
#814 = EDGE_CURVE ( 'NONE', #1143, #2966, #4346, .T. ) ;
#815 = CYLINDRICAL_SURFACE ( 'NONE', #3042, 0.5000000000000000000 ) ;
#816 = ORIENTED_EDGE ( 'NONE', *, *, #4128, .T. ) ;
#817 = DIRECTION ( 'NONE',  ( 0.0000000000000000000, 1.000000000000000000, 1.314184451497581259E-16 ) ) ;
#818 = CARTESIAN_POINT ( 'NONE',  ( -0.08232641382283713283, 4.799999999999999822, 0.9650004930341650189 ) ) ;
#819 = CARTESIAN_POINT ( 'NONE',  ( 0.1979734570493516810, 4.800000000000000711, 1.690164569469410294 ) ) ;
#820 = ORIENTED_EDGE ( 'NONE', *, *, #1966, .T. ) ;
#821 = FILL_AREA_STYLE_COLOUR ( '', #3741 ) ;
#822 = EDGE_CURVE ( 'NONE', #1486, #1196, #1627, .T. ) ;
#823 = FACE_OUTER_BOUND ( 'NONE', #399, .T. ) ;
#824 = ORIENTED_EDGE ( 'NONE', *, *, #1368, .F. ) ;
#825 = CARTESIAN_POINT ( 'NONE',  ( -1.990851103531222410, 4.799950000000221983, -1.177020962332640641 ) ) ;
#826 = PRESENTATION_STYLE_ASSIGNMENT (( #1939 ) ) ;
#827 = PRESENTATION_LAYER_ASSIGNMENT (  '', '', ( #2946 ) ) ;
#828 = DIRECTION ( 'NONE',  ( -0.0000000000000000000, 1.000000000000000000, 0.0000000000000000000 ) ) ;
#829 = CARTESIAN_POINT ( 'NONE',  ( -1.095170956472398149, 4.799949999999693517, 0.3567566111967712672 ) ) ;
#830 = COLOUR_RGB ( '',1.000000000000000000, 1.000000000000000000, 1.000000000000000000 ) ;
#831 =( NAMED_UNIT ( * ) SI_UNIT ( $, .STERADIAN. ) SOLID_ANGLE_UNIT ( ) );
#832 = AXIS2_PLACEMENT_3D ( 'NONE', #474, #2992, #367 ) ;
#833 = VERTEX_POINT ( 'NONE', #157 ) ;
#834 = CARTESIAN_POINT ( 'NONE',  ( 2.065000000000000391, 4.799999999999999822, 2.064999999999999059 ) ) ;
#835 = EDGE_LOOP ( 'NONE', ( #1576, #1518, #3936, #3565 ) ) ;
#836 = CARTESIAN_POINT ( 'NONE',  ( 0.1038729648224073626, 4.799949999999999939, -1.533865587897387694 ) ) ;
#837 = ORIENTED_EDGE ( 'NONE', *, *, #2856, .T. ) ;
#838 = EDGE_CURVE ( 'NONE', #2620, #891, #1443, .T. ) ;
#839 = CARTESIAN_POINT ( 'NONE',  ( 0.07652750262772949064, 4.799999999999999822, 0.2773372498110646123 ) ) ;
#840 = CARTESIAN_POINT ( 'NONE',  ( -0.3923414351775545983, 4.799949999999999939, 0.6554112121026254290 ) ) ;
#841 = CARTESIAN_POINT ( 'NONE',  ( 2.064999999999996838, 4.799999999999999822, 2.564999999999999059 ) ) ;
#842 = AXIS2_PLACEMENT_3D ( 'NONE', #987, #3608, #200 ) ;
#843 = ORIENTED_EDGE ( 'NONE', *, *, #4394, .F. ) ;
#844 = CARTESIAN_POINT ( 'NONE',  ( 0.1451447707328714365, 4.799999999999999822, -1.559459923192729525 ) ) ;
#845 = EDGE_CURVE ( 'NONE', #313, #1595, #1702, .T. ) ;
#846 = CARTESIAN_POINT ( 'NONE',  ( -0.1757302351775378579, 4.799949999999999939, 1.624675212102624000 ) ) ;
#847 = MECHANICAL_DESIGN_GEOMETRIC_PRESENTATION_REPRESENTATION (  '', ( #3284 ), #281 ) ;
#848 = ORIENTED_EDGE ( 'NONE', *, *, #1447, .T. ) ;
#849 = DIRECTION ( 'NONE',  ( -0.0000000000000000000, -1.000000000000000000, -0.0000000000000000000 ) ) ;
#850 = CARTESIAN_POINT ( 'NONE',  ( -0.1919862351775492026, 4.799949999999999939, 1.039459212102622265 ) ) ;
#851 = EDGE_LOOP ( 'NONE', ( #4625, #3360, #3642, #2915 ) ) ;
#852 =( GEOMETRIC_REPRESENTATION_CONTEXT ( 3 ) GLOBAL_UNCERTAINTY_ASSIGNED_CONTEXT ( ( #4707 ) ) GLOBAL_UNIT_ASSIGNED_CONTEXT ( ( #3070, #4253, #1650 ) ) REPRESENTATION_CONTEXT ( 'NONE', 'WORKASPACE' ) );
#853 = LINE ( 'NONE', #1967, #3804 ) ;
#854 = EDGE_CURVE ( 'NONE', #1412, #1907, #4303, .T. ) ;
#855 = FACE_OUTER_BOUND ( 'NONE', #1258, .T. ) ;
#856 = CARTESIAN_POINT ( 'NONE',  ( 0.1688969648224285247, 4.799949999999999939, -0.3406751878973864334 ) ) ;
#857 = CARTESIAN_POINT ( 'NONE',  ( 0.3134679881485490371, 4.800000000000002487, -1.363818752769883069 ) ) ;
#858 = CARTESIAN_POINT ( 'NONE',  ( 0.2080319746697040506, 4.800000000000000711, -0.01948314452803063396 ) ) ;
#859 = CARTESIAN_POINT ( 'NONE',  ( 1.588664972011538667, 4.799949999999693517, 0.3770446334096037577 ) ) ;
#860 = B_SPLINE_CURVE_WITH_KNOTS ( 'NONE', 3,
 ( #3206, #4709, #3278, #4784 ),
 .UNSPECIFIED., .F., .F.,
 ( 4, 4 ),
 ( 0.0000000000000000000, 1.000000000000000000 ),
 .UNSPECIFIED. ) ;
#861 = ORIENTED_EDGE ( 'NONE', *, *, #4294, .T. ) ;
#862 = CARTESIAN_POINT ( 'NONE',  ( 2.565000000000000391, 4.790000000000000036, 0.0000000000000000000 ) ) ;
#863 = EDGE_LOOP ( 'NONE', ( #154, #4440, #2320, #4388 ) ) ;
#864 = CARTESIAN_POINT ( 'NONE',  ( 0.1376237401101154390, 4.799999999999999822, -0.8726253549343468974 ) ) ;
#865 = ORIENTED_EDGE ( 'NONE', *, *, #1355, .F. ) ;
#866 = CARTESIAN_POINT ( 'NONE',  ( 0.1125586631309167251, 4.799999999999998934, 0.5959120507961653823 ) ) ;
#867 = CARTESIAN_POINT ( 'NONE',  ( 0.09940226060117431095, 4.799999999999999822, 0.3027462595026371717 ) ) ;
#868 = CARTESIAN_POINT ( 'NONE',  ( -0.5110102351775434038, 4.799949999999999939, 1.525107212102629894 ) ) ;
#869 = ORIENTED_EDGE ( 'NONE', *, *, #450, .F. ) ;
#870 = UNCERTAINTY_MEASURE_WITH_UNIT (LENGTH_MEASURE( 1.000000000000000082E-05 ), #4866, 'distance_accuracy_value', 'NONE');
#871 = CARTESIAN_POINT ( 'NONE',  ( -0.1161708390065872287, 4.799999999999999822, -0.9282527417395011193 ) ) ;
#872 = CARTESIAN_POINT ( 'NONE',  ( -0.2696086351775539569, 4.799949999999999939, 0.6785760121026231939 ) ) ;
#873 = ORIENTED_EDGE ( 'NONE', *, *, #1151, .T. ) ;
#874 = CARTESIAN_POINT ( 'NONE',  ( 0.2921844419561488437, 4.800000000000000711, -1.152842985805954346 ) ) ;
#875 = SURFACE_SIDE_STYLE ('',( #4656 ) ) ;
#876 = VERTEX_POINT ( 'NONE', #591 ) ;
#877 = EDGE_CURVE ( 'NONE', #668, #1512, #4260, .T. ) ;
#878 = CARTESIAN_POINT ( 'NONE',  ( -0.2123062351775898415, 4.799949999999999939, -1.502979187897381941 ) ) ;
#879 = CARTESIAN_POINT ( 'NONE',  ( -0.2312746127056744538, 4.799999999999999822, -0.9822757631782811361 ) ) ;
#880 = LINE ( 'NONE', #962, #2963 ) ;
#881 = ADVANCED_FACE ( 'NONE', ( #3541 ), #888, .T. ) ;
#882 = CARTESIAN_POINT ( 'NONE',  ( -0.1493142351775486598, 4.799949999999999939, 1.167881612102623645 ) ) ;
#883 = SURFACE_SIDE_STYLE ('',( #2750 ) ) ;
#884 = LINE ( 'NONE', #2435, #1391 ) ;
#885 = ORIENTED_EDGE ( 'NONE', *, *, #1539, .T. ) ;
#886 = CARTESIAN_POINT ( 'NONE',  ( 0.1985641648223970823, 4.799949999999999939, -2.021951987897389724 ) ) ;
#887 = EDGE_LOOP ( 'NONE', ( #3666, #1894, #55, #365 ) ) ;
#888 = PLANE ( 'NONE',  #3029 ) ;
#889 = CARTESIAN_POINT ( 'NONE',  ( 0.09493216482241507992, 4.799949999999999939, -0.9604351878973872436 ) ) ;
#890 = CARTESIAN_POINT ( 'NONE',  ( 0.6929848249527144066, 4.799949999999915562, 0.3646365451743095454 ) ) ;
#891 = VERTEX_POINT ( 'NONE', #4109 ) ;
#892 = CARTESIAN_POINT ( 'NONE',  ( 0.0000000000000000000, 4.490000000000000213, 3.174999999999999822 ) ) ;
#893 = VERTEX_POINT ( 'NONE', #1115 ) ;
#894 = CARTESIAN_POINT ( 'NONE',  ( -2.064999999999998614, 4.790000000000000036, 2.064999999999999503 ) ) ;
#895 = CARTESIAN_POINT ( 'NONE',  ( 0.2080995903826849402, 4.799999999999999822, 1.655078702802743162 ) ) ;
#896 = ORIENTED_EDGE ( 'NONE', *, *, #1441, .T. ) ;
#897 = FACE_OUTER_BOUND ( 'NONE', #4336, .T. ) ;
#898 = DIRECTION ( 'NONE',  ( -0.0000000000000000000, -1.000000000000000000, -0.0000000000000000000 ) ) ;
#899 = ORIENTED_EDGE ( 'NONE', *, *, #226, .F. ) ;
#900 = CARTESIAN_POINT ( 'NONE',  ( -0.4179446351775598090, 4.799949999999999939, 0.6058304121026250044 ) ) ;
#901 = ADVANCED_FACE ( 'NONE', ( #301 ), #2878, .T. ) ;
#902 = CARTESIAN_POINT ( 'NONE',  ( -2.013779104317276136, 4.800000000000002487, 1.178768380841004326 ) ) ;
#903 = B_SPLINE_CURVE_WITH_KNOTS ( 'NONE', 3,
 ( #2253, #4855, #3370, #3766, #15, #2614, #1487, #745, #3740, #1581, #4482, #3078, #3814, #1957 ),
 .UNSPECIFIED., .F., .F.,
 ( 4, 1, 2, 2, 1, 2, 2, 4 ),
 ( 0.0000000000000000000, 0.1249999999999995282, 0.1874999999999992784, 0.2499999999999990563, 0.3749999999999985567, 0.4375000000000014433, 0.5000000000000043299, 1.000000000000000000 ),
 .UNSPECIFIED. ) ;
#904 = CARTESIAN_POINT ( 'NONE',  ( -3.710000000000000409, 4.790000000000000036, 3.174999999999999822 ) ) ;
#905 = CARTESIAN_POINT ( 'NONE',  ( -0.5695825259575222343, 4.799999999999999822, -1.456269337400404984 ) ) ;
#906 = CARTESIAN_POINT ( 'NONE',  ( 0.1814953648224086336, 4.799949999999999939, -1.313596787897388651 ) ) ;
#907 = CARTESIAN_POINT ( 'NONE',  ( 3.709999999999999520, 4.790000000000000036, -3.175000000000000711 ) ) ;
#908 = EDGE_CURVE ( 'NONE', #3690, #4012, #1161, .T. ) ;
#909 = LINE ( 'NONE', #129, #3815 ) ;
#910 = VERTEX_POINT ( 'NONE', #2903 ) ;
#911 = CARTESIAN_POINT ( 'NONE',  ( -0.2620253039532912664, 4.799999999999999822, -0.8713631584171150912 ) ) ;
#912 = STYLED_ITEM ( 'NONE', ( #4684 ), #323 ) ;
#913 = CARTESIAN_POINT ( 'NONE',  ( 0.1627393445961264895, 4.800000000000000711, -0.8416563989791516764 ) ) ;
#914 = B_SPLINE_CURVE_WITH_KNOTS ( 'NONE', 3,
 ( #342, #777, #4512, #4195 ),
 .UNSPECIFIED., .F., .F.,
 ( 4, 4 ),
 ( 0.0000000000000000000, 1.000000000000000000 ),
 .UNSPECIFIED. ) ;
#915 = CARTESIAN_POINT ( 'NONE',  ( -0.1878060168508232652, 4.800000000000001599, -1.290472817454161758 ) ) ;
#916 = EDGE_CURVE ( 'NONE', #2087, #3272, #4026, .T. ) ;
#917 = CARTESIAN_POINT ( 'NONE',  ( 0.04760523927553100137, 4.799999999999999822, -1.382945443382873174 ) ) ;
#918 = STYLED_ITEM ( 'NONE', ( #1823 ), #901 ) ;
#919 = ORIENTED_EDGE ( 'NONE', *, *, #3487, .F. ) ;
#920 = CARTESIAN_POINT ( 'NONE',  ( 0.1454485948428745068, 4.799999999999999822, 0.1808763059226637382 ) ) ;
#921 = ORIENTED_EDGE ( 'NONE', *, *, #1273, .T. ) ;
#922 = UNCERTAINTY_MEASURE_WITH_UNIT (LENGTH_MEASURE( 1.000000000000000082E-05 ), #3805, 'distance_accuracy_value', 'NONE');
#923 = VECTOR ( 'NONE', #2515, 1000.000000000000000 ) ;
#924 = PRESENTATION_STYLE_ASSIGNMENT (( #548 ) ) ;
#925 = CARTESIAN_POINT ( 'NONE',  ( 3.709999999999999964, 4.790000000000000924, 3.174999999999999822 ) ) ;
#926 = ORIENTED_EDGE ( 'NONE', *, *, #3780, .F. ) ;
#927 = AXIS2_PLACEMENT_3D ( 'NONE', #2685, #4166, #817 ) ;
#928 = B_SPLINE_CURVE_WITH_KNOTS ( 'NONE', 3,
 ( #2687, #2400, #467, #3476, #3866, #846 ),
 .UNSPECIFIED., .F., .F.,
 ( 4, 2, 4 ),
 ( 0.0000000000000000000, 0.5000000000000000000, 1.000000000000000000 ),
 .UNSPECIFIED. ) ;
#929 = PRESENTATION_STYLE_ASSIGNMENT (( #551 ) ) ;
#930 = CARTESIAN_POINT ( 'NONE',  ( -0.2496950351775565347, 4.799949999999999939, 0.6602880121026234450 ) ) ;
#931 = ORIENTED_EDGE ( 'NONE', *, *, #2006, .T. ) ;
#932 = AXIS2_PLACEMENT_3D ( 'NONE', #3179, #849, #1224 ) ;
#933 = LINE ( 'NONE', #4764, #1456 ) ;
#934 = CARTESIAN_POINT ( 'NONE',  ( -1.048298943182751186, 4.800000000000001599, 0.4599463780584315820 ) ) ;
#935 = CARTESIAN_POINT ( 'NONE',  ( -0.1419990351775417270, 4.799949999999999939, 1.574688012102622769 ) ) ;
#936 = CIRCLE ( 'NONE', #1248, 0.5000000000000000000 ) ;
#937 = APPLICATION_CONTEXT ( 'automotive_design' ) ;
#938 =( LENGTH_UNIT ( ) NAMED_UNIT ( * ) SI_UNIT ( .MILLI., .METRE. ) );
#939 = CARTESIAN_POINT ( 'NONE',  ( 0.1499111621442865416, 4.800000000000000711, 0.5323580863620696046 ) ) ;
#940 = EDGE_CURVE ( 'NONE', #4308, #1167, #2734, .T. ) ;
#941 = FACE_OUTER_BOUND ( 'NONE', #4284, .T. ) ;
#942 = CARTESIAN_POINT ( 'NONE',  ( -1.044218694275670378, 4.800000000000000711, -0.2660534000848051583 ) ) ;
#943 = EDGE_LOOP ( 'NONE', ( #2152, #484, #2630, #3635 ) ) ;
#944 = CARTESIAN_POINT ( 'NONE',  ( -0.1944922493072057945, 4.800000000000000711, -1.862476026050206901 ) ) ;
#945 = CARTESIAN_POINT ( 'NONE',  ( 0.1779732314890642708, 4.799999999999999822, -2.026151454564056653 ) ) ;
#946 = EDGE_CURVE ( 'NONE', #3742, #4461, #1217, .T. ) ;
#947 = B_SPLINE_CURVE_WITH_KNOTS ( 'NONE', 3,
 ( #3283, #2183, #3926, #1834 ),
 .UNSPECIFIED., .F., .F.,
 ( 4, 4 ),
 ( 0.0000000000000000000, 1.000000000000000000 ),
 .UNSPECIFIED. ) ;
#948 = DIRECTION ( 'NONE',  ( 0.0000000000000000000, 1.000000000000000000, 0.0000000000000000000 ) ) ;
#949 = CARTESIAN_POINT ( 'NONE',  ( 0.6929848249527145176, 4.799950000000221983, -0.3332035283551021410 ) ) ;
#950 = CARTESIAN_POINT ( 'NONE',  ( -1.400930760393967578, 4.799999999999999822, -1.006984197626758171 ) ) ;
#951 = ORIENTED_EDGE ( 'NONE', *, *, #114, .F. ) ;
#952 = CARTESIAN_POINT ( 'NONE',  ( 0.1507684633209635527, 4.800000000000001599, 0.1776810539269426947 ) ) ;
#953 = EDGE_LOOP ( 'NONE', ( #3806, #3545, #4441, #141, #2209, #3502 ) ) ;
#954 = CARTESIAN_POINT ( 'NONE',  ( -0.3281302351775625681, 4.799949999999999939, 0.3022496121026223559 ) ) ;
#955 = DIRECTION ( 'NONE',  ( 1.000000000000000000, 0.0000000000000000000, -0.0000000000000000000 ) ) ;
#956 = ORIENTED_EDGE ( 'NONE', *, *, #940, .T. ) ;
#957 = CARTESIAN_POINT ( 'NONE',  ( -2.064999999999998614, 4.790000000000000036, -2.564999999999998614 ) ) ;
#958 = CARTESIAN_POINT ( 'NONE',  ( -0.03502392428298701371, 4.800000000000001599, -0.2817767601950119105 ) ) ;
#959 = VERTEX_POINT ( 'NONE', #4471 ) ;
#960 = CARTESIAN_POINT ( 'NONE',  ( -0.2347280577426464343, 4.800000000000000711, -1.543966153674631636 ) ) ;
#961 = CARTESIAN_POINT ( 'NONE',  ( -3.710000000000000409, 2.710505431213761085E-17, 3.174999999999999822 ) ) ;
#962 = CARTESIAN_POINT ( 'NONE',  ( -3.710000000000000409, 4.490000000000000213, -3.475000000000000533 ) ) ;
#963 = CARTESIAN_POINT ( 'NONE',  ( 0.3952051659130124128, 4.800000000000000711, -1.161254647550335806 ) ) ;
#964 = CYLINDRICAL_SURFACE ( 'NONE', #3729, 0.4999999999999995559 ) ;
#965 = CARTESIAN_POINT ( 'NONE',  ( -1.046672946943095095, 4.800000000000000711, -0.2440440891320527772 ) ) ;
#966 = CARTESIAN_POINT ( 'NONE',  ( 0.1274777083820155255, 4.800000000000000711, -0.9900062229822369497 ) ) ;
#967 = VERTEX_POINT ( 'NONE', #3436 ) ;
#968 = CARTESIAN_POINT ( 'NONE',  ( -2.041371064297625271, 4.799999999999999822, 1.069508520857553657 ) ) ;
#969 = DIRECTION ( 'NONE',  ( 0.0000000000000000000, 0.0000000000000000000, -1.000000000000000000 ) ) ;
#970 = CARTESIAN_POINT ( 'NONE',  ( -1.064184577713587654, 4.800000000000000711, -1.200751747471608732 ) ) ;
#971 = EDGE_CURVE ( 'NONE', #4428, #408, #4738, .T. ) ;
#972 = B_SPLINE_CURVE_WITH_KNOTS ( 'NONE', 3,
 ( #4113, #3710, #1138, #4872, #3783, #4547, #1190, #761, #1551, #2679, #786 ),
 .UNSPECIFIED., .F., .F.,
 ( 4, 1, 1, 1, 2, 2, 4 ),
 ( 0.0000000000000000000, 0.2499999999999998890, 0.3749999999999997780, 0.4374999999999997224, 0.4687499999999996114, 0.4999999999999995559, 1.000000000000000000 ),
 .UNSPECIFIED. ) ;
#973 = CARTESIAN_POINT ( 'NONE',  ( -0.2678835457449746937, 4.800000000000000711, -0.3935149718550722264 ) ) ;
#974 = ORIENTED_EDGE ( 'NONE', *, *, #1145, .T. ) ;
#975 = CARTESIAN_POINT ( 'NONE',  ( 0.1282546743232365338, 4.799999999999999822, 0.09839452933288950209 ) ) ;
#976 = VERTEX_POINT ( 'NONE', #395 ) ;
#977 = UNCERTAINTY_MEASURE_WITH_UNIT (LENGTH_MEASURE( 1.000000000000000082E-05 ), #938, 'distance_accuracy_value', 'NONE');
#978 = CARTESIAN_POINT ( 'NONE',  ( -0.4740278351775401577, 4.799949999999999939, 1.450329612102629007 ) ) ;
#979 = ADVANCED_FACE ( 'NONE', ( #2650 ), #4516, .F. ) ;
#980 = FACE_OUTER_BOUND ( 'NONE', #3399, .T. ) ;
#981 = CARTESIAN_POINT ( 'NONE',  ( -0.3655944410885885731, 4.800000000000000711, -1.456270881028270292 ) ) ;
#982 = VERTEX_POINT ( 'NONE', #1997 ) ;
#983 = B_SPLINE_CURVE_WITH_KNOTS ( 'NONE', 3,
 ( #2159, #2816, #4678, #576, #3919, #2472, #2084, #4312, #4384 ),
 .UNSPECIFIED., .F., .F.,
 ( 4, 1, 2, 2, 4 ),
 ( 0.0000000000000000000, 0.2500000000000070499, 0.3750000000000067724, 0.5000000000000065503, 1.000000000000000000 ),
 .UNSPECIFIED. ) ;
#984 = EDGE_CURVE ( 'NONE', #4169, #4350, #2100, .T. ) ;
#985 = CARTESIAN_POINT ( 'NONE',  ( -1.996920277693529311, 4.799999999999999822, 1.171087675395325878 ) ) ;
#986 = CARTESIAN_POINT ( 'NONE',  ( -3.710000000000000409, 4.790000000000000036, 3.474999999999999645 ) ) ;
#987 = CARTESIAN_POINT ( 'NONE',  ( 2.065000000000000391, 4.799999999999999822, 2.064999999999999059 ) ) ;
#988 = CARTESIAN_POINT ( 'NONE',  ( -0.3194463174025881091, 4.799999999999999822, -0.3666492954468406062 ) ) ;
#989 = CARTESIAN_POINT ( 'NONE',  ( 1.640174798038957826, 4.800000000000000711, 0.2892952489987188902 ) ) ;
#990 = B_SPLINE_CURVE_WITH_KNOTS ( 'NONE', 3,
 ( #4691, #4295, #561, #1331 ),
 .UNSPECIFIED., .F., .F.,
 ( 4, 4 ),
 ( 0.0000000000000000000, 1.000000000000000000 ),
 .UNSPECIFIED. ) ;
#991 = VERTEX_POINT ( 'NONE', #1207 ) ;
#992 = CARTESIAN_POINT ( 'NONE',  ( 0.1250057648224563167, 4.799949999999999939, 1.219900812102616694 ) ) ;
#993 = CARTESIAN_POINT ( 'NONE',  ( -0.4805302351775577741, 4.799949999999999939, 0.5903872121026271236 ) ) ;
#994 = DIRECTION ( 'NONE',  ( -1.000000000000000000, -0.0000000000000000000, 0.0000000000000000000 ) ) ;
#995 = CARTESIAN_POINT ( 'NONE',  ( -0.3977848528515972037, 4.799999999999999822, 0.6696478429424270740 ) ) ;
#996 = VECTOR ( 'NONE', #4289, 1000.000000000000000 ) ;
#997 = CARTESIAN_POINT ( 'NONE',  ( 1.282905168089969683, 4.799999999999999822, -0.1631667636492198370 ) ) ;
#998 = VERTEX_POINT ( 'NONE', #453 ) ;
#999 = FACE_OUTER_BOUND ( 'NONE', #3999, .T. ) ;
#1000 = VERTEX_POINT ( 'NONE', #2673 ) ;
#1001 = CARTESIAN_POINT ( 'NONE',  ( -0.5057270351775597916, 4.799949999999999939, 0.2957472121026258893 ) ) ;
#1002 = B_SPLINE_CURVE_WITH_KNOTS ( 'NONE', 3,
 ( #2737, #520, #4605, #90, #818, #1221 ),
 .UNSPECIFIED., .F., .F.,
 ( 4, 2, 4 ),
 ( 0.0000000000000000000, 0.5000000000000002220, 1.000000000000000000 ),
 .UNSPECIFIED. ) ;
#1003 = CARTESIAN_POINT ( 'NONE',  ( -0.4389456080805456129, 4.799999999999999822, 0.6892016337091536604 ) ) ;
#1004 = CARTESIAN_POINT ( 'NONE',  ( 3.585735931288071665, 4.665735931288071292, 3.474999999999999645 ) ) ;
#1005 = CARTESIAN_POINT ( 'NONE',  ( -1.066678309413574999, 4.799949999999942207, 0.5980249935497122804 ) ) ;
#1006 = MECHANICAL_DESIGN_GEOMETRIC_PRESENTATION_REPRESENTATION (  '', ( #1235 ), #3189 ) ;
#1007 = ORIENTED_EDGE ( 'NONE', *, *, #2006, .F. ) ;
#1008 = CARTESIAN_POINT ( 'NONE',  ( -0.1501270351775795264, 4.799949999999999939, -0.7730847878973819975 ) ) ;
#1009 = STYLED_ITEM ( 'NONE', ( #2565 ), #2306 ) ;
#1010 =( NAMED_UNIT ( * ) SI_UNIT ( $, .STERADIAN. ) SOLID_ANGLE_UNIT ( ) );
#1011 = CARTESIAN_POINT ( 'NONE',  ( -0.1300351342448280711, 4.800000000000000711, 0.5327299758616850234 ) ) ;
#1012 = COLOUR_RGB ( '',0.0000000000000000000, 0.0000000000000000000, 0.0000000000000000000 ) ;
#1013 = CARTESIAN_POINT ( 'NONE',  ( 0.1416010921185604787, 4.800000000000001599, 0.5360429409742272222 ) ) ;
#1014 = EDGE_CURVE ( 'NONE', #716, #1031, #2675, .T. ) ;
#1015 = CARTESIAN_POINT ( 'NONE',  ( -0.1806158496938184976, 4.800000000000000711, -0.4219954969945088896 ) ) ;
#1016 = CARTESIAN_POINT ( 'NONE',  ( -2.036323429541913033, 4.799999999999999822, 0.2225657292142684540 ) ) ;
#1017 = CARTESIAN_POINT ( 'NONE',  ( -0.1875158351775998988, 4.799949999999999939, -1.853295987897385810 ) ) ;
#1018 = CARTESIAN_POINT ( 'NONE',  ( -1.066678309413574777, 4.799949999999745920, 0.2234845523732418571 ) ) ;
#1019 = CARTESIAN_POINT ( 'NONE',  ( -2.025686270443897818, 4.800000000000000711, 0.4593980012731537776 ) ) ;
#1020 = CARTESIAN_POINT ( 'NONE',  ( 0.6627023533223999063, 4.800000000000000711, -0.3442752151741478306 ) ) ;
#1021 = CARTESIAN_POINT ( 'NONE',  ( -0.3472054271685947602, 4.799999999999999822, 1.549071281577638182 ) ) ;
#1022 = ORIENTED_EDGE ( 'NONE', *, *, #3192, .T. ) ;
#1023 = CARTESIAN_POINT ( 'NONE',  ( -1.045069579869120080, 4.799999999999999822, 1.082150501892432004 ) ) ;
#1024 = ORIENTED_EDGE ( 'NONE', *, *, #3695, .F. ) ;
#1025 = CARTESIAN_POINT ( 'NONE',  ( 0.1876327827830971684, 4.799999999999998934, -1.391631175103806184 ) ) ;
#1026 = CARTESIAN_POINT ( 'NONE',  ( -0.3634222105684530302, 4.800000000000000711, 0.4047153910899216056 ) ) ;
#1027 = LINE ( 'NONE', #3994, #4767 ) ;
#1028 = CARTESIAN_POINT ( 'NONE',  ( 0.1985641648223970823, 4.799949999999999939, -2.021951987897389724 ) ) ;
#1029 = EDGE_CURVE ( 'NONE', #4087, #1738, #2045, .T. ) ;
#1030 = CARTESIAN_POINT ( 'NONE',  ( -3.799999999999999822, 3.299999999999999378, -1.334999999999999964 ) ) ;
#1031 = VERTEX_POINT ( 'NONE', #2343 ) ;
#1032 = SURFACE_STYLE_USAGE ( .BOTH. , #3969 ) ;
#1033 = CARTESIAN_POINT ( 'NONE',  ( -2.032818760528934288, 4.800000000000000711, 0.5904180497182524023 ) ) ;
#1034 = EDGE_CURVE ( 'NONE', #4703, #2295, #4494, .T. ) ;
#1035 = CARTESIAN_POINT ( 'NONE',  ( -0.06004280349299306874, 4.800000000000001599, 0.5513494457663525861 ) ) ;
#1036 = B_SPLINE_CURVE_WITH_KNOTS ( 'NONE', 3,
 ( #4665, #2802, #202, #2145, #4006, #3265, #3290, #661, #322, #3656, #4773 ),
 .UNSPECIFIED., .F., .F.,
 ( 4, 2, 1, 2, 2, 4 ),
 ( 0.0000000000000000000, 0.2500000000000206501, 0.3750000000000258127, 0.4375000000000299760, 0.5000000000000340838, 1.000000000000000000 ),
 .UNSPECIFIED. ) ;
#1037 = CARTESIAN_POINT ( 'NONE',  ( -1.043791413056446515, 4.799999999999998934, -0.4890014568830182706 ) ) ;
#1038 = CARTESIAN_POINT ( 'NONE',  ( -1.044218694275670156, 4.799999999999999822, 0.5574760116799006848 ) ) ;
#1039 = CARTESIAN_POINT ( 'NONE',  ( 0.1814953648224086336, 4.799949999999999939, -1.313596787897388651 ) ) ;
#1040 = CARTESIAN_POINT ( 'NONE',  ( 0.6929848249527144066, 4.799949999999915562, 0.3646365451743095454 ) ) ;
#1041 = CARTESIAN_POINT ( 'NONE',  ( -2.002397034952340338, 4.800000000000000711, 0.4640864507711031095 ) ) ;
#1042 =( NAMED_UNIT ( * ) PLANE_ANGLE_UNIT ( ) SI_UNIT ( $, .RADIAN. ) );
#1043 = ADVANCED_FACE ( 'NONE', ( #941 ), #1304, .F. ) ;
#1044 = CARTESIAN_POINT ( 'NONE',  ( -2.043011030001809836, 4.799949999999952865, 0.2885121259026536267 ) ) ;
#1045 = ORIENTED_EDGE ( 'NONE', *, *, #1937, .T. ) ;
#1046 = DIRECTION ( 'NONE',  ( 0.0000000000000000000, -1.314184451497581259E-16, -1.000000000000000000 ) ) ;
#1047 = ORIENTED_EDGE ( 'NONE', *, *, #498, .T. ) ;
#1048 = CARTESIAN_POINT ( 'NONE',  ( -2.064999999999998614, 4.799999999999999822, -2.564999999999999059 ) ) ;
#1049 = CARTESIAN_POINT ( 'NONE',  ( -3.410000000000000586, 4.790000000000000036, -3.475000000000000533 ) ) ;
#1050 = CYLINDRICAL_SURFACE ( 'NONE', #344, 0.5000000000000000000 ) ;
#1051 = CARTESIAN_POINT ( 'NONE',  ( 0.07298656482246020094, 4.799949999999999939, 1.721398412102620457 ) ) ;
#1052 = CARTESIAN_POINT ( 'NONE',  ( -1.990851103531222410, 4.799949999999915562, -0.4791808888032290104 ) ) ;
#1053 = ORIENTED_EDGE ( 'NONE', *, *, #3222, .T. ) ;
#1054 = CARTESIAN_POINT ( 'NONE',  ( -0.2350493415822227650, 4.799999999999999822, -0.9178061106893385945 ) ) ;
#1055 = SURFACE_STYLE_FILL_AREA ( #4415 ) ;
#1056 = B_SPLINE_CURVE_WITH_KNOTS ( 'NONE', 3,
 ( #2179, #4825, #4041, #4783 ),
 .UNSPECIFIED., .F., .F.,
 ( 4, 4 ),
 ( 0.0000000000000000000, 1.000000000000000000 ),
 .UNSPECIFIED. ) ;
#1057 = CARTESIAN_POINT ( 'NONE',  ( -2.040971049230588363, 4.800000000000001599, 0.5679181993065341993 ) ) ;
#1058 = DIRECTION ( 'NONE',  ( 0.0000000000000000000, 0.0000000000000000000, -1.000000000000000000 ) ) ;
#1059 = B_SPLINE_CURVE_WITH_KNOTS ( 'NONE', 3,
 ( #4794, #2924, #1867, #1514, #1798, #4153, #3378, #735, #1890 ),
 .UNSPECIFIED., .F., .F.,
 ( 4, 1, 2, 2, 4 ),
 ( 0.0000000000000000000, 0.2499999999999963363, 0.3749999999999975020, 0.4999999999999986677, 1.000000000000000000 ),
 .UNSPECIFIED. ) ;
#1060 = VERTEX_POINT ( 'NONE', #3877 ) ;
#1061 = DIRECTION ( 'NONE',  ( -1.000000000000000000, 0.0000000000000000000, 0.0000000000000000000 ) ) ;
#1062 = CARTESIAN_POINT ( 'NONE',  ( 0.6421927199221715288, 4.799999999999998934, 0.2690800269723215843 ) ) ;
#1063 = CARTESIAN_POINT ( 'NONE',  ( -1.460979780001809836, 4.799949999999941319, 0.8213705817850065483 ) ) ;
#1064 = EDGE_CURVE ( 'NONE', #1492, #3400, #1723, .T. ) ;
#1065 = B_SPLINE_CURVE_WITH_KNOTS ( 'NONE', 3,
 ( #1573, #1237, #911, #3907 ),
 .UNSPECIFIED., .F., .F.,
 ( 4, 4 ),
 ( 0.0000000000000000000, 1.000000000000000000 ),
 .UNSPECIFIED. ) ;
#1066 = SURFACE_SIDE_STYLE ('',( #4844 ) ) ;
#1067 = CARTESIAN_POINT ( 'NONE',  ( -1.095170956472398149, 4.799949999999693517, 1.180286022961477110 ) ) ;
#1068 = ORIENTED_EDGE ( 'NONE', *, *, #4724, .F. ) ;
#1069 = CARTESIAN_POINT ( 'NONE',  ( 0.02451526136035781650, 4.799999999999999822, -1.298609357974433554 ) ) ;
#1070 = ORIENTED_EDGE ( 'NONE', *, *, #4270, .F. ) ;
#1071 = EDGE_CURVE ( 'NONE', #4679, #1856, #1154, .T. ) ;
#1072 = LINE ( 'NONE', #2158, #748 ) ;
#1073 = CARTESIAN_POINT ( 'NONE',  ( -0.008293435177549740578, 4.799949999999999939, 0.7440064121026175314 ) ) ;
#1074 = STYLED_ITEM ( 'NONE', ( #2987 ), #385 ) ;
#1075 = CARTESIAN_POINT ( 'NONE',  ( 0.1326580803954960364, 4.799999999999999822, -0.3342124323683037801 ) ) ;
#1076 =( LENGTH_UNIT ( ) NAMED_UNIT ( * ) SI_UNIT ( .MILLI., .METRE. ) );
#1077 = ORIENTED_EDGE ( 'NONE', *, *, #1361, .F. ) ;
#1078 =( NAMED_UNIT ( * ) PLANE_ANGLE_UNIT ( ) SI_UNIT ( $, .RADIAN. ) );
#1079 = VECTOR ( 'NONE', #3977, 1000.000000000000000 ) ;
#1080 = LINE ( 'NONE', #1414, #3653 ) ;
#1081 = DIRECTION ( 'NONE',  ( 1.000000000000000000, 0.0000000000000000000, -0.0000000000000000000 ) ) ;
#1082 =( GEOMETRIC_REPRESENTATION_CONTEXT ( 3 ) GLOBAL_UNCERTAINTY_ASSIGNED_CONTEXT ( ( #113 ) ) GLOBAL_UNIT_ASSIGNED_CONTEXT ( ( #4067, #4805, #2932 ) ) REPRESENTATION_CONTEXT ( 'NONE', 'WORKASPACE' ) );
#1083 = CARTESIAN_POINT ( 'NONE',  ( -0.1234071117003124329, 4.799999999999999822, 0.5341636367045410339 ) ) ;
#1084 = ORIENTED_EDGE ( 'NONE', *, *, #1122, .F. ) ;
#1085 = ORIENTED_EDGE ( 'NONE', *, *, #3578, .F. ) ;
#1086 = CARTESIAN_POINT ( 'NONE',  ( 0.6644921778938910339, 4.799949999999983064, 0.2265391187037212872 ) ) ;
#1087 = PRESENTATION_LAYER_ASSIGNMENT (  '', '', ( #1793 ) ) ;
#1088 = EDGE_CURVE ( 'NONE', #4544, #2356, #990, .T. ) ;
#1089 = CARTESIAN_POINT ( 'NONE',  ( -0.3179702351775378633, 4.799949999999999939, 1.443014412102624711 ) ) ;
#1090 = CARTESIAN_POINT ( 'NONE',  ( -3.710000000000000409, 4.490000000000000213, 3.474999999999999645 ) ) ;
#1091 = CARTESIAN_POINT ( 'NONE',  ( 0.1071241648224093013, 4.799949999999999939, -1.316441587897388299 ) ) ;
#1092 = LINE ( 'NONE', #4493, #3975 ) ;
#1093 = CARTESIAN_POINT ( 'NONE',  ( 0.1250057648224563167, 4.799949999999999939, 1.219900812102616694 ) ) ;
#1094 = ORIENTED_EDGE ( 'NONE', *, *, #2417, .T. ) ;
#1095 = EDGE_CURVE ( 'NONE', #998, #1347, #739, .T. ) ;
#1096 = CARTESIAN_POINT ( 'NONE',  ( 0.01202656482241284790, 4.799949999999999939, -0.9665311878973864568 ) ) ;
#1097 = VERTEX_POINT ( 'NONE', #3928 ) ;
#1098 = B_SPLINE_CURVE_WITH_KNOTS ( 'NONE', 3,
 ( #3613, #2827, #228, #4296, #1746, #2850, #1648, #4342, #4744 ),
 .UNSPECIFIED., .F., .F.,
 ( 4, 1, 2, 2, 4 ),
 ( 0.0000000000000000000, 0.2499999999999981126, 0.3749999999999971689, 0.4999999999999962252, 1.000000000000000000 ),
 .UNSPECIFIED. ) ;
#1099 = CARTESIAN_POINT ( 'NONE',  ( -0.1363094351775860635, 4.799949999999999939, -1.294495987897384515 ) ) ;
#1100 = CARTESIAN_POINT ( 'NONE',  ( 3.409999999999998810, 4.790000000000000036, -3.175000000000000711 ) ) ;
#1101 = SURFACE_STYLE_FILL_AREA ( #2544 ) ;
#1102 =( GEOMETRIC_REPRESENTATION_CONTEXT ( 3 ) GLOBAL_UNCERTAINTY_ASSIGNED_CONTEXT ( ( #261 ) ) GLOBAL_UNIT_ASSIGNED_CONTEXT ( ( #2548, #1078, #3558 ) ) REPRESENTATION_CONTEXT ( 'NONE', 'WORKASPACE' ) );
#1103 = CARTESIAN_POINT ( 'NONE',  ( -0.4179446351775598090, 4.799949999999999939, 0.6058304121026250044 ) ) ;
#1104 = ADVANCED_FACE ( 'NONE', ( #3948 ), #964, .T. ) ;
#1105 = CARTESIAN_POINT ( 'NONE',  ( -1.095170956472398149, 4.799949999999693517, 1.180286022961477110 ) ) ;
#1106 = CARTESIAN_POINT ( 'NONE',  ( -0.07167968538408238388, 4.800000000000000711, 1.247897425236980107 ) ) ;
#1107 = CARTESIAN_POINT ( 'NONE',  ( 0.1367913648224021450, 4.799949999999999939, -1.717151987897389098 ) ) ;
#1108 = LINE ( 'NONE', #3632, #427 ) ;
#1109 = LINE ( 'NONE', #4101, #2190 ) ;
#1110 = ORIENTED_EDGE ( 'NONE', *, *, #2762, .T. ) ;
#1111 = CARTESIAN_POINT ( 'NONE',  ( 0.2031652190493335453, 4.799999999999999822, 0.7468659170960562088 ) ) ;
#1112 = CARTESIAN_POINT ( 'NONE',  ( -2.065000000000000391, 4.799999999999999822, -2.064999999999999059 ) ) ;
#1113 = CARTESIAN_POINT ( 'NONE',  ( -1.066678309413574999, 4.799949999999942207, 0.5980249935497122804 ) ) ;
#1114 = CARTESIAN_POINT ( 'NONE',  ( -0.1021718351775745270, 4.799949999999999939, -0.4008223878973817822 ) ) ;
#1115 = CARTESIAN_POINT ( 'NONE',  ( -0.3919350351775530150, 4.799949999999999939, 0.6480960121026247966 ) ) ;
#1116 = FACE_BOUND ( 'NONE', #3019, .T. ) ;
#1117 = VERTEX_POINT ( 'NONE', #227 ) ;
#1118 = CARTESIAN_POINT ( 'NONE',  ( 1.650000000000000133, -0.09999999999999993616, 1.335000000000000409 ) ) ;
#1119 = ORIENTED_EDGE ( 'NONE', *, *, #2646, .T. ) ;
#1120 = CARTESIAN_POINT ( 'NONE',  ( -0.1109117967508305297, 4.799999999999999822, -0.7287385836951716378 ) ) ;
#1121 = DIRECTION ( 'NONE',  ( 0.0000000000000000000, -1.000000000000000000, 0.0000000000000000000 ) ) ;
#1122 = EDGE_CURVE ( 'NONE', #563, #3133, #686, .T. ) ;
#1123 = SURFACE_SIDE_STYLE ('',( #4852 ) ) ;
#1124 = ORIENTED_EDGE ( 'NONE', *, *, #1193, .T. ) ;
#1125 = CARTESIAN_POINT ( 'NONE',  ( 0.1315081648224220023, 4.799949999999999939, -0.6182463878973862847 ) ) ;
#1126 = SURFACE_SIDE_STYLE ('',( #1055 ) ) ;
#1127 = ADVANCED_FACE ( 'NONE', ( #2873 ), #4838, .T. ) ;
#1128 = ORIENTED_EDGE ( 'NONE', *, *, #725, .F. ) ;
#1129 = DIRECTION ( 'NONE',  ( 0.0000000000000000000, 0.0000000000000000000, -1.000000000000000000 ) ) ;
#1130 = ORIENTED_EDGE ( 'NONE', *, *, #2417, .F. ) ;
#1131 = CARTESIAN_POINT ( 'NONE',  ( -0.1712382740500705269, 4.800000000000000711, -1.231521872436380782 ) ) ;
#1132 = CARTESIAN_POINT ( 'NONE',  ( 1.640819214850275820, 4.799999999999999822, -0.2760601768598694439 ) ) ;
#1133 = FILL_AREA_STYLE ('',( #343 ) ) ;
#1134 = CARTESIAN_POINT ( 'NONE',  ( -2.028957175318585104, 4.799999999999998046, -0.4660791211816870394 ) ) ;
#1135 = ORIENTED_EDGE ( 'NONE', *, *, #1473, .F. ) ;
#1136 = CARTESIAN_POINT ( 'NONE',  ( 1.588664972011538667, 4.799950000000012373, -0.3442329401198082617 ) ) ;
#1137 = VERTEX_POINT ( 'NONE', #2554 ) ;
#1138 = CARTESIAN_POINT ( 'NONE',  ( 0.1338122177926340806, 4.799999999999998934, -0.009810482825312641722 ) ) ;
#1139 = ORIENTED_EDGE ( 'NONE', *, *, #2640, .F. ) ;
#1140 = CARTESIAN_POINT ( 'NONE',  ( -0.07724434475217943630, 4.800000000000001599, 0.9184617105965084960 ) ) ;
#1141 = CARTESIAN_POINT ( 'NONE',  ( -1.246978554511614101, 4.799999999999999822, -0.5579952270385228896 ) ) ;
#1142 = CARTESIAN_POINT ( 'NONE',  ( -0.3217616518798156466, 4.800000000000000711, -1.637857071888102700 ) ) ;
#1143 = VERTEX_POINT ( 'NONE', #2599 ) ;
#1144 = CARTESIAN_POINT ( 'NONE',  ( 0.4605239985017444138, 4.799999999999999822, -1.195604378300851645 ) ) ;
#1145 = EDGE_CURVE ( 'NONE', #318, #2131, #3852, .T. ) ;
#1146 = CARTESIAN_POINT ( 'NONE',  ( 0.01701448859811444114, 4.799999999999998934, -0.4372532101179021358 ) ) ;
#1147 = EDGE_LOOP ( 'NONE', ( #185, #2421, #1323, #2848, #1667, #1927, #381 ) ) ;
#1148 = SURFACE_STYLE_FILL_AREA ( #1909 ) ;
#1149 = VECTOR ( 'NONE', #3366, 1000.000000000000000 ) ;
#1150 = VERTEX_POINT ( 'NONE', #4005 ) ;
#1151 = EDGE_CURVE ( 'NONE', #2293, #1405, #262, .T. ) ;
#1152 = B_SPLINE_CURVE_WITH_KNOTS ( 'NONE', 3,
 ( #2049, #1377, #2388, #2457, #4319, #942, #965, #3949, #3879 ),
 .UNSPECIFIED., .F., .F.,
 ( 4, 1, 2, 2, 4 ),
 ( 0.0000000000000000000, 0.2499999999999993894, 0.3749999999999999445, 0.5000000000000005551, 1.000000000000000000 ),
 .UNSPECIFIED. ) ;
#1153 = CARTESIAN_POINT ( 'NONE',  ( -1.772254289805731631, 4.799999999999999822, 0.06256237100069285406 ) ) ;
#1154 = B_SPLINE_CURVE_WITH_KNOTS ( 'NONE', 3,
 ( #2774, #176, #3585, #2071, #504, #2434, #2025, #201, #3165, #2800, #3190, #1674, #4341, #4664, #611 ),
 .UNSPECIFIED., .F., .F.,
 ( 4, 1, 1, 2, 2, 1, 2, 2, 4 ),
 ( 0.0000000000000000000, 0.2500000000000134892, 0.3750000000000195954, 0.4375000000000241474, 0.5000000000000286438, 0.6250000000000363043, 0.6875000000000400791, 0.7500000000000439648, 1.000000000000000000 ),
 .UNSPECIFIED. ) ;
#1155 = EDGE_CURVE ( 'NONE', #4654, #1209, #2188, .T. ) ;
#1156 =( LENGTH_UNIT ( ) NAMED_UNIT ( * ) SI_UNIT ( .MILLI., .METRE. ) );
#1157 =( GEOMETRIC_REPRESENTATION_CONTEXT ( 3 ) GLOBAL_UNCERTAINTY_ASSIGNED_CONTEXT ( ( #3864 ) ) GLOBAL_UNIT_ASSIGNED_CONTEXT ( ( #4133, #756, #254 ) ) REPRESENTATION_CONTEXT ( 'NONE', 'WORKASPACE' ) );
#1158 = CARTESIAN_POINT ( 'NONE',  ( -2.019343750590045339, 4.799949999999983064, -0.6172783152738173795 ) ) ;
#1159 = CARTESIAN_POINT ( 'NONE',  ( -0.1717905603893369049, 4.800000000000001599, -1.701748832935671585 ) ) ;
#1160 = PRESENTATION_LAYER_ASSIGNMENT (  '', '', ( #3275 ) ) ;
#1161 = B_SPLINE_CURVE_WITH_KNOTS ( 'NONE', 3,
 ( #2514, #1775, #4424, #2974 ),
 .UNSPECIFIED., .F., .F.,
 ( 4, 4 ),
 ( 0.0000000000000000000, 1.000000000000000000 ),
 .UNSPECIFIED. ) ;
#1162 = EDGE_LOOP ( 'NONE', ( #2448, #4135, #1045, #3395, #2843, #550, #1882, #848, #2690, #4404, #1584, #2079, #4310, #699, #2638, #1850 ) ) ;
#1163 = CARTESIAN_POINT ( 'NONE',  ( -0.5283492920334015297, 4.800000000000001599, 1.385325044423626029 ) ) ;
#1164 = ORIENTED_EDGE ( 'NONE', *, *, #2442, .F. ) ;
#1165 = CARTESIAN_POINT ( 'NONE',  ( -1.648709559413574777, 4.799949999999987504, 0.8142474200203005941 ) ) ;
#1166 = AXIS2_PLACEMENT_3D ( 'NONE', #1264, #2783, #813 ) ;
#1167 = VERTEX_POINT ( 'NONE', #636 ) ;
#1168 = CARTESIAN_POINT ( 'NONE',  ( 0.1274441648224551582, 4.799949999999999939, 1.392214412102615873 ) ) ;
#1169 = DIRECTION ( 'NONE',  ( 1.000000000000000000, 0.0000000000000000000, -0.0000000000000000000 ) ) ;
#1170 = CARTESIAN_POINT ( 'NONE',  ( 2.065000000000000391, 4.799999999999999822, 2.064999999999999059 ) ) ;
#1171 = ORIENTED_EDGE ( 'NONE', *, *, #4202, .T. ) ;
#1172 = CARTESIAN_POINT ( 'NONE',  ( -1.095170956472398593, 4.799950000000012373, -0.3645209623326407522 ) ) ;
#1173 = ORIENTED_EDGE ( 'NONE', *, *, #1842, .T. ) ;
#1174 = FILL_AREA_STYLE_COLOUR ( '', #3739 ) ;
#1175 = CARTESIAN_POINT ( 'NONE',  ( 0.1918839648224075767, 4.800000000000000711, -1.600903984112224787 ) ) ;
#1176 = ORIENTED_EDGE ( 'NONE', *, *, #346, .F. ) ;
#1177 = VERTEX_POINT ( 'NONE', #296 ) ;
#1178 = B_SPLINE_CURVE_WITH_KNOTS ( 'NONE', 3,
 ( #743, #4142, #2592, #2958, #3347, #1142, #2684, #3419, #2326 ),
 .UNSPECIFIED., .F., .F.,
 ( 4, 1, 2, 2, 4 ),
 ( 0.0000000000000000000, 0.2500000000000010547, 0.3750000000000008327, 0.5000000000000006661, 1.000000000000000000 ),
 .UNSPECIFIED. ) ;
#1179 = CARTESIAN_POINT ( 'NONE',  ( 0.1987383105955594087, 4.799999999999999822, 0.7704077071091735007 ) ) ;
#1180 = EDGE_CURVE ( 'NONE', #462, #1534, #3264, .T. ) ;
#1181 =( LENGTH_UNIT ( ) NAMED_UNIT ( * ) SI_UNIT ( .MILLI., .METRE. ) );
#1182 = CYLINDRICAL_SURFACE ( 'NONE', #2722, 0.2999999999999999334 ) ;
#1183 = CARTESIAN_POINT ( 'NONE',  ( 2.565000000000000391, 4.799999999999999822, -2.064999999999995506 ) ) ;
#1184 = LINE ( 'NONE', #687, #2034 ) ;
#1185 =( NAMED_UNIT ( * ) SI_UNIT ( $, .STERADIAN. ) SOLID_ANGLE_UNIT ( ) );
#1186 = CARTESIAN_POINT ( 'NONE',  ( 0.08761696482245326378, 4.799949999999999939, 1.119926412102618452 ) ) ;
#1187 = ORIENTED_EDGE ( 'NONE', *, *, #2573, .F. ) ;
#1188 = SURFACE_STYLE_FILL_AREA ( #155 ) ;
#1189 = VERTEX_POINT ( 'NONE', #2942 ) ;
#1190 = CARTESIAN_POINT ( 'NONE',  ( 0.08707676501027249161, 4.799999999999999822, -0.08587143049901725667 ) ) ;
#1191 = ORIENTED_EDGE ( 'NONE', *, *, #1759, .T. ) ;
#1192 = CARTESIAN_POINT ( 'NONE',  ( -0.5658742351775589707, 4.799949999999999939, 0.3428896121026269728 ) ) ;
#1193 = EDGE_CURVE ( 'NONE', #2133, #3597, #4090, .T. ) ;
#1194 = CARTESIAN_POINT ( 'NONE',  ( 0.6408248984821263150, 4.799950000000211325, -0.2782862489433373110 ) ) ;
#1195 = SURFACE_STYLE_USAGE ( .BOTH. , #1123 ) ;
#1196 = VERTEX_POINT ( 'NONE', #1493 ) ;
#1197 = ORIENTED_EDGE ( 'NONE', *, *, #3787, .F. ) ;
#1198 = CARTESIAN_POINT ( 'NONE',  ( -1.043027111949361041, 4.800000000000000711, -0.5397348447819239059 ) ) ;
#1199 = CARTESIAN_POINT ( 'NONE',  ( 0.1798697648224614754, 4.799949999999999939, 1.721398412102616460 ) ) ;
#1200 = VERTEX_POINT ( 'NONE', #4218 ) ;
#1201 = PRESENTATION_STYLE_ASSIGNMENT (( #3743 ) ) ;
#1202 = VERTEX_POINT ( 'NONE', #2040 ) ;
#1203 = DIRECTION ( 'NONE',  ( 0.0000000000000000000, -1.000000000000000000, 0.0000000000000000000 ) ) ;
#1204 = CARTESIAN_POINT ( 'NONE',  ( -0.2440054351775955976, 4.799949999999999939, -1.841103987897381833 ) ) ;
#1205 = LINE ( 'NONE', #4798, #1713 ) ;
#1206 = CARTESIAN_POINT ( 'NONE',  ( 0.008536029808116588069, 4.799999999999998934, 0.7459075785065824027 ) ) ;
#1207 = CARTESIAN_POINT ( 'NONE',  ( -0.5577462351775922533, 4.799949999999999939, -1.427388787897378331 ) ) ;
#1208 = CARTESIAN_POINT ( 'NONE',  ( -1.460979780001809836, 4.799949999999941319, 0.8213705817850065483 ) ) ;
#1209 = VERTEX_POINT ( 'NONE', #4190 ) ;
#1210 = ORIENTED_EDGE ( 'NONE', *, *, #854, .F. ) ;
#1211 = CARTESIAN_POINT ( 'NONE',  ( 0.1478337220218864656, 4.800000000000000711, -1.473079071214555391 ) ) ;
#1212 = EDGE_CURVE ( 'NONE', #3765, #4705, #928, .T. ) ;
#1213 = ORIENTED_EDGE ( 'NONE', *, *, #637, .F. ) ;
#1214 =( NAMED_UNIT ( * ) PLANE_ANGLE_UNIT ( ) SI_UNIT ( $, .RADIAN. ) );
#1215 = CARTESIAN_POINT ( 'NONE',  ( -0.2058923159319836771, 4.800000000000000711, 0.09175251095752338937 ) ) ;
#1216 = ORIENTED_EDGE ( 'NONE', *, *, #971, .T. ) ;
#1217 = B_SPLINE_CURVE_WITH_KNOTS ( 'NONE', 3,
 ( #665, #711, #2291, #2625 ),
 .UNSPECIFIED., .F., .F.,
 ( 4, 4 ),
 ( 0.0000000000000000000, 1.000000000000000000 ),
 .UNSPECIFIED. ) ;
#1218 = CARTESIAN_POINT ( 'NONE',  ( 0.07831208187305219171, 4.800000000000000711, -0.5571314179235928865 ) ) ;
#1219 = ORIENTED_EDGE ( 'NONE', *, *, #2927, .T. ) ;
#1220 = EDGE_CURVE ( 'NONE', #372, #2704, #3372, .T. ) ;
#1221 = CARTESIAN_POINT ( 'NONE',  ( -0.07453663517755296231, 4.799949999999999939, 0.9602112121026181724 ) ) ;
#1222 = CARTESIAN_POINT ( 'NONE',  ( 0.1376041648224399228, 4.799949999999999939, 0.3823104121026146274 ) ) ;
#1223 = ORIENTED_EDGE ( 'NONE', *, *, #2238, .T. ) ;
#1224 = DIRECTION ( 'NONE',  ( 0.0000000000000000000, 0.0000000000000000000, -1.000000000000000000 ) ) ;
#1225 = FILL_AREA_STYLE_COLOUR ( '', #1400 ) ;
#1226 = ORIENTED_EDGE ( 'NONE', *, *, #1729, .F. ) ;
#1227 = CARTESIAN_POINT ( 'NONE',  ( 1.035126369070361374, 4.799949999999987504, 0.01100603046842724315 ) ) ;
#1228 = CARTESIAN_POINT ( 'NONE',  ( -2.042042860029835705, 4.799999999999998934, -0.3287298036776118426 ) ) ;
#1229 = MECHANICAL_DESIGN_GEOMETRIC_PRESENTATION_REPRESENTATION (  '', ( #2946 ), #4593 ) ;
#1230 = CARTESIAN_POINT ( 'NONE',  ( -0.4723242724843219609, 4.800000000000000711, -1.716694890792364481 ) ) ;
#1231 = CARTESIAN_POINT ( 'NONE',  ( 0.1122257263090932766, 4.800000000000000711, 1.327796474558016415 ) ) ;
#1232 = CARTESIAN_POINT ( 'NONE',  ( 0.1456972271717515144, 4.799999999999999822, -1.273129327944458211 ) ) ;
#1233 = PRESENTATION_LAYER_ASSIGNMENT (  '', '', ( #4442 ) ) ;
#1234 = CARTESIAN_POINT ( 'NONE',  ( -2.010407337436965314, 4.799999999999999822, -0.4696244534554053218 ) ) ;
#1235 = STYLED_ITEM ( 'NONE', ( #3119 ), #1744 ) ;
#1236 = VERTEX_POINT ( 'NONE', #1864 ) ;
#1237 = CARTESIAN_POINT ( 'NONE',  ( -0.2579613039532926422, 4.799999999999999822, -0.8259818250837817066 ) ) ;
#1238 = CARTESIAN_POINT ( 'NONE',  ( 0.1444775698789913243, 4.800000000000001599, -0.8624694851269465445 ) ) ;
#1239 = VERTEX_POINT ( 'NONE', #3844 ) ;
#1240 =( GEOMETRIC_REPRESENTATION_CONTEXT ( 3 ) GLOBAL_UNCERTAINTY_ASSIGNED_CONTEXT ( ( #1316 ) ) GLOBAL_UNIT_ASSIGNED_CONTEXT ( ( #4638, #4660, #1010 ) ) REPRESENTATION_CONTEXT ( 'NONE', 'WORKASPACE' ) );
#1241 = DIRECTION ( 'NONE',  ( 0.0000000000000000000, -8.792748708719533714E-13, 1.000000000000000000 ) ) ;
#1242 = CARTESIAN_POINT ( 'NONE',  ( 0.6453749699012889529, 4.799999999999999822, -0.3297140531995432222 ) ) ;
#1243 = EDGE_CURVE ( 'NONE', #2356, #2426, #3617, .T. ) ;
#1244 = CARTESIAN_POINT ( 'NONE',  ( -0.1445294335590219803, 4.799999999999999822, -0.6797957761005324340 ) ) ;
#1245 = ORIENTED_EDGE ( 'NONE', *, *, #3192, .F. ) ;
#1246 = CARTESIAN_POINT ( 'NONE',  ( 0.1250057648224563167, 4.799949999999999939, 1.219900812102616694 ) ) ;
#1247 = CARTESIAN_POINT ( 'NONE',  ( 0.1247543326341595815, 4.800000000000000711, -0.7165393223077911600 ) ) ;
#1248 = AXIS2_PLACEMENT_3D ( 'NONE', #2989, #4485, #1129 ) ;
#1249 = EDGE_CURVE ( 'NONE', #4771, #3409, #2336, .T. ) ;
#1250 = ORIENTED_EDGE ( 'NONE', *, *, #3382, .T. ) ;
#1251 = B_SPLINE_CURVE_WITH_KNOTS ( 'NONE', 3,
 ( #1276, #2797, #3900, #529, #1692, #3187, #4688, #1326 ),
 .UNSPECIFIED., .F., .F.,
 ( 4, 2, 2, 4 ),
 ( 0.0000000000000000000, 0.2500000000000000000, 0.5000000000000000000, 1.000000000000000000 ),
 .UNSPECIFIED. ) ;
#1252 = DIRECTION ( 'NONE',  ( 0.0000000000000000000, -8.792748708714721284E-13, 1.000000000000000000 ) ) ;
#1253 = CARTESIAN_POINT ( 'NONE',  ( 0.01835232941446256899, 4.800000000000000711, -0.2419846917298848488 ) ) ;
#1254 = LINE ( 'NONE', #4171, #3891 ) ;
#1255 = CARTESIAN_POINT ( 'NONE',  ( -2.038500738447612814, 4.800000000000001599, 1.168962109905156810 ) ) ;
#1256 = CARTESIAN_POINT ( 'NONE',  ( -1.075274779118125634, 4.800000000000000711, 0.3672183475008736209 ) ) ;
#1257 = FILL_AREA_STYLE_COLOUR ( '', #830 ) ;
#1258 = EDGE_LOOP ( 'NONE', ( #676, #3477, #14, #4532 ) ) ;
#1259 = PRESENTATION_STYLE_ASSIGNMENT (( #3122 ) ) ;
#1260 = CARTESIAN_POINT ( 'NONE',  ( -0.04649503517755241427, 4.799949999999999939, 0.8179712121026199156 ) ) ;
#1261 = VERTEX_POINT ( 'NONE', #4263 ) ;
#1262 = CARTESIAN_POINT ( 'NONE',  ( -0.4781097280556455553, 4.799999999999999822, -1.462454426754831172 ) ) ;
#1263 = CARTESIAN_POINT ( 'NONE',  ( -0.1763775159319825037, 4.800000000000000711, 0.1193305609575230630 ) ) ;
#1264 = CARTESIAN_POINT ( 'NONE',  ( 0.4643497648224121921, 4.799899999999999167, -1.209151987897392866 ) ) ;
#1265 = ORIENTED_EDGE ( 'NONE', *, *, #2801, .T. ) ;
#1266 = CARTESIAN_POINT ( 'NONE',  ( -0.2115412277411592434, 4.800000000000001599, -0.7367813766469720749 ) ) ;
#1267 = ORIENTED_EDGE ( 'NONE', *, *, #4334, .F. ) ;
#1268 = CARTESIAN_POINT ( 'NONE',  ( -1.649999999999999467, -0.09999999999999988065, 1.335000000000000409 ) ) ;
#1269 = CARTESIAN_POINT ( 'NONE',  ( 3.409999999999998810, 0.2999999999999999334, -3.475000000000000533 ) ) ;
#1270 = VERTEX_POINT ( 'NONE', #3355 ) ;
#1271 = CARTESIAN_POINT ( 'NONE',  ( -0.4772790351775385576, 4.799949999999999939, 1.607200012102629527 ) ) ;
#1272 = VERTEX_POINT ( 'NONE', #2739 ) ;
#1273 = EDGE_CURVE ( 'NONE', #4823, #2572, #1619, .T. ) ;
#1274 = CARTESIAN_POINT ( 'NONE',  ( 0.1497961648224133413, 4.799949999999999939, -1.165260787897387740 ) ) ;
#1275 = CARTESIAN_POINT ( 'NONE',  ( -1.990851103531222410, 4.799950000000221983, -0.3534915505679346315 ) ) ;
#1276 = CARTESIAN_POINT ( 'NONE',  ( -0.2285622351775821182, 4.799949999999999939, -1.046185587897381586 ) ) ;
#1277 = CARTESIAN_POINT ( 'NONE',  ( 0.1627410470957563748, 4.800000000000000711, 1.296920296433564435 ) ) ;
#1278 = CARTESIAN_POINT ( 'NONE',  ( 0.05008890589581307257, 4.800000000000000711, 0.7518733980344560752 ) ) ;
#1279 = EDGE_CURVE ( 'NONE', #3400, #1270, #2792, .T. ) ;
#1280 = B_SPLINE_CURVE_WITH_KNOTS ( 'NONE', 3,
 ( #2770, #3136, #2692, #4194 ),
 .UNSPECIFIED., .F., .F.,
 ( 4, 4 ),
 ( 0.0000000000000000000, 1.000000000000000000 ),
 .UNSPECIFIED. ) ;
#1281 = CARTESIAN_POINT ( 'NONE',  ( 1.638224464142645775, 4.800000000000001599, 0.2753387495069943292 ) ) ;
#1282 = VERTEX_POINT ( 'NONE', #1292 ) ;
#1283 = CARTESIAN_POINT ( 'NONE',  ( 0.03478496482244020083, 4.799949999999999939, 0.4900064121026175279 ) ) ;
#1284 = CARTESIAN_POINT ( 'NONE',  ( 0.02334527289868903316, 4.799999999999998934, -0.9639191783413231240 ) ) ;
#1285 = CARTESIAN_POINT ( 'NONE',  ( -0.1363094351775860635, 4.799949999999999939, -1.294495987897384515 ) ) ;
#1286 = CARTESIAN_POINT ( 'NONE',  ( -0.3522619220604545354, 4.800000000000000711, -1.276327842533508949 ) ) ;
#1287 = B_SPLINE_CURVE_WITH_KNOTS ( 'NONE', 3,
 ( #564, #4344, #206, #4372, #944, #1017 ),
 .UNSPECIFIED., .F., .F.,
 ( 4, 2, 4 ),
 ( 0.0000000000000000000, 0.5000000000000000000, 1.000000000000000000 ),
 .UNSPECIFIED. ) ;
#1288 =( NAMED_UNIT ( * ) PLANE_ANGLE_UNIT ( ) SI_UNIT ( $, .RADIAN. ) );
#1289 = ORIENTED_EDGE ( 'NONE', *, *, #4448, .F. ) ;
#1290 = DIRECTION ( 'NONE',  ( 0.0000000000000000000, 0.0000000000000000000, 1.000000000000000000 ) ) ;
#1291 = ORIENTED_EDGE ( 'NONE', *, *, #664, .F. ) ;
#1292 = CARTESIAN_POINT ( 'NONE',  ( 0.1278505648224202706, 4.799949999999999939, -0.6113375878973860145 ) ) ;
#1293 = VERTEX_POINT ( 'NONE', #3893 ) ;
#1294 = CARTESIAN_POINT ( 'NONE',  ( 0.3043815955389788108, 4.800000000000000711, -1.152680738420248874 ) ) ;
#1295 = EDGE_CURVE ( 'NONE', #1586, #295, #3559, .T. ) ;
#1296 = CARTESIAN_POINT ( 'NONE',  ( 0.01542676496046825781, 4.799999999999999822, -0.2442227256721319073 ) ) ;
#1297 = ORIENTED_EDGE ( 'NONE', *, *, #2050, .F. ) ;
#1298 = CARTESIAN_POINT ( 'NONE',  ( -2.040137840326615937, 4.800000000000000711, -0.3425102564071187405 ) ) ;
#1299 = EDGE_CURVE ( 'NONE', #2865, #2531, #566, .T. ) ;
#1300 = CARTESIAN_POINT ( 'NONE',  ( -0.4692481397526260256, 4.799999999999999822, 0.3422333353355041519 ) ) ;
#1301 = APPLICATION_PROTOCOL_DEFINITION ( 'draft international standard', 'automotive_design', 1998, #2254 ) ;
#1302 = DIRECTION ( 'NONE',  ( 0.0000000000000000000, 0.0000000000000000000, -1.000000000000000000 ) ) ;
#1303 = PRESENTATION_LAYER_ASSIGNMENT (  '', '', ( #912 ) ) ;
#1304 = PLANE ( 'NONE',  #3185 ) ;
#1305 = DIRECTION ( 'NONE',  ( -0.0000000000000000000, 0.0000000000000000000, -1.000000000000000000 ) ) ;
#1306 = EDGE_LOOP ( 'NONE', ( #2259, #4141, #1833, #4528, #4589, #3048, #3623, #3239 ) ) ;
#1307 = CARTESIAN_POINT ( 'NONE',  ( -0.1501270351775795264, 4.799949999999999939, -0.7730847878973819975 ) ) ;
#1308 = AXIS2_PLACEMENT_3D ( 'NONE', #4154, #1593, #479 ) ;
#1309 = CARTESIAN_POINT ( 'NONE',  ( 3.585735931288069889, 4.665735931288071292, -3.475000000000000977 ) ) ;
#1310 =( LENGTH_UNIT ( ) NAMED_UNIT ( * ) SI_UNIT ( .MILLI., .METRE. ) );
#1311 = CARTESIAN_POINT ( 'NONE',  ( -1.081755523850074674, 4.800000000000000711, -1.195080295655084557 ) ) ;
#1312 = CARTESIAN_POINT ( 'NONE',  ( -0.2223575818956531891, 4.799999999999999822, -0.3861883861497596437 ) ) ;
#1313 = ORIENTED_EDGE ( 'NONE', *, *, #1729, .T. ) ;
#1314 = CARTESIAN_POINT ( 'NONE',  ( 0.2168521648224352449, 4.799949999999999939, 0.1063648121026128657 ) ) ;
#1315 = ORIENTED_EDGE ( 'NONE', *, *, #2867, .T. ) ;
#1316 = UNCERTAINTY_MEASURE_WITH_UNIT (LENGTH_MEASURE( 1.000000000000000082E-05 ), #4638, 'distance_accuracy_value', 'NONE');
#1317 = B_SPLINE_CURVE_WITH_KNOTS ( 'NONE', 3,
 ( #1165, #2656, #3491, #156 ),
 .UNSPECIFIED., .F., .F.,
 ( 4, 4 ),
 ( 0.0000000000000000000, 1.000000000000000000 ),
 .UNSPECIFIED. ) ;
#1318 = CARTESIAN_POINT ( 'NONE',  ( -0.2044312961795820005, 4.799999999999999822, -0.9616208881393428776 ) ) ;
#1319 = CARTESIAN_POINT ( 'NONE',  ( -0.07292947717801129270, 4.799999999999998934, -0.03580319949986575379 ) ) ;
#1320 = ORIENTED_EDGE ( 'NONE', *, *, #1565, .F. ) ;
#1321 = CARTESIAN_POINT ( 'NONE',  ( 0.1367913648224009793, 4.799999999999999822, -1.822951454564055718 ) ) ;
#1322 = CARTESIAN_POINT ( 'NONE',  ( -3.710000000000000409, 4.790000000000000036, 3.174999999999999822 ) ) ;
#1323 = ORIENTED_EDGE ( 'NONE', *, *, #3249, .T. ) ;
#1324 = AXIS2_PLACEMENT_3D ( 'NONE', #1490, #2308, #3793 ) ;
#1325 = CARTESIAN_POINT ( 'NONE',  ( -2.002397034952340338, 4.799999999999998934, -0.3594429609936027337 ) ) ;
#1326 = CARTESIAN_POINT ( 'NONE',  ( 0.01202656482241284790, 4.799949999999999939, -0.9665311878973864568 ) ) ;
#1327 = PRESENTATION_LAYER_ASSIGNMENT (  '', '', ( #530 ) ) ;
#1328 = CARTESIAN_POINT ( 'NONE',  ( 0.4262791083027542838, 4.800000000000000711, -1.173418221984789067 ) ) ;
#1329 = EDGE_CURVE ( 'NONE', #787, #2935, #2506, .T. ) ;
#1330 = COLOUR_RGB ( '',0.8274509803921568096, 0.8392156862745098200, 0.8274509803921568096 ) ;
#1331 = CARTESIAN_POINT ( 'NONE',  ( 0.1294761648224403150, 4.799949999999999939, 0.4526176121026172505 ) ) ;
#1332 = CARTESIAN_POINT ( 'NONE',  ( 1.640808816534574888, 4.800000000000000711, 0.3040825891956130400 ) ) ;
#1333 = CARTESIAN_POINT ( 'NONE',  ( 0.1182402519416169417, 4.799999999999998934, -0.9723332580670881464 ) ) ;
#1334 = CARTESIAN_POINT ( 'NONE',  ( -0.3950481538533712200, 4.799999999999999822, 1.353322697061247304 ) ) ;
#1335 = EDGE_CURVE ( 'NONE', #2322, #4232, #4731, .T. ) ;
#1336 = CARTESIAN_POINT ( 'NONE',  ( -0.5002340719681819259, 4.799999999999998934, 1.569352744520903009 ) ) ;
#1337 = CARTESIAN_POINT ( 'NONE',  ( 0.03977139620912836793, 4.799999999999999822, -1.380270124026016010 ) ) ;
#1338 = CARTESIAN_POINT ( 'NONE',  ( -0.3618614351775378823, 4.799949999999999939, 1.796176012102628006 ) ) ;
#1339 = ORIENTED_EDGE ( 'NONE', *, *, #1669, .F. ) ;
#1340 = CARTESIAN_POINT ( 'NONE',  ( -0.02170463517754683824, 4.799949999999999939, 1.266636812102618359 ) ) ;
#1341 = ORIENTED_EDGE ( 'NONE', *, *, #3427, .T. ) ;
#1342 = CARTESIAN_POINT ( 'NONE',  ( 0.1982621626265221870, 4.799999999999999822, -1.386232942407163993 ) ) ;
#1343 = EDGE_CURVE ( 'NONE', #1492, #4654, #117, .T. ) ;
#1344 = CARTESIAN_POINT ( 'NONE',  ( 0.3805462509513238833, 4.799999999999999822, -1.273697048769516282 ) ) ;
#1345 = CARTESIAN_POINT ( 'NONE',  ( -0.2476630351775990779, 4.799949999999999939, -1.700895987897382611 ) ) ;
#1346 = DIRECTION ( 'NONE',  ( -1.624272917581280413E-16, 0.0000000000000000000, 1.000000000000000000 ) ) ;
#1347 = VERTEX_POINT ( 'NONE', #2061 ) ;
#1348 = FILL_AREA_STYLE ('',( #1690 ) ) ;
#1349 = CARTESIAN_POINT ( 'NONE',  ( -2.017164706954263753, 4.799999999999999822, -0.3641319973200958793 ) ) ;
#1350 = CARTESIAN_POINT ( 'NONE',  ( -0.4376051339736961587, 4.799999999999999822, 0.3649441351006682543 ) ) ;
#1351 = CARTESIAN_POINT ( 'NONE',  ( 0.1315081648224220023, 4.799949999999999939, -0.6182463878973862847 ) ) ;
#1352 = CARTESIAN_POINT ( 'NONE',  ( 0.1050921648224380223, 4.799949999999999939, 0.2047136121026155997 ) ) ;
#1353 = CARTESIAN_POINT ( 'NONE',  ( -0.1940182351775499581, 4.799949999999999939, 1.112204812102622231 ) ) ;
#1354 = ORIENTED_EDGE ( 'NONE', *, *, #3808, .T. ) ;
#1355 = EDGE_CURVE ( 'NONE', #2371, #1466, #4613, .T. ) ;
#1356 = CARTESIAN_POINT ( 'NONE',  ( 0.1798697648224614754, 4.799949999999999939, 1.721398412102616460 ) ) ;
#1357 = CARTESIAN_POINT ( 'NONE',  ( -0.5017646256051492282, 4.800000000000000711, 1.566102282177496363 ) ) ;
#1358 = CARTESIAN_POINT ( 'NONE',  ( -1.095170956472398593, 4.799950000000012373, -1.188050374097346484 ) ) ;
#1359 = CARTESIAN_POINT ( 'NONE',  ( -2.004675335295997396, 4.799999999999999822, 0.3514350096832660753 ) ) ;
#1360 = VERTEX_POINT ( 'NONE', #978 ) ;
#1361 = EDGE_CURVE ( 'NONE', #1922, #1202, #983, .T. ) ;
#1362 = ORIENTED_EDGE ( 'NONE', *, *, #1879, .F. ) ;
#1363 = CARTESIAN_POINT ( 'NONE',  ( -3.585735931288072553, 4.665735931288071292, -3.475000000000000977 ) ) ;
#1364 = UNCERTAINTY_MEASURE_WITH_UNIT (LENGTH_MEASURE( 1.000000000000000082E-05 ), #3447, 'distance_accuracy_value', 'NONE');
#1365 = CARTESIAN_POINT ( 'NONE',  ( -0.1021718351775745270, 4.799949999999999939, -0.4008223878973817822 ) ) ;
#1366 = LINE ( 'NONE', #549, #2637 ) ;
#1367 = CARTESIAN_POINT ( 'NONE',  ( 2.565000000000000391, 4.799999999999999822, 2.064999999999995506 ) ) ;
#1368 = EDGE_CURVE ( 'NONE', #3326, #4027, #1946, .T. ) ;
#1369 = CARTESIAN_POINT ( 'NONE',  ( -0.07450998923293292164, 4.799999999999999822, -0.09717744025289296039 ) ) ;
#1370 = ORIENTED_EDGE ( 'NONE', *, *, #1639, .T. ) ;
#1371 = CARTESIAN_POINT ( 'NONE',  ( 1.485723795540949688, 4.799999999999999822, 0.1685581138017605007 ) ) ;
#1372 = CARTESIAN_POINT ( 'NONE',  ( -2.039546933825456154, 4.800000000000000711, 0.5756948523020606334 ) ) ;
#1373 = CARTESIAN_POINT ( 'NONE',  ( -0.1345016552383262454, 4.799999999999999822, 0.5317812974039934915 ) ) ;
#1374 = CARTESIAN_POINT ( 'NONE',  ( 0.1290697648224208571, 4.799999999999999822, -0.6136405212307195489 ) ) ;
#1375 = ORIENTED_EDGE ( 'NONE', *, *, #4601, .F. ) ;
#1376 = B_SPLINE_CURVE_WITH_KNOTS ( 'NONE', 3,
 ( #325, #3041, #2973, #2945, #4447, #3405, #1515, #2603, #1843, #26, #1544, #3014, #4514, #1158 ),
 .UNSPECIFIED., .F., .F.,
 ( 4, 1, 1, 2, 2, 2, 2, 4 ),
 ( 0.0000000000000000000, 0.2500000000000041633, 0.3750000000000077161, 0.4375000000000079381, 0.5000000000000082157, 0.6250000000000087708, 0.7500000000000092149, 1.000000000000000000 ),
 .UNSPECIFIED. ) ;
#1377 = CARTESIAN_POINT ( 'NONE',  ( -1.043016713633660775, 4.799999999999999822, -0.2963481990727085402 ) ) ;
#1378 = CARTESIAN_POINT ( 'NONE',  ( 0.2429992300438741093, 4.799999999999999822, -1.312835936726507446 ) ) ;
#1379 = CARTESIAN_POINT ( 'NONE',  ( -2.042982406693092834, 4.800000000000000711, 1.102000064628605891 ) ) ;
#1380 = CARTESIAN_POINT ( 'NONE',  ( -2.564999999999999503, 4.790000000000000036, -2.064999999999997282 ) ) ;
#1381 = AXIS2_PLACEMENT_3D ( 'NONE', #3548, #4383, #2039 ) ;
#1382 = ORIENTED_EDGE ( 'NONE', *, *, #1014, .F. ) ;
#1383 = CARTESIAN_POINT ( 'NONE',  ( -0.2469638818164017480, 4.800000000000001599, 0.3465189697445175687 ) ) ;
#1384 = ORIENTED_EDGE ( 'NONE', *, *, #3164, .F. ) ;
#1385 = STYLED_ITEM ( 'NONE', ( #781 ), #979 ) ;
#1386 =( LENGTH_UNIT ( ) NAMED_UNIT ( * ) SI_UNIT ( .MILLI., .METRE. ) );
#1387 = EDGE_CURVE ( 'NONE', #67, #811, #1027, .T. ) ;
#1388 = CARTESIAN_POINT ( 'NONE',  ( 0.1439115013552987321, 4.800000000000001599, -0.8876098381637236301 ) ) ;
#1389 = CARTESIAN_POINT ( 'NONE',  ( 1.614377613105854481, 4.799999999999999822, 0.3889706560336597674 ) ) ;
#1390 = CARTESIAN_POINT ( 'NONE',  ( -0.4711830351775917469, 4.799949999999999939, -1.469654387897377346 ) ) ;
#1391 = VECTOR ( 'NONE', #1305, 1000.000000000000000 ) ;
#1392 = VERTEX_POINT ( 'NONE', #3575 ) ;
#1393 = CARTESIAN_POINT ( 'NONE',  ( 2.565000000000000391, 4.799999999999999822, 2.064999999999997282 ) ) ;
#1394 = FACE_OUTER_BOUND ( 'NONE', #3387, .T. ) ;
#1395 = AXIS2_PLACEMENT_3D ( 'NONE', #1671, #174, #3874 ) ;
#1396 = CARTESIAN_POINT ( 'NONE',  ( -0.09808726765694193717, 4.800000000000000711, 0.09306865797123173301 ) ) ;
#1397 = VERTEX_POINT ( 'NONE', #216 ) ;
#1398 = DIRECTION ( 'NONE',  ( -0.0000000000000000000, -0.0000000000000000000, 1.000000000000000000 ) ) ;
#1399 = CARTESIAN_POINT ( 'NONE',  ( 0.6408535217908442050, 4.799999999999998934, 0.2987586750767547983 ) ) ;
#1400 = COLOUR_RGB ( '',1.000000000000000000, 1.000000000000000000, 1.000000000000000000 ) ;
#1401 = CARTESIAN_POINT ( 'NONE',  ( -3.710000000000000409, 4.790000000000000036, -3.175000000000000711 ) ) ;
#1402 = CARTESIAN_POINT ( 'NONE',  ( -0.2102696348036958707, 4.800000000000000711, 1.420121267713339464 ) ) ;
#1403 = CARTESIAN_POINT ( 'NONE',  ( -2.035838701458311473, 4.799999999999998934, 0.4662326247093237508 ) ) ;
#1404 = LINE ( 'NONE', #2217, #3662 ) ;
#1405 = VERTEX_POINT ( 'NONE', #1735 ) ;
#1406 = ORIENTED_EDGE ( 'NONE', *, *, #130, .F. ) ;
#1407 = CARTESIAN_POINT ( 'NONE',  ( 3.409999999999999698, 0.2999999999999999334, 3.474999999999999645 ) ) ;
#1408 = CARTESIAN_POINT ( 'NONE',  ( -1.553810662354751404, 4.799950000000002603, 0.7306077141379477835 ) ) ;
#1409 = CARTESIAN_POINT ( 'NONE',  ( -1.553810662354751404, 4.799950000000002603, -0.09292169762675818456 ) ) ;
#1410 = CARTESIAN_POINT ( 'NONE',  ( -0.1428118351775482797, 4.799949999999999939, 1.057747212102621903 ) ) ;
#1411 = CARTESIAN_POINT ( 'NONE',  ( -3.800000000000000266, -0.09999999999999982514, -1.334999999999999298 ) ) ;
#1412 = VERTEX_POINT ( 'NONE', #3626 ) ;
#1413 = EDGE_CURVE ( 'NONE', #3863, #111, #1366, .T. ) ;
#1414 = CARTESIAN_POINT ( 'NONE',  ( -2.564999999999999947, 4.799999999999999822, 2.064999999999999059 ) ) ;
#1415 = CARTESIAN_POINT ( 'NONE',  ( -2.027672091949653144, 4.799999999999999822, 0.5946553621135259871 ) ) ;
#1416 = CARTESIAN_POINT ( 'NONE',  ( -0.1084440383832339788, 4.800000000000000711, 0.5375833474321031202 ) ) ;
#1417 = EDGE_CURVE ( 'NONE', #2285, #2865, #2095, .T. ) ;
#1418 = ORIENTED_EDGE ( 'NONE', *, *, #3842, .T. ) ;
#1419 = CARTESIAN_POINT ( 'NONE',  ( -2.041643208561764400, 4.800000000000000711, 0.2487920047594633366 ) ) ;
#1420 = EDGE_CURVE ( 'NONE', #4102, #4721, #3964, .T. ) ;
#1421 = CARTESIAN_POINT ( 'NONE',  ( -0.1814198351775715978, 4.799949999999999939, -0.2910943878973795695 ) ) ;
#1422 = B_SPLINE_CURVE_WITH_KNOTS ( 'NONE', 3,
 ( #36, #4480, #1075, #2933, #4433, #4069, #2278, #3346, #2224, #2957, #3763 ),
 .UNSPECIFIED., .F., .F.,
 ( 4, 1, 1, 1, 2, 2, 4 ),
 ( 0.0000000000000000000, 0.2499999999999990008, 0.3749999999999984457, 0.4374999999999981126, 0.4687499999999977796, 0.4999999999999975020, 1.000000000000000000 ),
 .UNSPECIFIED. ) ;
#1423 = CARTESIAN_POINT ( 'NONE',  ( -1.066678309413574999, 4.799949999999942207, -0.2255044182149935350 ) ) ;
#1424 =( LENGTH_UNIT ( ) NAMED_UNIT ( * ) SI_UNIT ( .MILLI., .METRE. ) );
#1425 = FACE_BOUND ( 'NONE', #1162, .T. ) ;
#1426 = CARTESIAN_POINT ( 'NONE',  ( 2.064999999999996838, 4.799999999999999822, 2.564999999999999059 ) ) ;
#1427 = EDGE_LOOP ( 'NONE', ( #2727, #3055, #336, #2998, #279 ) ) ;
#1428 = SURFACE_STYLE_USAGE ( .BOTH. , #280 ) ;
#1429 = EDGE_LOOP ( 'NONE', ( #3251, #1164, #744, #1649, #3915, #2605 ) ) ;
#1430 = CARTESIAN_POINT ( 'NONE',  ( 0.08010262706749023132, 4.800000000000000711, 0.1250513188856813285 ) ) ;
#1431 = CARTESIAN_POINT ( 'NONE',  ( 0.02056015227682330207, 4.800000000000000711, 1.076684006469925015 ) ) ;
#1432 = CARTESIAN_POINT ( 'NONE',  ( 1.633639276257006001, 4.799999999999998934, 0.3832266579267185613 ) ) ;
#1433 = DIRECTION ( 'NONE',  ( -1.000000000000000000, -0.0000000000000000000, -0.0000000000000000000 ) ) ;
#1434 = ORIENTED_EDGE ( 'NONE', *, *, #3849, .F. ) ;
#1435 = CARTESIAN_POINT ( 'NONE',  ( 0.02970337640419280431, 4.799999999999999822, -0.4305775545627728018 ) ) ;
#1436 = DIRECTION ( 'NONE',  ( -1.000000000000000000, -0.0000000000000000000, -0.0000000000000000000 ) ) ;
#1437 = CARTESIAN_POINT ( 'NONE',  ( -0.2358774351775561051, 4.799949999999999939, 0.5135776121026210950 ) ) ;
#1438 = ORIENTED_EDGE ( 'NONE', *, *, #1937, .F. ) ;
#1439 = CARTESIAN_POINT ( 'NONE',  ( -1.648709559413574777, 4.799949999999987504, -0.009281991744405275122 ) ) ;
#1440 = CARTESIAN_POINT ( 'NONE',  ( -1.083457895233568280, 4.800000000000000711, -0.4601887860505247119 ) ) ;
#1441 = EDGE_CURVE ( 'NONE', #4418, #2509, #860, .T. ) ;
#1442 = CARTESIAN_POINT ( 'NONE',  ( -2.042718472350203651, 4.799999999999999822, 0.2653008783224021228 ) ) ;
#1443 = B_SPLINE_CURVE_WITH_KNOTS ( 'NONE', 3,
 ( #2462, #567, #2076, #3567, #3932, #3911, #3198, #135, #915, #1285 ),
 .UNSPECIFIED., .F., .F.,
 ( 4, 1, 1, 2, 2, 4 ),
 ( 0.0000000000000000000, 0.2499999999999985567, 0.3749999999999981681, 0.4374999999999979461, 0.4999999999999977796, 1.000000000000000000 ),
 .UNSPECIFIED. ) ;
#1444 = CARTESIAN_POINT ( 'NONE',  ( -0.1257430351775737365, 4.799949999999999939, -0.3504287878973799675 ) ) ;
#1445 = CARTESIAN_POINT ( 'NONE',  ( -0.2021462351775860367, 4.799949999999999939, -0.9559647878973819290 ) ) ;
#1446 = CARTESIAN_POINT ( 'NONE',  ( -2.038384929405365753, 4.799999999999999822, 0.4735177631937202425 ) ) ;
#1447 = EDGE_CURVE ( 'NONE', #205, #2707, #4548, .T. ) ;
#1448 = FILL_AREA_STYLE ('',( #2604 ) ) ;
#1449 = CARTESIAN_POINT ( 'NONE',  ( -0.3009014351775391449, 4.799949999999999939, 1.621830412102625685 ) ) ;
#1450 = ORIENTED_EDGE ( 'NONE', *, *, #2366, .F. ) ;
#1451 = CARTESIAN_POINT ( 'NONE',  ( -0.5068805382523533520, 4.800000000000000711, 1.373422709895237181 ) ) ;
#1452 = VERTEX_POINT ( 'NONE', #1712 ) ;
#1453 = CARTESIAN_POINT ( 'NONE',  ( 0.1067177648224337805, 4.799949999999999939, 0.1116480121026142830 ) ) ;
#1454 = CARTESIAN_POINT ( 'NONE',  ( -1.845170956472398593, 4.799999999999999822, 0.5568944788438300320 ) ) ;
#1455 = CARTESIAN_POINT ( 'NONE',  ( 2.065000000000000391, 4.790000000000000036, 2.064999999999999059 ) ) ;
#1456 = VECTOR ( 'NONE', #1739, 1000.000000000000000 ) ;
#1457 = DIRECTION ( 'NONE',  ( 0.0000000000000000000, 0.0000000000000000000, -1.000000000000000000 ) ) ;
#1458 = CARTESIAN_POINT ( 'NONE',  ( 0.1307669854706636492, 4.800000000000001599, -0.6058117382480835422 ) ) ;
#1459 = ORIENTED_EDGE ( 'NONE', *, *, #1992, .T. ) ;
#1460 = PRODUCT_CONTEXT ( 'NONE', #937, 'mechanical' ) ;
#1461 = AXIS2_PLACEMENT_3D ( 'NONE', #3985, #2486, #969 ) ;
#1462 = CARTESIAN_POINT ( 'NONE',  ( -0.1146807766790676752, 4.800000000000001599, -0.4838308318416187359 ) ) ;
#1463 = DIRECTION ( 'NONE',  ( -0.0000000000000000000, 1.000000000000000000, -0.0000000000000000000 ) ) ;
#1464 = COLOUR_RGB ( '',0.8274509803921568096, 0.8392156862745098200, 0.8274509803921568096 ) ;
#1465 = FACE_OUTER_BOUND ( 'NONE', #4072, .T. ) ;
#1466 = VERTEX_POINT ( 'NONE', #4357 ) ;
#1467 = AXIS2_PLACEMENT_3D ( 'NONE', #3245, #274, #3221 ) ;
#1468 = CARTESIAN_POINT ( 'NONE',  ( 0.09324036260599292969, 4.800000000000001599, -1.082671221218286295 ) ) ;
#1469 = CARTESIAN_POINT ( 'NONE',  ( -3.710000000000000409, 0.2999999999999999334, -3.175000000000000711 ) ) ;
#1470 = CARTESIAN_POINT ( 'NONE',  ( -2.064999999999996838, 4.799999999999999822, 2.564999999999999503 ) ) ;
#1471 = FILL_AREA_STYLE ('',( #4513 ) ) ;
#1472 = CARTESIAN_POINT ( 'NONE',  ( -1.649999999999999689, -0.1000000000000000056, 1.335000000000000631 ) ) ;
#1473 = EDGE_CURVE ( 'NONE', #377, #2167, #2799, .T. ) ;
#1474 = VECTOR ( 'NONE', #3281, 1000.000000000000000 ) ;
#1475 = DIRECTION ( 'NONE',  ( 0.0000000000000000000, 0.0000000000000000000, 1.000000000000000000 ) ) ;
#1476 = CARTESIAN_POINT ( 'NONE',  ( 0.05022816482246408865, 4.799949999999999939, 1.826249612102622155 ) ) ;
#1477 = B_SPLINE_CURVE_WITH_KNOTS ( 'NONE', 3,
 ( #4122, #2258, #2451, #1666, #579, #1988, #958, #3896, #4634, #1296, #1253, #3135, #2742, #1610, #3180, #4222 ),
 .UNSPECIFIED., .F., .F.,
 ( 4, 1, 2, 2, 1, 1, 1, 2, 2, 4 ),
 ( 0.0000000000000000000, 0.1250000000000005274, 0.1875000000000008604, 0.2500000000000011657, 0.3750000000000018319, 0.4375000000000021094, 0.4687500000000023315, 0.4843750000000022204, 0.5000000000000021094, 1.000000000000000000 ),
 .UNSPECIFIED. ) ;
#1478 = CARTESIAN_POINT ( 'NONE',  ( 0.3700649648224110244, 4.799949999999999939, -1.227439987897393392 ) ) ;
#1479 = VERTEX_POINT ( 'NONE', #3762 ) ;
#1480 = CARTESIAN_POINT ( 'NONE',  ( -0.1435772676614003318, 4.800000000000001599, -1.305313226943059846 ) ) ;
#1481 = EDGE_CURVE ( 'NONE', #3331, #976, #4201, .T. ) ;
#1482 = CARTESIAN_POINT ( 'NONE',  ( -0.5532758351775926009, 4.799949999999999939, -1.502979187897377944 ) ) ;
#1483 = FILL_AREA_STYLE_COLOUR ( '', #2567 ) ;
#1484 =( LENGTH_UNIT ( ) NAMED_UNIT ( * ) SI_UNIT ( .MILLI., .METRE. ) );
#1485 = CARTESIAN_POINT ( 'NONE',  ( 0.1500202743690371154, 4.800000000000000711, -0.5741435803129564253 ) ) ;
#1486 = VERTEX_POINT ( 'NONE', #720 ) ;
#1487 = CARTESIAN_POINT ( 'NONE',  ( -1.064184577713587432, 4.800000000000000711, -0.3772223357068990035 ) ) ;
#1488 = SURFACE_STYLE_USAGE ( .BOTH. , #1126 ) ;
#1489 = ORIENTED_EDGE ( 'NONE', *, *, #3487, .T. ) ;
#1490 = CARTESIAN_POINT ( 'NONE',  ( -3.710000000000000409, 0.2999999999999999334, 3.174999999999999822 ) ) ;
#1491 = ORIENTED_EDGE ( 'NONE', *, *, #2738, .T. ) ;
#1492 = VERTEX_POINT ( 'NONE', #765 ) ;
#1493 = CARTESIAN_POINT ( 'NONE',  ( -0.2285622351775821182, 4.799949999999999939, -1.046185587897381586 ) ) ;
#1494 = CARTESIAN_POINT ( 'NONE',  ( -1.043011030001810502, 4.799949999999973294, 0.5173724200203007051 ) ) ;
#1495 = CARTESIAN_POINT ( 'NONE',  ( -0.2021462351775860367, 4.799949999999999939, -0.9559647878973819290 ) ) ;
#1496 = SURFACE_SIDE_STYLE ('',( #4130 ) ) ;
#1497 = CARTESIAN_POINT ( 'NONE',  ( -1.990851103531222410, 4.799949999999915562, -0.4791808888032290104 ) ) ;
#1498 =( NAMED_UNIT ( * ) SI_UNIT ( $, .STERADIAN. ) SOLID_ANGLE_UNIT ( ) );
#1499 = EDGE_LOOP ( 'NONE', ( #956, #4286, #4038 ) ) ;
#1500 = CARTESIAN_POINT ( 'NONE',  ( 0.06282656482241300022, 4.799949999999999939, -1.251417587897386996 ) ) ;
#1501 = ORIENTED_EDGE ( 'NONE', *, *, #3158, .F. ) ;
#1502 = VERTEX_POINT ( 'NONE', #4115 ) ;
#1503 = CARTESIAN_POINT ( 'NONE',  ( 0.6644921778938910339, 4.799950000000171357, -0.2029186018845138828 ) ) ;
#1504 = CARTESIAN_POINT ( 'NONE',  ( -3.710000000000000409, 4.790000000000000036, 1.335000000000000187 ) ) ;
#1505 = EDGE_CURVE ( 'NONE', #2966, #3937, #4875, .T. ) ;
#1506 = CARTESIAN_POINT ( 'NONE',  ( 0.1798697648224614754, 4.799949999999999939, 1.721398412102616460 ) ) ;
#1507 = ORIENTED_EDGE ( 'NONE', *, *, #2955, .T. ) ;
#1508 = ADVANCED_FACE ( 'NONE', ( #4826 ), #1050, .T. ) ;
#1509 = EDGE_LOOP ( 'NONE', ( #2979, #1989, #2115, #2789, #1932, #4465 ) ) ;
#1510 = CARTESIAN_POINT ( 'NONE',  ( -3.800000000000000266, 3.299999999999999822, 1.335000000000000187 ) ) ;
#1511 = ORIENTED_EDGE ( 'NONE', *, *, #2536, .F. ) ;
#1512 = VERTEX_POINT ( 'NONE', #4432 ) ;
#1513 = CARTESIAN_POINT ( 'NONE',  ( 1.617157619070361596, 4.799949999999942207, -0.2052163960021610167 ) ) ;
#1514 = CARTESIAN_POINT ( 'NONE',  ( 0.1195425416436472904, 4.800000000000000711, -1.137549623835988788 ) ) ;
#1515 = CARTESIAN_POINT ( 'NONE',  ( -2.041385954544292947, 4.800000000000000711, -0.5775832265614625483 ) ) ;
#1516 = CARTESIAN_POINT ( 'NONE',  ( 0.6415164642504476156, 4.800000000000000711, -0.2447152571197890036 ) ) ;
#1517 = CARTESIAN_POINT ( 'NONE',  ( -2.036533959374555280, 4.799999999999999822, -0.2384189069120531412 ) ) ;
#1518 = ORIENTED_EDGE ( 'NONE', *, *, #44, .F. ) ;
#1519 = CARTESIAN_POINT ( 'NONE',  ( 0.3932297648224120090, 4.799949999999999939, -1.260764787897391770 ) ) ;
#1520 = ORIENTED_EDGE ( 'NONE', *, *, #690, .F. ) ;
#1521 = CARTESIAN_POINT ( 'NONE',  ( -1.460979780001809836, 4.799949999999941319, -0.002158829979699106259 ) ) ;
#1522 = B_SPLINE_CURVE_WITH_KNOTS ( 'NONE', 3,
 ( #1136, #3319, #30, #3781, #1918, #2627, #4136, #4846, #2587, #759, #2272, #4521, #1549, #4088 ),
 .UNSPECIFIED., .F., .F.,
 ( 4, 1, 2, 2, 1, 2, 2, 4 ),
 ( 0.0000000000000000000, 0.1249999999999953926, 0.1874999999999933942, 0.2499999999999913958, 0.3749999999999873990, 0.4374999999999885092, 0.4999999999999896749, 1.000000000000000000 ),
 .UNSPECIFIED. ) ;
#1523 = EDGE_LOOP ( 'NONE', ( #1094, #816, #3465, #2628 ) ) ;
#1524 = CARTESIAN_POINT ( 'NONE',  ( 0.1997833648224155989, 4.799949999999999939, -0.9445855878973886677 ) ) ;
#1525 = CARTESIAN_POINT ( 'NONE',  ( -0.1610998351775933535, 4.799949999999999939, -1.570441587897383418 ) ) ;
#1526 =( NAMED_UNIT ( * ) PLANE_ANGLE_UNIT ( ) SI_UNIT ( $, .RADIAN. ) );
#1527 = VERTEX_POINT ( 'NONE', #1073 ) ;
#1528 =( NAMED_UNIT ( * ) SI_UNIT ( $, .STERADIAN. ) SOLID_ANGLE_UNIT ( ) );
#1529 = ORIENTED_EDGE ( 'NONE', *, *, #2536, .T. ) ;
#1530 = CARTESIAN_POINT ( 'NONE',  ( 0.2027174286170941586, 4.799999999999998934, -0.6770237700740052711 ) ) ;
#1531 = EDGE_CURVE ( 'NONE', #2000, #3730, #3965, .T. ) ;
#1532 = AXIS2_PLACEMENT_3D ( 'NONE', #4857, #4831, #2962 ) ;
#1533 = CARTESIAN_POINT ( 'NONE',  ( -0.08022623517758321887, 4.799949999999999939, -0.9197951878973834594 ) ) ;
#1534 = VERTEX_POINT ( 'NONE', #2730 ) ;
#1535 = B_SPLINE_CURVE_WITH_KNOTS ( 'NONE', 3,
 ( #2215, #2342, #1206, #2773, #3800, #1971, #3876, #1278, #2749, #1568, #99 ),
 .UNSPECIFIED., .F., .F.,
 ( 4, 2, 1, 2, 2, 4 ),
 ( 0.0000000000000000000, 0.2499999999999991673, 0.3749999999999988343, 0.4374999999999988898, 0.4999999999999988898, 1.000000000000000000 ),
 .UNSPECIFIED. ) ;
#1536 = DIRECTION ( 'NONE',  ( -0.0000000000000000000, -1.000000000000000000, -0.0000000000000000000 ) ) ;
#1537 = COLOUR_RGB ( '',1.000000000000000000, 1.000000000000000000, 1.000000000000000000 ) ;
#1538 = ORIENTED_EDGE ( 'NONE', *, *, #4033, .F. ) ;
#1539 = EDGE_CURVE ( 'NONE', #3093, #3572, #2213, .T. ) ;
#1540 = ORIENTED_EDGE ( 'NONE', *, *, #3458, .F. ) ;
#1541 = FILL_AREA_STYLE ('',( #416 ) ) ;
#1542 = CARTESIAN_POINT ( 'NONE',  ( -1.095170956472398149, 4.799949999999693517, -0.4667728005679347980 ) ) ;
#1543 = DIRECTION ( 'NONE',  ( 0.0000000000000000000, 0.0000000000000000000, 1.000000000000000000 ) ) ;
#1544 = CARTESIAN_POINT ( 'NONE',  ( -2.036323429541912144, 4.799999999999999822, -0.6009636825504381941 ) ) ;
#1545 = EDGE_CURVE ( 'NONE', #2426, #4418, #3204, .T. ) ;
#1546 = CARTESIAN_POINT ( 'NONE',  ( 0.6473019691093849781, 4.799999999999999822, -0.2181308846992135453 ) ) ;
#1547 = PRODUCT ( 'Coilcraft-SLC7649S', 'Coilcraft-SLC7649S', '', ( #1460 ) ) ;
#1548 = VERTEX_POINT ( 'NONE', #85 ) ;
#1549 = CARTESIAN_POINT ( 'NONE',  ( 1.640719025407690657, 4.800000000000001599, -0.3141851845501472673 ) ) ;
#1550 = ORIENTED_EDGE ( 'NONE', *, *, #2277, .T. ) ;
#1551 = CARTESIAN_POINT ( 'NONE',  ( 0.06337609122361950731, 4.800000000000000711, -0.1144068438038557123 ) ) ;
#1552 = ORIENTED_EDGE ( 'NONE', *, *, #1212, .T. ) ;
#1553 = CARTESIAN_POINT ( 'NONE',  ( 0.1395098468529403779, 4.800000000000000711, 0.6288559530503166073 ) ) ;
#1554 = AXIS2_PLACEMENT_3D ( 'NONE', #2086, #898, #2043 ) ;
#1555 = CARTESIAN_POINT ( 'NONE',  ( 0.1306953648224206677, 4.799949999999999939, -0.7389471878973862262 ) ) ;
#1556 = VERTEX_POINT ( 'NONE', #889 ) ;
#1557 = CARTESIAN_POINT ( 'NONE',  ( 0.4440297648224105775, 4.799949999999999939, -1.184361587897393875 ) ) ;
#1558 = AXIS2_PLACEMENT_3D ( 'NONE', #841, #2709, #2785 ) ;
#1559 = CARTESIAN_POINT ( 'NONE',  ( -0.08022623517758321887, 4.799949999999999939, -0.9197951878973834594 ) ) ;
#1560 = ORIENTED_EDGE ( 'NONE', *, *, #3747, .F. ) ;
#1561 = PRESENTATION_STYLE_ASSIGNMENT (( #2689 ) ) ;
#1562 = VERTEX_POINT ( 'NONE', #35 ) ;
#1563 = B_SPLINE_CURVE_WITH_KNOTS ( 'NONE', 3,
 ( #77, #4566, #2751, #4517 ),
 .UNSPECIFIED., .F., .F.,
 ( 4, 4 ),
 ( 0.0000000000000000000, 1.000000000000000000 ),
 .UNSPECIFIED. ) ;
#1564 = FACE_OUTER_BOUND ( 'NONE', #4406, .T. ) ;
#1565 = EDGE_CURVE ( 'NONE', #3174, #4044, #1913, .T. ) ;
#1566 = CARTESIAN_POINT ( 'NONE',  ( -1.043011030001810280, 4.799949999999705064, 0.3041371259026536267 ) ) ;
#1567 = CARTESIAN_POINT ( 'NONE',  ( -0.2594486351775535660, 4.799949999999999939, 0.7175904121026213112 ) ) ;
#1568 = CARTESIAN_POINT ( 'NONE',  ( 0.09577530290217402265, 4.799999999999999822, 0.7486345246479071402 ) ) ;
#1569 = B_SPLINE_CURVE_WITH_KNOTS ( 'NONE', 3,
 ( #878, #2383, #3872, #2018, #4023, #4737, #960, #582, #3258, #655, #267, #244, #4713, #556, #2140 ),
 .UNSPECIFIED., .F., .F.,
 ( 4, 1, 1, 2, 2, 1, 2, 2, 4 ),
 ( 0.0000000000000000000, 0.2500000000000366929, 0.3750000000000552891, 0.4375000000000617839, 0.5000000000000682787, 0.6250000000000557332, 0.6875000000000465183, 0.7500000000000371925, 1.000000000000000000 ),
 .UNSPECIFIED. ) ;
#1570 = CARTESIAN_POINT ( 'NONE',  ( -2.027672091949651811, 4.799999999999999822, -0.2288740496511799116 ) ) ;
#1571 = EDGE_CURVE ( 'NONE', #111, #3871, #2035, .T. ) ;
#1572 = VERTEX_POINT ( 'NONE', #1924 ) ;
#1573 = CARTESIAN_POINT ( 'NONE',  ( -0.2285622351775803973, 4.799949999999999939, -0.7722719878973812735 ) ) ;
#1574 = ORIENTED_EDGE ( 'NONE', *, *, #4630, .F. ) ;
#1575 = CARTESIAN_POINT ( 'NONE',  ( 0.1831209648224096376, 4.799949999999999939, -1.398127987897389568 ) ) ;
#1576 = ORIENTED_EDGE ( 'NONE', *, *, #4104, .T. ) ;
#1577 = CARTESIAN_POINT ( 'NONE',  ( -0.2471064949676271827, 4.800000000000000711, -1.467188264241542583 ) ) ;
#1578 = CARTESIAN_POINT ( 'NONE',  ( 0.0000000000000000000, 0.0000000000000000000, 3.174999999999999822 ) ) ;
#1579 = ORIENTED_EDGE ( 'NONE', *, *, #822, .T. ) ;
#1580 = VERTEX_POINT ( 'NONE', #4551 ) ;
#1581 = CARTESIAN_POINT ( 'NONE',  ( -1.050071015405038777, 4.800000000000000711, -0.3677278655391517104 ) ) ;
#1582 = CARTESIAN_POINT ( 'NONE',  ( 0.1546626460724063457, 4.799999999999998934, -1.564667852105691370 ) ) ;
#1583 = CARTESIAN_POINT ( 'NONE',  ( 0.04348649125890131917, 4.800000000000000711, 1.745847103206668027 ) ) ;
#1584 = ORIENTED_EDGE ( 'NONE', *, *, #3104, .T. ) ;
#1585 = CARTESIAN_POINT ( 'NONE',  ( 0.2222426913852708907, 4.799999999999999822, -0.3880601161755140582 ) ) ;
#1586 = VERTEX_POINT ( 'NONE', #3052 ) ;
#1587 = CARTESIAN_POINT ( 'NONE',  ( 0.6644921778938910339, 4.799949999999983064, 0.2265391187037212872 ) ) ;
#1588 = EDGE_CURVE ( 'NONE', #1031, #563, #2617, .T. ) ;
#1589 = CARTESIAN_POINT ( 'NONE',  ( -0.5532758351775372008, 4.799949999999999939, 1.629145612102631091 ) ) ;
#1590 = CARTESIAN_POINT ( 'NONE',  ( 0.1977513648224443199, 4.799949999999999939, 0.7220608121026140802 ) ) ;
#1591 = CARTESIAN_POINT ( 'NONE',  ( -0.5680923926241889799, 4.799999999999999822, -1.481466137400405003 ) ) ;
#1592 = EDGE_CURVE ( 'NONE', #3473, #2678, #541, .T. ) ;
#1593 = DIRECTION ( 'NONE',  ( 1.000000000000000000, 0.0000000000000000000, -4.200298973309469722E-16 ) ) ;
#1594 = CARTESIAN_POINT ( 'NONE',  ( -0.1732637603893374678, 4.800000000000001599, -1.732669099602338170 ) ) ;
#1595 = VERTEX_POINT ( 'NONE', #2781 ) ;
#1596 = CARTESIAN_POINT ( 'NONE',  ( 3.709999999999999964, 4.790000000000000036, 1.334999999999999298 ) ) ;
#1597 = ORIENTED_EDGE ( 'NONE', *, *, #114, .T. ) ;
#1598 = CARTESIAN_POINT ( 'NONE',  ( -1.648709559413574777, 4.799949999999987504, 0.8142474200203005941 ) ) ;
#1599 = ORIENTED_EDGE ( 'NONE', *, *, #2450, .F. ) ;
#1600 = EDGE_CURVE ( 'NONE', #4871, #363, #3261, .T. ) ;
#1601 = CARTESIAN_POINT ( 'NONE',  ( -0.5110102351775434038, 4.799949999999999939, 1.525107212102629894 ) ) ;
#1602 = CARTESIAN_POINT ( 'NONE',  ( 0.6479972270256252331, 4.800000000000000711, -0.3370087648425499904 ) ) ;
#1603 = CARTESIAN_POINT ( 'NONE',  ( -0.07453663517755296231, 4.799949999999999939, 0.9602112121026181724 ) ) ;
#1604 = CARTESIAN_POINT ( 'NONE',  ( -0.01099613761408440443, 4.800000000000000711, -0.6116936005355004813 ) ) ;
#1605 = EDGE_LOOP ( 'NONE', ( #793, #3754, #3716, #4779, #3649, #1794, #2501 ) ) ;
#1606 = CARTESIAN_POINT ( 'NONE',  ( 0.2753737648224126033, 4.799949999999999939, -1.310345587897392639 ) ) ;
#1607 = CARTESIAN_POINT ( 'NONE',  ( 0.2071971532691502249, 4.799999999999998934, 1.542044917209012267 ) ) ;
#1608 = VERTEX_POINT ( 'NONE', #1380 ) ;
#1609 = CARTESIAN_POINT ( 'NONE',  ( 0.08558496482246116810, 4.799949999999999939, 1.450736012102620043 ) ) ;
#1610 = CARTESIAN_POINT ( 'NONE',  ( 0.08170725843128057164, 4.800000000000000711, -0.1929423402803887855 ) ) ;
#1611 = VERTEX_POINT ( 'NONE', #619 ) ;
#1612 = CARTESIAN_POINT ( 'NONE',  ( 0.3932297648224120090, 4.799949999999999939, -1.260764787897391770 ) ) ;
#1613 = CARTESIAN_POINT ( 'NONE',  ( -1.081755523850064460, 4.799999999999998934, 0.4519785278743230217 ) ) ;
#1614 = CARTESIAN_POINT ( 'NONE',  ( -0.4920134599205697734, 4.799999999999999822, 0.3194620937777770120 ) ) ;
#1615 = CARTESIAN_POINT ( 'NONE',  ( -1.047516427547808826, 4.799999999999998934, 0.3557269309498473642 ) ) ;
#1616 = CARTESIAN_POINT ( 'NONE',  ( -0.3945012385683432932, 4.799999999999999822, -1.751485596321997518 ) ) ;
#1617 = COLOUR_RGB ( '',0.0000000000000000000, 0.0000000000000000000, 0.0000000000000000000 ) ;
#1618 = FILL_AREA_STYLE ('',( #1257 ) ) ;
#1619 = B_SPLINE_CURVE_WITH_KNOTS ( 'NONE', 3,
 ( #143, #4653, #4243, #872 ),
 .UNSPECIFIED., .F., .F.,
 ( 4, 4 ),
 ( 0.0000000000000000000, 1.000000000000000000 ),
 .UNSPECIFIED. ) ;
#1620 = VECTOR ( 'NONE', #644, 1000.000000000000000 ) ;
#1621 = VERTEX_POINT ( 'NONE', #1655 ) ;
#1622 = EDGE_CURVE ( 'NONE', #1633, #1922, #3084, .T. ) ;
#1623 = SURFACE_SIDE_STYLE ('',( #1188 ) ) ;
#1624 = CARTESIAN_POINT ( 'NONE',  ( 0.1285339927268269178, 4.799999999999999822, -1.501174104398677933 ) ) ;
#1625 = ORIENTED_EDGE ( 'NONE', *, *, #436, .T. ) ;
#1626 = VECTOR ( 'NONE', #400, 1000.000000000000000 ) ;
#1627 = B_SPLINE_CURVE_WITH_KNOTS ( 'NONE', 3,
 ( #511, #1704, #2832, #2808 ),
 .UNSPECIFIED., .F., .F.,
 ( 4, 4 ),
 ( 0.0000000000000000000, 1.000000000000000000 ),
 .UNSPECIFIED. ) ;
#1628 = CARTESIAN_POINT ( 'NONE',  ( 0.1077487489774797275, 4.799999999999999822, 0.5892873525130397638 ) ) ;
#1629 = CARTESIAN_POINT ( 'NONE',  ( -0.1738868360279275382, 4.800000000000000711, -1.508882444328413452 ) ) ;
#1630 = ORIENTED_EDGE ( 'NONE', *, *, #44, .T. ) ;
#1631 = EDGE_CURVE ( 'NONE', #2382, #3194, #158, .T. ) ;
#1632 = CIRCLE ( 'NONE', #932, 0.4999999999999995559 ) ;
#1633 = VERTEX_POINT ( 'NONE', #1358 ) ;
#1634 = CARTESIAN_POINT ( 'NONE',  ( 0.1038729648224073626, 4.799949999999999939, -1.533865587897387694 ) ) ;
#1635 = CARTESIAN_POINT ( 'NONE',  ( 3.585735931288069889, 0.1242640687119285492, -3.475000000000000977 ) ) ;
#1636 = AXIS2_PLACEMENT_3D ( 'NONE', #1510, #796, #728 ) ;
#1637 = ORIENTED_EDGE ( 'NONE', *, *, #2389, .F. ) ;
#1638 = CARTESIAN_POINT ( 'NONE',  ( 0.1802289086501018545, 4.799999999999998934, -1.162402870440351288 ) ) ;
#1639 = EDGE_CURVE ( 'NONE', #3326, #1492, #592, .T. ) ;
#1640 = VERTEX_POINT ( 'NONE', #3147 ) ;
#1641 = VECTOR ( 'NONE', #1948, 1000.000000000000000 ) ;
#1642 = CARTESIAN_POINT ( 'NONE',  ( 0.1351083250928777624, 4.799999999999999822, -1.165464970314664450 ) ) ;
#1643 = CARTESIAN_POINT ( 'NONE',  ( 0.6929848249527144066, 4.799949999999915562, 0.3646365451743095454 ) ) ;
#1644 = LINE ( 'NONE', #904, #762 ) ;
#1645 = B_SPLINE_CURVE_WITH_KNOTS ( 'NONE', 3,
 ( #3340, #2294, #3731, #350, #3410, #1849, #3018, #1500 ),
 .UNSPECIFIED., .F., .F.,
 ( 4, 2, 2, 4 ),
 ( 0.0000000000000000000, 0.2500000000000003331, 0.5000000000000006661, 1.000000000000000000 ),
 .UNSPECIFIED. ) ;
#1646 = CARTESIAN_POINT ( 'NONE',  ( 0.1704021401883868414, 4.800000000000001599, 1.291177783229466858 ) ) ;
#1647 = CARTESIAN_POINT ( 'NONE',  ( -0.4396378419590887821, 4.799999999999999822, -1.767048604746615625 ) ) ;
#1648 = CARTESIAN_POINT ( 'NONE',  ( 0.08120125783048301460, 4.799999999999999822, -1.460738249621032159 ) ) ;
#1649 = ORIENTED_EDGE ( 'NONE', *, *, #498, .F. ) ;
#1650 =( NAMED_UNIT ( * ) SI_UNIT ( $, .STERADIAN. ) SOLID_ANGLE_UNIT ( ) );
#1651 = CARTESIAN_POINT ( 'NONE',  ( 0.1446782818477526378, 4.800000000000000711, -1.477879396448606331 ) ) ;
#1652 = VERTEX_POINT ( 'NONE', #1679 ) ;
#1653 = CARTESIAN_POINT ( 'NONE',  ( -0.4975499408524067246, 4.799999999999999822, 1.574850552756440702 ) ) ;
#1654 = EDGE_CURVE ( 'NONE', #3730, #1200, #1983, .T. ) ;
#1655 = CARTESIAN_POINT ( 'NONE',  ( -0.07453663517759458179, 4.799949999999999939, -1.557030387897384127 ) ) ;
#1656 = CARTESIAN_POINT ( 'NONE',  ( 1.133242177893891034, 4.799949999999925332, 0.1033773539978387751 ) ) ;
#1657 = VERTEX_POINT ( 'NONE', #2077 ) ;
#1658 = CARTESIAN_POINT ( 'NONE',  ( 0.1812537111729334571, 4.800000000000001599, 0.1564386343237051391 ) ) ;
#1659 = ORIENTED_EDGE ( 'NONE', *, *, #3717, .T. ) ;
#1660 = UNCERTAINTY_MEASURE_WITH_UNIT (LENGTH_MEASURE( 1.000000000000000082E-05 ), #1181, 'distance_accuracy_value', 'NONE');
#1661 =( NAMED_UNIT ( * ) PLANE_ANGLE_UNIT ( ) SI_UNIT ( $, .RADIAN. ) );
#1662 = EDGE_CURVE ( 'NONE', #194, #3000, #3568, .T. ) ;
#1663 = CARTESIAN_POINT ( 'NONE',  ( 0.1439830796290264836, 4.799999999999999822, 0.4330108898557106234 ) ) ;
#1664 = ORIENTED_EDGE ( 'NONE', *, *, #1836, .T. ) ;
#1665 = CARTESIAN_POINT ( 'NONE',  ( 3.799999999999998934, 3.299999999999999378, -1.335000000000000409 ) ) ;
#1666 = CARTESIAN_POINT ( 'NONE',  ( -0.08239012104938170378, 4.800000000000000711, -0.3166887986365060081 ) ) ;
#1667 = ORIENTED_EDGE ( 'NONE', *, *, #1600, .T. ) ;
#1668 = CARTESIAN_POINT ( 'NONE',  ( -0.004229435177551671421, 4.799949999999999939, 0.9719968121026187902 ) ) ;
#1669 = EDGE_CURVE ( 'NONE', #1964, #991, #3671, .T. ) ;
#1670 = CARTESIAN_POINT ( 'NONE',  ( -0.2196214351775846452, 4.799949999999999939, -0.9730335878973803698 ) ) ;
#1671 = CARTESIAN_POINT ( 'NONE',  ( 2.065000000000000391, 4.799999999999999822, -2.064999999999999059 ) ) ;
#1672 = CARTESIAN_POINT ( 'NONE',  ( 0.1985641648223970823, 4.799949999999999939, -2.021951987897389724 ) ) ;
#1673 = B_SPLINE_CURVE_WITH_KNOTS ( 'NONE', 3,
 ( #1675, #3191, #4693, #2411 ),
 .UNSPECIFIED., .F., .F.,
 ( 4, 4 ),
 ( 0.0000000000000000000, 1.000000000000000000 ),
 .UNSPECIFIED. ) ;
#1674 = CARTESIAN_POINT ( 'NONE',  ( -2.017164706954263753, 4.799999999999999822, -1.187661409084801667 ) ) ;
#1675 = CARTESIAN_POINT ( 'NONE',  ( 0.1823081648224429696, 4.799949999999999939, 0.3221632121026150597 ) ) ;
#1676 = ORIENTED_EDGE ( 'NONE', *, *, #1654, .T. ) ;
#1677 = FILL_AREA_STYLE_COLOUR ( '', #3681 ) ;
#1678 = CARTESIAN_POINT ( 'NONE',  ( 0.1067177648224337805, 4.799949999999999939, 0.1116480121026142830 ) ) ;
#1679 = CARTESIAN_POINT ( 'NONE',  ( -0.2476630351775990779, 4.799949999999999939, -1.700895987897382611 ) ) ;
#1680 = CARTESIAN_POINT ( 'NONE',  ( -3.799999999999999822, 3.299999999999999378, 1.335000000000000187 ) ) ;
#1681 = VERTEX_POINT ( 'NONE', #277 ) ;
#1682 = CARTESIAN_POINT ( 'NONE',  ( 0.1357779406415452750, 4.799999999999999822, -0.4852371919532960098 ) ) ;
#1683 = ORIENTED_EDGE ( 'NONE', *, *, #481, .T. ) ;
#1684 = CARTESIAN_POINT ( 'NONE',  ( 3.409999999999999698, 4.490000000000000213, 3.474999999999999645 ) ) ;
#1685 = VERTEX_POINT ( 'NONE', #1476 ) ;
#1686 = CARTESIAN_POINT ( 'NONE',  ( 0.2514527322062758419, 4.799999999999999822, -1.155423481506545835 ) ) ;
#1687 = PLANE ( 'NONE',  #3990 ) ;
#1688 = ORIENTED_EDGE ( 'NONE', *, *, #1545, .T. ) ;
#1689 = EDGE_CURVE ( 'NONE', #2678, #3858, #1404, .T. ) ;
#1690 = FILL_AREA_STYLE_COLOUR ( '', #4205 ) ;
#1691 = CARTESIAN_POINT ( 'NONE',  ( -1.095170956472398593, 4.799950000000012373, 0.4590084494320652575 ) ) ;
#1692 = CARTESIAN_POINT ( 'NONE',  ( -0.1370265028731310342, 4.800000000000000711, -1.019061509750030181 ) ) ;
#1693 = EDGE_CURVE ( 'NONE', #3000, #2678, #1092, .T. ) ;
#1694 = DIRECTION ( 'NONE',  ( 1.000000000000000000, 0.0000000000000000000, 0.0000000000000000000 ) ) ;
#1695 = CARTESIAN_POINT ( 'NONE',  ( 0.05022816482246408865, 4.799949999999999939, 1.826249612102622155 ) ) ;
#1696 = VECTOR ( 'NONE', #4268, 1000.000000000000000 ) ;
#1697 = CARTESIAN_POINT ( 'NONE',  ( 3.709999999999999520, 4.790000000000000036, -3.475000000000000533 ) ) ;
#1698 = CARTESIAN_POINT ( 'NONE',  ( -0.2305942351775516486, 4.799949999999999939, 1.125209612102621159 ) ) ;
#1699 = ORIENTED_EDGE ( 'NONE', *, *, #780, .T. ) ;
#1700 = ADVANCED_FACE ( 'NONE', ( #1116, #2904, #1425, #1872, #3359, #4867, #4818 ), #1845, .T. ) ;
#1701 = CARTESIAN_POINT ( 'NONE',  ( 0.09493216482241507992, 4.799949999999999939, -0.9604351878973872436 ) ) ;
#1702 = CIRCLE ( 'NONE', #1461, 0.5000000000000000000 ) ;
#1703 = CARTESIAN_POINT ( 'NONE',  ( -0.01154463517759503517, 4.799949999999999939, -1.615145587897386603 ) ) ;
#1704 = CARTESIAN_POINT ( 'NONE',  ( -0.2413081375524046279, 4.799999999999999822, -1.025210754700499161 ) ) ;
#1705 = CARTESIAN_POINT ( 'NONE',  ( 0.02971012039410169878, 4.800000000000000711, -1.376675616719846396 ) ) ;
#1706 = PRESENTATION_LAYER_ASSIGNMENT (  '', '', ( #2257 ) ) ;
#1707 = CARTESIAN_POINT ( 'NONE',  ( -0.3391030351775365381, 4.799949999999999939, 1.542582412102625922 ) ) ;
#1708 = ORIENTED_EDGE ( 'NONE', *, *, #4533, .F. ) ;
#1709 = PLANE ( 'NONE',  #4619 ) ;
#1710 = ORIENTED_EDGE ( 'NONE', *, *, #1790, .F. ) ;
#1711 = CARTESIAN_POINT ( 'NONE',  ( -0.3905917068294987304, 4.799999999999999822, 0.3932518000953664217 ) ) ;
#1712 = CARTESIAN_POINT ( 'NONE',  ( 0.1168777648224185450, 4.799949999999999939, -0.7946239878973861970 ) ) ;
#1713 = VECTOR ( 'NONE', #4427, 1000.000000000000000 ) ;
#1714 = CARTESIAN_POINT ( 'NONE',  ( 0.1982932314890673564, 4.799999999999999822, -1.894613321230723457 ) ) ;
#1715 = CARTESIAN_POINT ( 'NONE',  ( 1.133242177893891034, 4.799949999999925332, 0.1033773539978387751 ) ) ;
#1716 = VERTEX_POINT ( 'NONE', #3661 ) ;
#1717 = CARTESIAN_POINT ( 'NONE',  ( -0.2159638351775534093, 4.799949999999999939, 0.7431936121026214703 ) ) ;
#1718 = B_SPLINE_CURVE_WITH_KNOTS ( 'NONE', 3,
 ( #2537, #3956, #1753, #4035, #973, #4672, #3171, #1312, #234 ),
 .UNSPECIFIED., .F., .F.,
 ( 4, 1, 2, 2, 4 ),
 ( 0.0000000000000000000, 0.2500000000000003886, 0.3749999999999997780, 0.4999999999999992228, 1.000000000000000000 ),
 .UNSPECIFIED. ) ;
#1719 = ADVANCED_FACE ( 'NONE', ( #4085 ), #4426, .T. ) ;
#1720 = CARTESIAN_POINT ( 'NONE',  ( -1.064184577713587654, 4.800000000000001599, 0.4463070760578058405 ) ) ;
#1721 = CYLINDRICAL_SURFACE ( 'NONE', #1395, 0.5000000000000000000 ) ;
#1722 = AXIS2_PLACEMENT_3D ( 'NONE', #1183, #50, #1543 ) ;
#1723 = LINE ( 'NONE', #907, #1079 ) ;
#1724 = EDGE_CURVE ( 'NONE', #1886, #1548, #310, .T. ) ;
#1725 = ORIENTED_EDGE ( 'NONE', *, *, #630, .T. ) ;
#1726 = CARTESIAN_POINT ( 'NONE',  ( -0.4805302351775577741, 4.799949999999999939, 0.5903872121026271236 ) ) ;
#1727 = CARTESIAN_POINT ( 'NONE',  ( -0.2433235014703625798, 4.799999999999999822, 1.397075001046673703 ) ) ;
#1728 = SURFACE_SIDE_STYLE ('',( #2756 ) ) ;
#1729 = EDGE_CURVE ( 'NONE', #1202, #4207, #3905, .T. ) ;
#1730 = CARTESIAN_POINT ( 'NONE',  ( 0.6730960117377897678, 4.800000000000000711, -0.3426201671689353967 ) ) ;
#1731 = CARTESIAN_POINT ( 'NONE',  ( 1.130025266129185413, 4.799950000000002603, -0.07263367541392569404 ) ) ;
#1732 = ORIENTED_EDGE ( 'NONE', *, *, #1029, .T. ) ;
#1733 =( NAMED_UNIT ( * ) SI_UNIT ( $, .STERADIAN. ) SOLID_ANGLE_UNIT ( ) );
#1734 = ORIENTED_EDGE ( 'NONE', *, *, #3934, .F. ) ;
#1735 = CARTESIAN_POINT ( 'NONE',  ( 0.4724777648224109949, 4.799949999999999939, -1.241257587897393933 ) ) ;
#1736 = CARTESIAN_POINT ( 'NONE',  ( -0.1166683342236668752, 4.799999999999999822, 1.307461969235216515 ) ) ;
#1737 = CARTESIAN_POINT ( 'NONE',  ( -0.4066289406016596608, 4.799999999999999822, -1.472208497803141780 ) ) ;
#1738 = VERTEX_POINT ( 'NONE', #52 ) ;
#1739 = DIRECTION ( 'NONE',  ( -0.0000000000000000000, -1.000000000000000000, -0.0000000000000000000 ) ) ;
#1740 = DIRECTION ( 'NONE',  ( -0.0000000000000000000, 0.0000000000000000000, -1.000000000000000000 ) ) ;
#1741 = CARTESIAN_POINT ( 'NONE',  ( -0.4259151485715746976, 4.799999999999999822, 0.4492492660254712167 ) ) ;
#1742 = CARTESIAN_POINT ( 'NONE',  ( -0.1500603575627401931, 4.800000000000000711, 0.04516012796524267181 ) ) ;
#1743 = ORIENTED_EDGE ( 'NONE', *, *, #3522, .T. ) ;
#1744 = MANIFOLD_SOLID_BREP ( 'NONE', #3183 ) ;
#1745 = CARTESIAN_POINT ( 'NONE',  ( 0.4505112347053619737, 4.799999999999999822, -1.298287275917754613 ) ) ;
#1746 = CARTESIAN_POINT ( 'NONE',  ( 0.09245990986938198986, 4.800000000000000711, -1.442033107564950400 ) ) ;
#1747 = ORIENTED_EDGE ( 'NONE', *, *, #3728, .T. ) ;
#1748 = CARTESIAN_POINT ( 'NONE',  ( 0.2034409648224537737, 4.799949999999999939, 1.245504012102615965 ) ) ;
#1749 = CARTESIAN_POINT ( 'NONE',  ( 0.6701288880424963734, 4.800000000000000711, 0.3755982121578061439 ) ) ;
#1750 = EDGE_CURVE ( 'NONE', #967, #2345, #1563, .T. ) ;
#1751 = B_SPLINE_CURVE_WITH_KNOTS ( 'NONE', 3,
 ( #1533, #871, #3105, #437 ),
 .UNSPECIFIED., .F., .F.,
 ( 4, 4 ),
 ( 0.0000000000000000000, 1.000000000000000000 ),
 .UNSPECIFIED. ) ;
#1752 = CARTESIAN_POINT ( 'NONE',  ( -1.048298943182750520, 4.799999999999999822, -1.187112445470980271 ) ) ;
#1753 = CARTESIAN_POINT ( 'NONE',  ( -0.2869483563123753633, 4.799999999999998934, -0.3918844558127648203 ) ) ;
#1754 = VERTEX_POINT ( 'NONE', #1186 ) ;
#1755 = CARTESIAN_POINT ( 'NONE',  ( 0.1067177648224337805, 4.799949999999999939, 0.1116480121026142830 ) ) ;
#1756 = ORIENTED_EDGE ( 'NONE', *, *, #3390, .F. ) ;
#1757 = CARTESIAN_POINT ( 'NONE',  ( 2.565000000000000391, 4.799999999999999822, 2.064999999999999059 ) ) ;
#1758 = UNCERTAINTY_MEASURE_WITH_UNIT (LENGTH_MEASURE( 1.000000000000000082E-05 ), #2443, 'distance_accuracy_value', 'NONE');
#1759 = EDGE_CURVE ( 'NONE', #2466, #4064, #2795, .T. ) ;
#1760 = CARTESIAN_POINT ( 'NONE',  ( -0.07883149817823391359, 4.799999999999999822, -0.03181327196777414962 ) ) ;
#1761 = B_SPLINE_CURVE_WITH_KNOTS ( 'NONE', 3,
 ( #3851, #2671, #477, #393, #1646, #1277, #802, #1231, #4586 ),
 .UNSPECIFIED., .F., .F.,
 ( 4, 1, 2, 2, 4 ),
 ( 0.0000000000000000000, 0.2500000000000007772, 0.3750000000000009437, 0.5000000000000011102, 1.000000000000000000 ),
 .UNSPECIFIED. ) ;
#1762 = CARTESIAN_POINT ( 'NONE',  ( 1.636412649887450277, 4.799999999999998934, 0.3759800302953257845 ) ) ;
#1763 = CARTESIAN_POINT ( 'NONE',  ( -0.3661635649524674352, 4.799999999999999822, -1.456478935658228169 ) ) ;
#1764 = EDGE_LOOP ( 'NONE', ( #7, #873, #1223, #387, #1597, #2860, #1699, #2960, #4360, #2401, #1550, #3263, #1171, #2414, #2597, #4165, #167, #3076, #1315, #861, #2676, #1664, #4507, #2540, #4730, #4570, #3950, #1529, #491, #3059, #1839, #2586, #1110, #4845, #3720, #1053, #2038, #595, #1951, #3594, #3111, #3385, #1489, #1552, #3426, #3819, #580, #2817, #359, #4602, #4282, #2484, #3699, #2811, #468, #2280, #2252, #4061, #4150, #4801, #783, #237, #3167, #1747, #118, #390, #69, #2588, #1265, #820, #3770, #3513, #1807, #3411, #921, #4632, #1683, #837, #749, #3789, #4313, #1978, #3664, #3203, #3840, #3227, #3282, #338, #1688, #896, #433, #2154, #2307, #1507, #3756, #2491, #1219, #737, #2921, #4498, #3157, #4234, #2663, #1732, #4742, #974, #4859, #3880, #3393, #2379, #3505, #4495, #4535, #1859, #1579, #259, #248, #3071, #4854, #4675, #4137, #1917, #3694, #1676, #2700, #1491, #3527, #885, #1725, #4191, #3448, #1743, #3069, #1022, #931, #2976, #3098, #3841, #648, #1216, #2390, #2613, #411, #692, #2428, #2139 ) ) ;
#1765 = EDGE_CURVE ( 'NONE', #4522, #1586, #434, .T. ) ;
#1766 = LINE ( 'NONE', #4337, #3024 ) ;
#1767 = DIRECTION ( 'NONE',  ( 0.0000000000000000000, -1.000000000000000000, 0.0000000000000000000 ) ) ;
#1768 = CARTESIAN_POINT ( 'NONE',  ( -0.03999263517755203418, 4.799949999999999939, 0.8114688121026193413 ) ) ;
#1769 = CARTESIAN_POINT ( 'NONE',  ( 0.1096550375263220939, 4.800000000000001599, 0.5483511832310062895 ) ) ;
#1770 = VERTEX_POINT ( 'NONE', #859 ) ;
#1771 = CARTESIAN_POINT ( 'NONE',  ( -0.2088872859734089149, 4.800000000000000711, -0.3877166030328806356 ) ) ;
#1772 = CARTESIAN_POINT ( 'NONE',  ( -2.041385954544295611, 4.800000000000000711, 0.2459461852032502338 ) ) ;
#1773 = CARTESIAN_POINT ( 'NONE',  ( -0.1735638278987506888, 4.799999999999999822, -0.8061768999207572506 ) ) ;
#1774 = CARTESIAN_POINT ( 'NONE',  ( 0.04304900696343894745, 4.799999999999999822, -1.607752698857453089 ) ) ;
#1775 = CARTESIAN_POINT ( 'NONE',  ( -1.246978554511614101, 4.799999999999999822, 1.089063596490889019 ) ) ;
#1776 = B_SPLINE_CURVE_WITH_KNOTS ( 'NONE', 3,
 ( #1695, #3188, #4318, #4690 ),
 .UNSPECIFIED., .F., .F.,
 ( 4, 4 ),
 ( 0.0000000000000000000, 1.000000000000000000 ),
 .UNSPECIFIED. ) ;
#1777 = EDGE_CURVE ( 'NONE', #4873, #3233, #2968, .T. ) ;
#1778 = CARTESIAN_POINT ( 'NONE',  ( -2.564999999999999947, 4.799999999999999822, -2.064999999999997282 ) ) ;
#1779 = VERTEX_POINT ( 'NONE', #3978 ) ;
#1780 = ORIENTED_EDGE ( 'NONE', *, *, #838, .F. ) ;
#1781 = CARTESIAN_POINT ( 'NONE',  ( 3.709999999999999964, 5.421010862427522170E-17, 3.350735931288071789 ) ) ;
#1782 = CARTESIAN_POINT ( 'NONE',  ( -3.585735931288072553, 0.1242640687119284937, 3.474999999999999645 ) ) ;
#1783 = CARTESIAN_POINT ( 'NONE',  ( 0.1351657648224167951, 4.799949999999999939, -0.8811871878973897010 ) ) ;
#1784 = EDGE_CURVE ( 'NONE', #4381, #4036, #909, .T. ) ;
#1785 = CARTESIAN_POINT ( 'NONE',  ( 1.623201114001299628, 4.800000000000001599, 0.3895367886791805123 ) ) ;
#1786 = CARTESIAN_POINT ( 'NONE',  ( -0.3816787666968437520, 4.799999999999999822, 0.2162175365875918798 ) ) ;
#1787 = ORIENTED_EDGE ( 'NONE', *, *, #3061, .F. ) ;
#1788 = CARTESIAN_POINT ( 'NONE',  ( -0.2123062351775898415, 4.799949999999999939, -1.502979187897381941 ) ) ;
#1789 = MECHANICAL_DESIGN_GEOMETRIC_PRESENTATION_REPRESENTATION (  '', ( #3275 ), #4455 ) ;
#1790 = EDGE_CURVE ( 'NONE', #1681, #1878, #2782, .T. ) ;
#1791 = CARTESIAN_POINT ( 'NONE',  ( -2.042319464233487647, 4.799999999999999822, 0.5585261324320369702 ) ) ;
#1792 = CARTESIAN_POINT ( 'NONE',  ( -0.04185475101983757162, 4.800000000000001599, 0.5583186952707526185 ) ) ;
#1793 = STYLED_ITEM ( 'NONE', ( #2374 ), #3286 ) ;
#1794 = ORIENTED_EDGE ( 'NONE', *, *, #3308, .F. ) ;
#1795 = CARTESIAN_POINT ( 'NONE',  ( 0.4074537648224088038, 4.799949999999999939, -1.327414387897394521 ) ) ;
#1796 = CARTESIAN_POINT ( 'NONE',  ( 0.6441486687144636347, 4.800000000000000711, 0.2542375393336109846 ) ) ;
#1797 = B_SPLINE_CURVE_WITH_KNOTS ( 'NONE', 3,
 ( #4489, #2693, #47, #3062, #4559, #1204 ),
 .UNSPECIFIED., .F., .F.,
 ( 4, 2, 4 ),
 ( 0.0000000000000000000, 0.5000000000000000000, 1.000000000000000000 ),
 .UNSPECIFIED. ) ;
#1798 = CARTESIAN_POINT ( 'NONE',  ( 0.1246141137086530792, 4.800000000000001599, -1.130592247131043671 ) ) ;
#1799 = CARTESIAN_POINT ( 'NONE',  ( -2.036323429541914809, 4.800000000000000711, 1.046095140978977378 ) ) ;
#1800 = STYLED_ITEM ( 'NONE', ( #292 ), #452 ) ;
#1801 = CARTESIAN_POINT ( 'NONE',  ( 0.1077663602968159939, 4.799999999999999822, -1.295547271351206398 ) ) ;
#1802 = SURFACE_STYLE_USAGE ( .BOTH. , #1066 ) ;
#1803 = PRODUCT_DEFINITION_FORMATION_WITH_SPECIFIED_SOURCE ( 'ANY', '', #1547, .NOT_KNOWN. ) ;
#1804 = CARTESIAN_POINT ( 'NONE',  ( -0.4866466938974851608, 4.800000000000001599, -1.757893382107406532 ) ) ;
#1805 = ORIENTED_EDGE ( 'NONE', *, *, #3277, .F. ) ;
#1806 = PRESENTATION_STYLE_ASSIGNMENT (( #1428 ) ) ;
#1807 = ORIENTED_EDGE ( 'NONE', *, *, #3612, .T. ) ;
#1808 = CARTESIAN_POINT ( 'NONE',  ( -0.01614005541444631445, 4.799999999999999822, 0.1232842536728413624 ) ) ;
#1809 = EDGE_CURVE ( 'NONE', #2519, #3219, #4255, .T. ) ;
#1810 = CARTESIAN_POINT ( 'NONE',  ( 0.07208008979203402167, 4.799999999999999822, 1.106888475014155881 ) ) ;
#1811 = CARTESIAN_POINT ( 'NONE',  ( 2.065000000000000391, 4.799999999999999822, 2.064999999999999059 ) ) ;
#1812 = CARTESIAN_POINT ( 'NONE',  ( 1.640824898482126759, 4.799949999999705064, 0.3244251481154861727 ) ) ;
#1813 = ORIENTED_EDGE ( 'NONE', *, *, #2955, .F. ) ;
#1814 = CARTESIAN_POINT ( 'NONE',  ( -0.2078358351775833335, 4.799949999999999939, -0.9421471878973820546 ) ) ;
#1815 = EDGE_CURVE ( 'NONE', #1200, #1657, #1098, .T. ) ;
#1816 = CARTESIAN_POINT ( 'NONE',  ( -2.040384062357965433, 4.800000000000000711, 0.5715781805744836186 ) ) ;
#1817 = CARTESIAN_POINT ( 'NONE',  ( -0.3251783782014601165, 4.799999999999999822, 1.536463634660214739 ) ) ;
#1818 = CARTESIAN_POINT ( 'NONE',  ( 0.1977513648224443199, 4.799949999999999939, 0.7220608121026140802 ) ) ;
#1819 = CARTESIAN_POINT ( 'NONE',  ( 2.565000000000000391, 4.799999999999999822, -2.064999999999995506 ) ) ;
#1820 = CARTESIAN_POINT ( 'NONE',  ( -2.040441976244438571, 4.800000000000000711, 0.2383159330034200496 ) ) ;
#1821 = PLANE ( 'NONE',  #4701 ) ;
#1822 = CARTESIAN_POINT ( 'NONE',  ( -0.2078358351775833335, 4.799949999999999939, -0.9421471878973820546 ) ) ;
#1823 = PRESENTATION_STYLE_ASSIGNMENT (( #2241 ) ) ;
#1824 = CARTESIAN_POINT ( 'NONE',  ( -1.649999999999999245, 0.0000000000000000000, 0.0000000000000000000 ) ) ;
#1825 = ORIENTED_EDGE ( 'NONE', *, *, #3313, .T. ) ;
#1826 = CARTESIAN_POINT ( 'NONE',  ( -0.2257174351775678989, 4.799949999999999939, 0.06166081210262067125 ) ) ;
#1827 = ORIENTED_EDGE ( 'NONE', *, *, #3492, .F. ) ;
#1828 = CARTESIAN_POINT ( 'NONE',  ( -0.1814198351775715978, 4.799949999999999939, -0.2910943878973795695 ) ) ;
#1829 = CARTESIAN_POINT ( 'NONE',  ( -0.01723423517757324830, 4.799949999999999939, -0.3861919878973834042 ) ) ;
#1830 = CARTESIAN_POINT ( 'NONE',  ( -0.4311760965124518119, 4.799999999999998046, -1.537130244274800273 ) ) ;
#1831 = CARTESIAN_POINT ( 'NONE',  ( 0.1541744550623902199, 4.799999999999999822, 1.762719248068143507 ) ) ;
#1832 = CARTESIAN_POINT ( 'NONE',  ( 0.1294761648224125594, 4.799949999999999939, -1.237599987897385567 ) ) ;
#1833 = ORIENTED_EDGE ( 'NONE', *, *, #845, .F. ) ;
#1834 = CARTESIAN_POINT ( 'NONE',  ( -0.1602870351775382285, 4.799949999999999939, 1.776668812102623285 ) ) ;
#1835 = B_SPLINE_CURVE_WITH_KNOTS ( 'NONE', 3,
 ( #634, #3215, #247, #2871, #3927, #2508, #4366, #939, #1013, #1769, #4339, #224 ),
 .UNSPECIFIED., .F., .F.,
 ( 4, 1, 1, 2, 2, 2, 4 ),
 ( 0.0000000000000000000, 0.2500000000000028866, 0.3750000000000045519, 0.4375000000000051625, 0.5000000000000057732, 0.7500000000000028866, 1.000000000000000000 ),
 .UNSPECIFIED. ) ;
#1836 = EDGE_CURVE ( 'NONE', #2295, #3813, #1673, .T. ) ;
#1837 = DIRECTION ( 'NONE',  ( 1.000000000000000000, 0.0000000000000000000, -0.0000000000000000000 ) ) ;
#1838 = ORIENTED_EDGE ( 'NONE', *, *, #2919, .F. ) ;
#1839 = ORIENTED_EDGE ( 'NONE', *, *, #4601, .T. ) ;
#1840 = CARTESIAN_POINT ( 'NONE',  ( -1.095170956472398149, 4.799949999999693517, -0.4667728005679347980 ) ) ;
#1841 = CARTESIAN_POINT ( 'NONE',  ( -2.019343750590045339, 4.799949999999983064, 0.2062510964908889910 ) ) ;
#1842 = EDGE_CURVE ( 'NONE', #3732, #544, #884, .T. ) ;
#1843 = CARTESIAN_POINT ( 'NONE',  ( -2.039687259769479954, 4.800000000000001599, -0.5895798946439199106 ) ) ;
#1844 = DIRECTION ( 'NONE',  ( 0.0000000000000000000, -8.792748708703658551E-13, 1.000000000000000000 ) ) ;
#1845 = PLANE ( 'NONE',  #680 ) ;
#1846 = EDGE_CURVE ( 'NONE', #2564, #2715, #1152, .T. ) ;
#1847 = DIRECTION ( 'NONE',  ( -0.0000000000000000000, -1.000000000000000000, -0.0000000000000000000 ) ) ;
#1848 = ORIENTED_EDGE ( 'NONE', *, *, #4473, .T. ) ;
#1849 = CARTESIAN_POINT ( 'NONE',  ( 0.04096569178690264573, 4.800000000000000711, -1.248200839268702955 ) ) ;
#1850 = ORIENTED_EDGE ( 'NONE', *, *, #2201, .T. ) ;
#1851 = PLANE ( 'NONE',  #3193 ) ;
#1852 = CARTESIAN_POINT ( 'NONE',  ( -0.4988182351775560797, 4.799949999999999939, 0.6159904121026270607 ) ) ;
#1853 = CARTESIAN_POINT ( 'NONE',  ( -0.07464415022339518369, 4.800000000000000711, 0.9288295383073027489 ) ) ;
#1854 = FILL_AREA_STYLE ('',( #334 ) ) ;
#1855 = DIRECTION ( 'NONE',  ( 0.0000000000000000000, 0.0000000000000000000, -1.000000000000000000 ) ) ;
#1856 = VERTEX_POINT ( 'NONE', #2026 ) ;
#1857 = AXIS2_PLACEMENT_3D ( 'NONE', #327, #2149, #1475 ) ;
#1858 = PLANE ( 'NONE',  #1532 ) ;
#1859 = ORIENTED_EDGE ( 'NONE', *, *, #2092, .T. ) ;
#1860 = AXIS2_PLACEMENT_3D ( 'NONE', #2651, #3437, #2317 ) ;
#1861 = ORIENTED_EDGE ( 'NONE', *, *, #4270, .T. ) ;
#1862 = CARTESIAN_POINT ( 'NONE',  ( -0.06974438754346323766, 4.799999999999999822, -1.203062804758995741 ) ) ;
#1863 = EDGE_CURVE ( 'NONE', #654, #605, #2552, .T. ) ;
#1864 = CARTESIAN_POINT ( 'NONE',  ( -1.990851103531222410, 4.799949999999915562, 1.167877934726182954 ) ) ;
#1865 = CARTESIAN_POINT ( 'NONE',  ( 0.6408248984821263150, 4.799949999999952865, 0.3088001481154861172 ) ) ;
#1866 = VECTOR ( 'NONE', #2340, 1000.000000000000000 ) ;
#1867 = CARTESIAN_POINT ( 'NONE',  ( 0.1129448625948929058, 4.799999999999998046, -1.147701606364698090 ) ) ;
#1868 = CARTESIAN_POINT ( 'NONE',  ( 0.1010281648224607698, 4.799949999999999939, 1.341008012102617331 ) ) ;
#1869 = EDGE_CURVE ( 'NONE', #1060, #4156, #4022, .T. ) ;
#1870 = MECHANICAL_DESIGN_GEOMETRIC_PRESENTATION_REPRESENTATION (  '', ( #3596 ), #2821 ) ;
#1871 = B_SPLINE_CURVE_WITH_KNOTS ( 'NONE', 3,
 ( #1818, #320, #1111, #1179, #2991, #2187 ),
 .UNSPECIFIED., .F., .F.,
 ( 4, 2, 4 ),
 ( 0.0000000000000000000, 0.5000000000000000000, 1.000000000000000000 ),
 .UNSPECIFIED. ) ;
#1872 = FACE_BOUND ( 'NONE', #714, .T. ) ;
#1873 = ORIENTED_EDGE ( 'NONE', *, *, #4590, .T. ) ;
#1874 = CARTESIAN_POINT ( 'NONE',  ( -0.5611108583454410548, 4.800000000000000711, 1.414980017426991088 ) ) ;
#1875 = AXIS2_PLACEMENT_3D ( 'NONE', #2437, #3564, #179 ) ;
#1876 = ORIENTED_EDGE ( 'NONE', *, *, #2475, .F. ) ;
#1877 = FILL_AREA_STYLE ('',( #4181 ) ) ;
#1878 = VERTEX_POINT ( 'NONE', #153 ) ;
#1879 = EDGE_CURVE ( 'NONE', #1189, #4679, #1036, .T. ) ;
#1880 = LINE ( 'NONE', #3322, #4763 ) ;
#1881 = CARTESIAN_POINT ( 'NONE',  ( 0.1606064957291948592, 4.799999999999999822, -0.5578810530662434708 ) ) ;
#1882 = ORIENTED_EDGE ( 'NONE', *, *, #2471, .T. ) ;
#1883 = CARTESIAN_POINT ( 'NONE',  ( 0.1823081648224429696, 4.799949999999999939, 0.3221632121026150597 ) ) ;
#1884 = CARTESIAN_POINT ( 'NONE',  ( -0.01829400464552995154, 4.800000000000000711, -0.4564310275801674033 ) ) ;
#1885 = EDGE_LOOP ( 'NONE', ( #4267, #2051, #2768, #747 ) ) ;
#1886 = VERTEX_POINT ( 'NONE', #2922 ) ;
#1887 = CARTESIAN_POINT ( 'NONE',  ( 0.008135495246695363322, 4.799999999999998934, -1.165356494131066123 ) ) ;
#1888 = CARTESIAN_POINT ( 'NONE',  ( 1.640824898482126537, 4.799949999999973294, -0.2858689695315729251 ) ) ;
#1889 = EDGE_CURVE ( 'NONE', #1562, #506, #3312, .T. ) ;
#1890 = CARTESIAN_POINT ( 'NONE',  ( 0.1603625648224134836, 4.799949999999999939, -1.086012787897390419 ) ) ;
#1891 = CARTESIAN_POINT ( 'NONE',  ( 0.6561638365342820078, 4.799999999999999822, -0.2085860274383490864 ) ) ;
#1892 = CARTESIAN_POINT ( 'NONE',  ( -2.039546933825455710, 4.800000000000000711, -0.2478345594626460147 ) ) ;
#1893 = B_SPLINE_CURVE_WITH_KNOTS ( 'NONE', 3,
 ( #906, #1232, #1943, #3509 ),
 .UNSPECIFIED., .F., .F.,
 ( 4, 4 ),
 ( 0.0000000000000000000, 1.000000000000000000 ),
 .UNSPECIFIED. ) ;
#1894 = ORIENTED_EDGE ( 'NONE', *, *, #376, .F. ) ;
#1895 = EDGE_CURVE ( 'NONE', #1137, #3124, #3659, .T. ) ;
#1896 = CARTESIAN_POINT ( 'NONE',  ( 1.588664972011538667, 4.799949999999693517, 0.3770446334096037577 ) ) ;
#1897 = CARTESIAN_POINT ( 'NONE',  ( -0.1501270351775795264, 4.799949999999999939, -0.7730847878973819975 ) ) ;
#1898 = ORIENTED_EDGE ( 'NONE', *, *, #1180, .T. ) ;
#1899 = CARTESIAN_POINT ( 'NONE',  ( 0.09251485552707512661, 4.800000000000000711, 0.5639035705588472114 ) ) ;
#1900 = DIRECTION ( 'NONE',  ( 0.0000000000000000000, 1.000000000000000000, 0.0000000000000000000 ) ) ;
#1901 = FACE_BOUND ( 'NONE', #2952, .T. ) ;
#1902 = ORIENTED_EDGE ( 'NONE', *, *, #286, .F. ) ;
#1903 = CARTESIAN_POINT ( 'NONE',  ( -2.064999999999998614, 4.799999999999999822, 2.064999999999999503 ) ) ;
#1904 = ORIENTED_EDGE ( 'NONE', *, *, #3482, .T. ) ;
#1905 = B_SPLINE_CURVE_WITH_KNOTS ( 'NONE', 3,
 ( #72, #3773, #391, #1589 ),
 .UNSPECIFIED., .F., .F.,
 ( 4, 4 ),
 ( 0.0000000000000000000, 1.000000000000000000 ),
 .UNSPECIFIED. ) ;
#1906 = CARTESIAN_POINT ( 'NONE',  ( 0.03482004570917020259, 4.799999999999998934, -0.4279359708434453680 ) ) ;
#1907 = VERTEX_POINT ( 'NONE', #1470 ) ;
#1908 = EDGE_CURVE ( 'NONE', #4123, #3103, #4538, .T. ) ;
#1909 = FILL_AREA_STYLE ('',( #2667 ) ) ;
#1910 = ORIENTED_EDGE ( 'NONE', *, *, #3759, .T. ) ;
#1911 = VERTEX_POINT ( 'NONE', #4863 ) ;
#1912 = CARTESIAN_POINT ( 'NONE',  ( 2.065000000000000391, 4.799999999999999822, -2.564999999999999059 ) ) ;
#1913 = B_SPLINE_CURVE_WITH_KNOTS ( 'NONE', 3,
 ( #4597, #2705, #2394, #2349 ),
 .UNSPECIFIED., .F., .F.,
 ( 4, 4 ),
 ( 0.0000000000000000000, 1.000000000000000000 ),
 .UNSPECIFIED. ) ;
#1914 = CARTESIAN_POINT ( 'NONE',  ( 0.2188841648224117142, 4.799949999999999939, -1.382684787897390910 ) ) ;
#1915 = FILL_AREA_STYLE ('',( #3315 ) ) ;
#1916 = CARTESIAN_POINT ( 'NONE',  ( -2.038190923256016696, 4.799999999999999822, -0.2422464243977085208 ) ) ;
#1917 = ORIENTED_EDGE ( 'NONE', *, *, #615, .T. ) ;
#1918 = CARTESIAN_POINT ( 'NONE',  ( 1.611493688492442899, 4.799999999999999822, -0.3549381860472725636 ) ) ;
#1919 = ORIENTED_EDGE ( 'NONE', *, *, #4788, .F. ) ;
#1920 = CARTESIAN_POINT ( 'NONE',  ( -0.2761110351775925009, 4.799949999999999939, -1.411539187897383085 ) ) ;
#1921 = B_SPLINE_CURVE_WITH_KNOTS ( 'NONE', 3,
 ( #1482, #4804, #4409, #2609 ),
 .UNSPECIFIED., .F., .F.,
 ( 4, 4 ),
 ( 0.0000000000000000000, 1.000000000000000000 ),
 .UNSPECIFIED. ) ;
#1922 = VERTEX_POINT ( 'NONE', #2600 ) ;
#1923 = FILL_AREA_STYLE ('',( #403 ) ) ;
#1924 = CARTESIAN_POINT ( 'NONE',  ( -0.4789046351775551602, 4.799949999999999939, 0.6712608121026232277 ) ) ;
#1925 = CARTESIAN_POINT ( 'NONE',  ( -0.3924218645637326808, 4.799999999999999822, 0.6342934811555873686 ) ) ;
#1926 = CARTESIAN_POINT ( 'NONE',  ( -1.065278824519022560, 4.800000000000000711, 1.192933192169890910 ) ) ;
#1927 = ORIENTED_EDGE ( 'NONE', *, *, #583, .T. ) ;
#1928 = B_SPLINE_CURVE_WITH_KNOTS ( 'NONE', 3,
 ( #992, #2170, #3243, #3657, #2074, #273 ),
 .UNSPECIFIED., .F., .F.,
 ( 4, 2, 4 ),
 ( 0.0000000000000000000, 0.5000000000000000000, 1.000000000000000000 ),
 .UNSPECIFIED. ) ;
#1929 =( GEOMETRIC_REPRESENTATION_CONTEXT ( 3 ) GLOBAL_UNCERTAINTY_ASSIGNED_CONTEXT ( ( #2156 ) ) GLOBAL_UNIT_ASSIGNED_CONTEXT ( ( #2117, #2067, #3923 ) ) REPRESENTATION_CONTEXT ( 'NONE', 'WORKASPACE' ) );
#1930 = CARTESIAN_POINT ( 'NONE',  ( -1.046415716919006478, 4.799999999999999822, -0.5727070467118822172 ) ) ;
#1931 = EDGE_CURVE ( 'NONE', #4595, #1293, #2909, .T. ) ;
#1932 = ORIENTED_EDGE ( 'NONE', *, *, #1387, .T. ) ;
#1933 =( LENGTH_UNIT ( ) NAMED_UNIT ( * ) SI_UNIT ( .MILLI., .METRE. ) );
#1934 = VECTOR ( 'NONE', #948, 1000.000000000000000 ) ;
#1935 = ORIENTED_EDGE ( 'NONE', *, *, #4609, .F. ) ;
#1936 = CARTESIAN_POINT ( 'NONE',  ( 0.1449193648224503250, 4.799949999999999939, 1.070345612102616029 ) ) ;
#1937 = EDGE_CURVE ( 'NONE', #3424, #2322, #914, .T. ) ;
#1938 = MECHANICAL_DESIGN_GEOMETRIC_PRESENTATION_REPRESENTATION (  '', ( #4770 ), #4290 ) ;
#1939 = SURFACE_STYLE_USAGE ( .BOTH. , #96 ) ;
#1940 = CARTESIAN_POINT ( 'NONE',  ( -1.058766776662475761, 4.800000000000000711, 0.2282608982611623594 ) ) ;
#1941 = CARTESIAN_POINT ( 'NONE',  ( -1.045708763604418889, 4.799999999999999822, 0.3482935407567029351 ) ) ;
#1942 = MECHANICAL_DESIGN_GEOMETRIC_PRESENTATION_REPRESENTATION (  '', ( #3116 ), #4685 ) ;
#1943 = CARTESIAN_POINT ( 'NONE',  ( 0.1283574938384194619, 4.799999999999999822, -1.247797061277790442 ) ) ;
#1944 = CARTESIAN_POINT ( 'NONE',  ( -2.043011030001809836, 4.799949999999952865, -0.5350172858620525496 ) ) ;
#1945 = VECTOR ( 'NONE', #1847, 1000.000000000000000 ) ;
#1946 =( BOUNDED_CURVE ( )  B_SPLINE_CURVE ( 3, ( #925, #625, #1004, #1684 ),
 .UNSPECIFIED., .F., .T. ) 
 B_SPLINE_CURVE_WITH_KNOTS ( ( 4, 4 ),
 ( 3.141592653589793116, 4.712388980384689674 ),
 .UNSPECIFIED. ) 
 CURVE ( )  GEOMETRIC_REPRESENTATION_ITEM ( )  RATIONAL_B_SPLINE_CURVE ( ( 1.000000000000000000, 0.8047378541243649375, 0.8047378541243649375, 1.000000000000000000 ) ) 
 REPRESENTATION_ITEM ( '' )  );
#1947 = VERTEX_POINT ( 'NONE', #3722 ) ;
#1948 = DIRECTION ( 'NONE',  ( -0.0000000000000000000, 0.0000000000000000000, -1.000000000000000000 ) ) ;
#1949 = ORIENTED_EDGE ( 'NONE', *, *, #2360, .T. ) ;
#1950 = CARTESIAN_POINT ( 'NONE',  ( -3.710000000000000409, 4.790000000000000036, -3.475000000000000533 ) ) ;
#1951 = ORIENTED_EDGE ( 'NONE', *, *, #2032, .T. ) ;
#1952 = SURFACE_STYLE_FILL_AREA ( #1923 ) ;
#1953 = CARTESIAN_POINT ( 'NONE',  ( 0.0000000000000000000, 0.0000000000000000000, -1.334999999999999298 ) ) ;
#1954 = COLOUR_RGB ( '',1.000000000000000000, 1.000000000000000000, 1.000000000000000000 ) ;
#1955 = CARTESIAN_POINT ( 'NONE',  ( 0.9864897269134988989, 4.799999999999999822, 0.1904637510566624115 ) ) ;
#1956 = ORIENTED_EDGE ( 'NONE', *, *, #545, .F. ) ;
#1957 = CARTESIAN_POINT ( 'NONE',  ( -1.043011030001810502, 4.799949999999973294, -0.3061569917444053601 ) ) ;
#1958 = PRODUCT_DEFINITION ( 'UNKNOWN', '', #1803, #3274 ) ;
#1959 = CARTESIAN_POINT ( 'NONE',  ( -1.066678309413574777, 4.799949999999745920, -0.6000448593914643469 ) ) ;
#1960 = CARTESIAN_POINT ( 'NONE',  ( -0.03890147579258823596, 4.800000000000001599, -1.618975545583486220 ) ) ;
#1961 = ORIENTED_EDGE ( 'NONE', *, *, #1155, .T. ) ;
#1962 = DIRECTION ( 'NONE',  ( 4.824525314446977136E-13, 1.000000000000000000, 8.792748708714721284E-13 ) ) ;
#1963 = SURFACE_SIDE_STYLE ('',( #2938 ) ) ;
#1964 = VERTEX_POINT ( 'NONE', #22 ) ;
#1965 = B_SPLINE_CURVE_WITH_KNOTS ( 'NONE', 3,
 ( #1703, #1774, #2147, #2830 ),
 .UNSPECIFIED., .F., .F.,
 ( 4, 4 ),
 ( 0.0000000000000000000, 1.000000000000000000 ),
 .UNSPECIFIED. ) ;
#1966 = EDGE_CURVE ( 'NONE', #1611, #3517, #3776, .T. ) ;
#1967 = CARTESIAN_POINT ( 'NONE',  ( 0.0000000000000000000, 4.790000000000000036, 3.174999999999999822 ) ) ;
#1968 = CARTESIAN_POINT ( 'NONE',  ( 1.637162981540838169, 4.800000000000000711, -0.2237560669192194540 ) ) ;
#1969 = CARTESIAN_POINT ( 'NONE',  ( -0.1884355594317898008, 4.800000000000000711, 0.7527775303252201011 ) ) ;
#1970 =( LENGTH_UNIT ( ) NAMED_UNIT ( * ) SI_UNIT ( .MILLI., .METRE. ) );
#1971 = CARTESIAN_POINT ( 'NONE',  ( 0.04471898264479902407, 4.800000000000000711, 0.7513051976998915693 ) ) ;
#1972 = CARTESIAN_POINT ( 'NONE',  ( 0.1367913648224021450, 4.799949999999999939, -1.717151987897389098 ) ) ;
#1973 = CARTESIAN_POINT ( 'NONE',  ( -1.198112132942986463, 4.799999999999999822, 0.9717995033536340754 ) ) ;
#1974 = ORIENTED_EDGE ( 'NONE', *, *, #697, .T. ) ;
#1975 = CARTESIAN_POINT ( 'NONE',  ( 0.1280876314890856682, 4.799999999999999822, -0.7766882012307219085 ) ) ;
#1976 = ORIENTED_EDGE ( 'NONE', *, *, #984, .T. ) ;
#1977 = CARTESIAN_POINT ( 'NONE',  ( -2.019343750590045339, 4.799949999999983064, 1.029780508255594640 ) ) ;
#1978 = ORIENTED_EDGE ( 'NONE', *, *, #731, .T. ) ;
#1979 = CARTESIAN_POINT ( 'NONE',  ( 0.6447221512351194450, 4.799999999999999822, -0.3268883722001723058 ) ) ;
#1980 = CARTESIAN_POINT ( 'NONE',  ( -0.3922059685108874594, 4.799999999999999822, 0.6529728121026252552 ) ) ;
#1981 = CARTESIAN_POINT ( 'NONE',  ( 0.08641181134688968868, 4.800000000000000711, -0.5499932319445595130 ) ) ;
#1982 = ORIENTED_EDGE ( 'NONE', *, *, #197, .T. ) ;
#1983 = B_SPLINE_CURVE_WITH_KNOTS ( 'NONE', 3,
 ( #3986, #3170, #2102, #2855, #3592, #1705, #568, #1337, #917, #4348, #2833, #4325, #2487, #4010, #2129, #209 ),
 .UNSPECIFIED., .F., .F.,
 ( 4, 1, 1, 1, 2, 2, 1, 2, 2, 4 ),
 ( 0.0000000000000000000, 0.2500000000000018874, 0.3750000000000021649, 0.4375000000000022760, 0.4687500000000019429, 0.5000000000000015543, 0.6250000000000016653, 0.6875000000000012212, 0.7500000000000006661, 1.000000000000000000 ),
 .UNSPECIFIED. ) ;
#1984 = CARTESIAN_POINT ( 'NONE',  ( -0.07772207217072799046, 4.799999999999999822, 0.7242883281602390255 ) ) ;
#1985 = CARTESIAN_POINT ( 'NONE',  ( 0.1466924129623596862, 4.799999999999999822, 0.4095751565223764157 ) ) ;
#1986 = ORIENTED_EDGE ( 'NONE', *, *, #481, .F. ) ;
#1987 = CARTESIAN_POINT ( 'NONE',  ( 0.1497961648224133413, 4.799949999999999939, -1.165260787897387740 ) ) ;
#1988 = CARTESIAN_POINT ( 'NONE',  ( -0.06266046562486234095, 4.800000000000000711, -0.3020111267485633411 ) ) ;
#1989 = ORIENTED_EDGE ( 'NONE', *, *, #1662, .F. ) ;
#1990 = B_SPLINE_CURVE_WITH_KNOTS ( 'NONE', 3,
 ( #3376, #1, #3402, #3772 ),
 .UNSPECIFIED., .F., .F.,
 ( 4, 4 ),
 ( 0.0000000000000000000, 1.000000000000000000 ),
 .UNSPECIFIED. ) ;
#1991 = CARTESIAN_POINT ( 'NONE',  ( 0.1676790324709649671, 4.799999999999999822, 1.448076008123570180 ) ) ;
#1992 = EDGE_CURVE ( 'NONE', #3863, #2441, #3609, .T. ) ;
#1993 = CARTESIAN_POINT ( 'NONE',  ( -0.1960502351775472718, 4.799949999999999939, 1.005728012102623525 ) ) ;
#1994 = CARTESIAN_POINT ( 'NONE',  ( 0.005689775429409181171, 4.799999999999999822, 1.270626756238840693 ) ) ;
#1995 = CARTESIAN_POINT ( 'NONE',  ( 0.3125331441894838580, 4.799999999999998934, -1.364022048523901187 ) ) ;
#1996 = PLANE ( 'NONE',  #842 ) ;
#1997 = CARTESIAN_POINT ( 'NONE',  ( 2.065000000000000391, 4.790000000000000036, -2.564999999999998614 ) ) ;
#1998 = ADVANCED_FACE ( 'NONE', ( #855 ), #3483, .F. ) ;
#1999 = SURFACE_STYLE_USAGE ( .BOTH. , #2270 ) ;
#2000 = VERTEX_POINT ( 'NONE', #3430 ) ;
#2001 = CARTESIAN_POINT ( 'NONE',  ( 1.650000000000000133, 0.0000000000000000000, 0.0000000000000000000 ) ) ;
#2002 = ORIENTED_EDGE ( 'NONE', *, *, #4448, .T. ) ;
#2003 = CARTESIAN_POINT ( 'NONE',  ( -0.1692278351775686751, 4.799949999999999939, 0.005171212102619317241 ) ) ;
#2004 = ORIENTED_EDGE ( 'NONE', *, *, #1095, .T. ) ;
#2005 = CARTESIAN_POINT ( 'NONE',  ( 0.2034587888835747427, 4.800000000000000711, -0.9933252815841869809 ) ) ;
#2006 = EDGE_CURVE ( 'NONE', #1652, #3178, #1797, .T. ) ;
#2007 = CARTESIAN_POINT ( 'NONE',  ( -0.5912863366877972870, 4.800000000000001599, 1.501290716486011423 ) ) ;
#2008 = ORIENTED_EDGE ( 'NONE', *, *, #1531, .F. ) ;
#2009 = CARTESIAN_POINT ( 'NONE',  ( -0.06319793274107268766, 4.800000000000000711, -0.6359751752592670559 ) ) ;
#2010 = ORIENTED_EDGE ( 'NONE', *, *, #814, .F. ) ;
#2011 = B_SPLINE_CURVE_WITH_KNOTS ( 'NONE', 3,
 ( #2819, #2402, #525, #930 ),
 .UNSPECIFIED., .F., .F.,
 ( 4, 4 ),
 ( 0.0000000000000000000, 1.000000000000000000 ),
 .UNSPECIFIED. ) ;
#2012 = CARTESIAN_POINT ( 'NONE',  ( 0.1091746277261378961, 4.799999999999999822, -1.542270638540831573 ) ) ;
#2013 = CARTESIAN_POINT ( 'NONE',  ( -0.1706044956091438414, 4.799999999999999822, -0.02086537886708828698 ) ) ;
#2014 = ORIENTED_EDGE ( 'NONE', *, *, #4188, .F. ) ;
#2015 = CARTESIAN_POINT ( 'NONE',  ( 0.1551696919834344990, 4.800000000000000711, -1.164856087107017935 ) ) ;
#2016 = PLANE ( 'NONE',  #4617 ) ;
#2017 = ORIENTED_EDGE ( 'NONE', *, *, #1836, .F. ) ;
#2018 = CARTESIAN_POINT ( 'NONE',  ( -0.2310251358640799113, 4.800000000000000711, -1.528039383513479565 ) ) ;
#2019 = FILL_AREA_STYLE ('',( #3556 ) ) ;
#2020 = DIRECTION ( 'NONE',  ( -1.000000000000000000, -0.0000000000000000000, 0.0000000000000000000 ) ) ;
#2021 = CARTESIAN_POINT ( 'NONE',  ( -0.1242859849710113429, 4.800000000000000711, 1.206803798968263841 ) ) ;
#2022 = CARTESIAN_POINT ( 'NONE',  ( 0.2279412883070319473, 4.800000000000000711, 0.03567913791657479489 ) ) ;
#2023 = EDGE_CURVE ( 'NONE', #4762, #3707, #3715, .T. ) ;
#2024 = VECTOR ( 'NONE', #4285, 1000.000000000000000 ) ;
#2025 = CARTESIAN_POINT ( 'NONE',  ( -2.038460958582648530, 4.799999999999999822, -1.173531487177082111 ) ) ;
#2026 = CARTESIAN_POINT ( 'NONE',  ( -1.990851103531222410, 4.799950000000221983, -1.177020962332640641 ) ) ;
#2027 =( GEOMETRIC_REPRESENTATION_CONTEXT ( 3 ) GLOBAL_UNCERTAINTY_ASSIGNED_CONTEXT ( ( #1660 ) ) GLOBAL_UNIT_ASSIGNED_CONTEXT ( ( #1181, #2264, #2645 ) ) REPRESENTATION_CONTEXT ( 'NONE', 'WORKASPACE' ) );
#2028 = ORIENTED_EDGE ( 'NONE', *, *, #3364, .F. ) ;
#2029 = CARTESIAN_POINT ( 'NONE',  ( -1.844098652550830275, 4.799999999999999822, -0.5662672858620524385 ) ) ;
#2030 = B_SPLINE_CURVE_WITH_KNOTS ( 'NONE', 3,
 ( #590, #4423, #3196, #1063 ),
 .UNSPECIFIED., .F., .F.,
 ( 4, 4 ),
 ( 0.0000000000000000000, 1.000000000000000000 ),
 .UNSPECIFIED. ) ;
#2031 = CARTESIAN_POINT ( 'NONE',  ( 0.1146992664820755820, 4.799999999999999822, -1.519727711612410159 ) ) ;
#2032 = EDGE_CURVE ( 'NONE', #4657, #4089, #1905, .T. ) ;
#2033 = ORIENTED_EDGE ( 'NONE', *, *, #1095, .F. ) ;
#2034 = VECTOR ( 'NONE', #2649, 1000.000000000000000 ) ;
#2035 = LINE ( 'NONE', #1953, #3033 ) ;
#2036 = ORIENTED_EDGE ( 'NONE', *, *, #2777, .F. ) ;
#2037 = CARTESIAN_POINT ( 'NONE',  ( 0.2047230881172952544, 4.799999999999999822, 0.1329240976969741361 ) ) ;
#2038 = ORIENTED_EDGE ( 'NONE', *, *, #2977, .T. ) ;
#2039 = DIRECTION ( 'NONE',  ( 0.0000000000000000000, -1.000000000000000000, -1.314184451497581259E-16 ) ) ;
#2040 = CARTESIAN_POINT ( 'NONE',  ( -1.066678309413574999, 4.799949999999942207, -1.049033829979699517 ) ) ;
#2041 = ORIENTED_EDGE ( 'NONE', *, *, #3945, .F. ) ;
#2042 = CARTESIAN_POINT ( 'NONE',  ( 0.08964896482243842057, 4.799949999999999939, 0.5570624121026186426 ) ) ;
#2043 = DIRECTION ( 'NONE',  ( 0.0000000000000000000, 0.0000000000000000000, -1.000000000000000000 ) ) ;
#2044 = VERTEX_POINT ( 'NONE', #3377 ) ;
#2045 = B_SPLINE_CURVE_WITH_KNOTS ( 'NONE', 3,
 ( #587, #988, #4719, #3561 ),
 .UNSPECIFIED., .F., .F.,
 ( 4, 4 ),
 ( 0.0000000000000000000, 1.000000000000000000 ),
 .UNSPECIFIED. ) ;
#2046 = CARTESIAN_POINT ( 'NONE',  ( 0.1327158655572036050, 4.800000000000000711, 1.058277707273650448 ) ) ;
#2047 = CARTESIAN_POINT ( 'NONE',  ( -2.042392860579936187, 4.800000000000000711, 1.143170407457164028 ) ) ;
#2048 = FILL_AREA_STYLE_COLOUR ( '', #353 ) ;
#2049 = CARTESIAN_POINT ( 'NONE',  ( -1.043011030001810502, 4.799949999999973294, -0.3061569917444053601 ) ) ;
#2050 = EDGE_CURVE ( 'NONE', #982, #2327, #3012, .T. ) ;
#2051 = ORIENTED_EDGE ( 'NONE', *, *, #3695, .T. ) ;
#2052 = CARTESIAN_POINT ( 'NONE',  ( -0.02277251497288045740, 4.800000000000000711, 0.4504740505350129931 ) ) ;
#2053 = CARTESIAN_POINT ( 'NONE',  ( 0.09493216482244458410, 4.799949999999999939, 0.6749184121026150507 ) ) ;
#2054 = CARTESIAN_POINT ( 'NONE',  ( -0.5057024550415126773, 4.800000000000000711, 1.556535264978923250 ) ) ;
#2055 = CARTESIAN_POINT ( 'NONE',  ( -1.043116903076245494, 4.799999999999999822, -1.158002618527695704 ) ) ;
#2056 = EDGE_CURVE ( 'NONE', #1548, #3424, #555, .T. ) ;
#2057 = CARTESIAN_POINT ( 'NONE',  ( 0.0000000000000000000, 4.790000000000000036, 2.564999999999999059 ) ) ;
#2058 = EDGE_LOOP ( 'NONE', ( #1077, #3794, #4781, #4728, #53, #1362, #1070, #3922, #2036, #329, #383, #3803, #270, #869, #646, #1226 ) ) ;
#2059 = SURFACE_STYLE_USAGE ( .BOTH. , #2350 ) ;
#2060 = VERTEX_POINT ( 'NONE', #2430 ) ;
#2061 = CARTESIAN_POINT ( 'NONE',  ( -1.095170956472398593, 4.799950000000012373, 0.4590084494320652575 ) ) ;
#2062 = B_SPLINE_CURVE_WITH_KNOTS ( 'NONE', 3,
 ( #4870, #2197, #2978, #1069, #3755, #784 ),
 .UNSPECIFIED., .F., .F.,
 ( 4, 2, 4 ),
 ( 0.0000000000000000000, 0.5000000000000000000, 1.000000000000000000 ),
 .UNSPECIFIED. ) ;
#2063 = EDGE_LOOP ( 'NONE', ( #2468, #2174, #2761, #2547, #2376, #2578 ) ) ;
#2064 = CARTESIAN_POINT ( 'NONE',  ( -0.3920953911306338524, 4.799999999999999822, 0.2736885113621675969 ) ) ;
#2065 = CARTESIAN_POINT ( 'NONE',  ( -3.800000000000000266, 3.299999999999999822, 1.335000000000000187 ) ) ;
#2066 = EDGE_LOOP ( 'NONE', ( #2081, #4214, #2652, #4607 ) ) ;
#2067 =( NAMED_UNIT ( * ) PLANE_ANGLE_UNIT ( ) SI_UNIT ( $, .RADIAN. ) );
#2068 = CARTESIAN_POINT ( 'NONE',  ( -2.040981302816265330, 4.800000000000001599, 1.161881693906862800 ) ) ;
#2069 = CARTESIAN_POINT ( 'NONE',  ( -0.04625361871741569958, 4.799999999999999822, 1.260992825236979087 ) ) ;
#2070 = CARTESIAN_POINT ( 'NONE',  ( -0.1169340676569418508, 4.800000000000001599, 0.08016545797123190986 ) ) ;
#2071 = CARTESIAN_POINT ( 'NONE',  ( -2.040137840326616381, 4.800000000000002487, -1.166039668171826360 ) ) ;
#2072 = CARTESIAN_POINT ( 'NONE',  ( 1.636107958973274989, 4.799999999999999822, 0.2652638596801377702 ) ) ;
#2073 = ORIENTED_EDGE ( 'NONE', *, *, #84, .T. ) ;
#2074 = CARTESIAN_POINT ( 'NONE',  ( 0.09988599065214462391, 4.800000000000000711, 1.132584930815790925 ) ) ;
#2075 = CARTESIAN_POINT ( 'NONE',  ( 0.04670835563676112301, 4.799999999999998934, -1.503027983172173343 ) ) ;
#2076 = CARTESIAN_POINT ( 'NONE',  ( -0.4369889543625412043, 4.799999999999998934, -1.396226115615038621 ) ) ;
#2077 = CARTESIAN_POINT ( 'NONE',  ( 0.05388576482240683974, 4.799949999999999939, -1.494851187897386691 ) ) ;
#2078 = CARTESIAN_POINT ( 'NONE',  ( -0.3419737703407617069, 4.799999999999999822, 1.591933246590272910 ) ) ;
#2079 = ORIENTED_EDGE ( 'NONE', *, *, #1750, .T. ) ;
#2080 = CARTESIAN_POINT ( 'NONE',  ( -3.710000000000000409, 4.790000000000000036, -3.475000000000000533 ) ) ;
#2081 = ORIENTED_EDGE ( 'NONE', *, *, #1992, .F. ) ;
#2082 = EDGE_CURVE ( 'NONE', #1347, #1137, #3422, .T. ) ;
#2083 = FACE_OUTER_BOUND ( 'NONE', #1509, .T. ) ;
#2084 = CARTESIAN_POINT ( 'NONE',  ( -1.046672946943101090, 4.800000000000000711, -1.067573500896755956 ) ) ;
#2085 = CARTESIAN_POINT ( 'NONE',  ( -0.1395644552954684037, 4.799999999999999822, 1.294854453910402992 ) ) ;
#2086 = CARTESIAN_POINT ( 'NONE',  ( 2.065000000000000391, 4.790000000000000036, -2.064999999999999059 ) ) ;
#2087 = VERTEX_POINT ( 'NONE', #499 ) ;
#2088 = B_SPLINE_CURVE_WITH_KNOTS ( 'NONE', 3,
 ( #1099, #1480, #4138, #810, #32, #425, #2980, #3733, #1920 ),
 .UNSPECIFIED., .F., .F.,
 ( 4, 1, 2, 2, 4 ),
 ( 0.0000000000000000000, 0.2499999999999979461, 0.3749999999999980016, 0.4999999999999981126, 1.000000000000000000 ),
 .UNSPECIFIED. ) ;
#2089 = EDGE_CURVE ( 'NONE', #1236, #3155, #2846, .T. ) ;
#2090 = CARTESIAN_POINT ( 'NONE',  ( -1.043011030001810502, 4.799949999999973294, 0.5173724200203007051 ) ) ;
#2091 = CARTESIAN_POINT ( 'NONE',  ( 0.3092988011340586096, 4.799999999999998934, -1.152658999277930807 ) ) ;
#2092 = EDGE_CURVE ( 'NONE', #4352, #1486, #4839, .T. ) ;
#2093 = DIRECTION ( 'NONE',  ( 1.248002500702738800E-16, 0.0000000000000000000, 1.000000000000000000 ) ) ;
#2094 = CARTESIAN_POINT ( 'NONE',  ( -0.04331624434508843380, 4.799999999999999822, -0.3967296478057980580 ) ) ;
#2095 = B_SPLINE_CURVE_WITH_KNOTS ( 'NONE', 3,
 ( #2447, #1319, #1760, #3550, #2523, #2497, #189, #2110 ),
 .UNSPECIFIED., .F., .F.,
 ( 4, 2, 2, 4 ),
 ( 0.0000000000000000000, 0.2500000000000000000, 0.5000000000000000000, 1.000000000000000000 ),
 .UNSPECIFIED. ) ;
#2096 = VERTEX_POINT ( 'NONE', #961 ) ;
#2097 = CARTESIAN_POINT ( 'NONE',  ( 0.1087497648224120123, 4.799949999999999939, -1.049436787897386925 ) ) ;
#2098 = VECTOR ( 'NONE', #740, 1000.000000000000000 ) ;
#2099 = CARTESIAN_POINT ( 'NONE',  ( -2.034724972748455318, 4.799999999999998934, 1.042978311368531141 ) ) ;
#2100 = B_SPLINE_CURVE_WITH_KNOTS ( 'NONE', 3,
 ( #1497, #3777, #4565, #1234, #3406, #4492, #2995, #1134, #51, #4132, #755, #2268, #3752, #1944 ),
 .UNSPECIFIED., .F., .F.,
 ( 4, 1, 2, 2, 1, 2, 2, 4 ),
 ( 0.0000000000000000000, 0.1250000000000096034, 0.1875000000000144051, 0.2500000000000192069, 0.3750000000000288103, 0.4375000000000278111, 0.5000000000000268674, 1.000000000000000000 ),
 .UNSPECIFIED. ) ;
#2101 = CARTESIAN_POINT ( 'NONE',  ( -0.02386994681540302934, 4.799999999999999822, 0.8894651736899963357 ) ) ;
#2102 = CARTESIAN_POINT ( 'NONE',  ( -0.03059551063421270950, 4.800000000000000711, -1.349138376986044996 ) ) ;
#2103 = PRESENTATION_LAYER_ASSIGNMENT (  '', '', ( #4216 ) ) ;
#2104 = CARTESIAN_POINT ( 'NONE',  ( -0.3009014351775391449, 4.799949999999999939, 1.621830412102625685 ) ) ;
#2105 = VERTEX_POINT ( 'NONE', #1643 ) ;
#2106 = CARTESIAN_POINT ( 'NONE',  ( 0.1432937648224337501, 4.799949999999999939, 0.05028161210261479497 ) ) ;
#2107 = VERTEX_POINT ( 'NONE', #173 ) ;
#2108 = CARTESIAN_POINT ( 'NONE',  ( -1.553810662354751404, 4.799950000000002603, -0.09292169762675818456 ) ) ;
#2109 =( GEOMETRIC_REPRESENTATION_CONTEXT ( 3 ) GLOBAL_UNCERTAINTY_ASSIGNED_CONTEXT ( ( #214 ) ) GLOBAL_UNIT_ASSIGNED_CONTEXT ( ( #4108, #2582, #3750 ) ) REPRESENTATION_CONTEXT ( 'NONE', 'WORKASPACE' ) );
#2110 = CARTESIAN_POINT ( 'NONE',  ( -0.1610998351775673743, 4.799949999999999939, -0.03140478789737978504 ) ) ;
#2111 =( GEOMETRIC_REPRESENTATION_CONTEXT ( 3 ) GLOBAL_UNCERTAINTY_ASSIGNED_CONTEXT ( ( #2445 ) ) GLOBAL_UNIT_ASSIGNED_CONTEXT ( ( #4655, #4221, #4265 ) ) REPRESENTATION_CONTEXT ( 'NONE', 'WORKASPACE' ) );
#2112 = CARTESIAN_POINT ( 'NONE',  ( -1.246978554511614101, 4.799999999999999822, 0.2655341847261831201 ) ) ;
#2113 = CARTESIAN_POINT ( 'NONE',  ( -0.5532758351775372008, 4.799949999999999939, 1.629145612102631091 ) ) ;
#2114 =( BOUNDED_CURVE ( )  B_SPLINE_CURVE ( 3, ( #285, #1782, #2543, #2200 ),
 .UNSPECIFIED., .F., .T. ) 
 B_SPLINE_CURVE_WITH_KNOTS ( ( 4, 4 ),
 ( 1.570796326794896558, 3.141592653589793116 ),
 .UNSPECIFIED. ) 
 CURVE ( )  GEOMETRIC_REPRESENTATION_ITEM ( )  RATIONAL_B_SPLINE_CURVE ( ( 1.000000000000000000, 0.8047378541243649375, 0.8047378541243649375, 1.000000000000000000 ) ) 
 REPRESENTATION_ITEM ( '' )  );
#2115 = ORIENTED_EDGE ( 'NONE', *, *, #3669, .F. ) ;
#2116 = COLOUR_RGB ( '',0.8274509803921568096, 0.8392156862745098200, 0.8274509803921568096 ) ;
#2117 =( LENGTH_UNIT ( ) NAMED_UNIT ( * ) SI_UNIT ( .MILLI., .METRE. ) );
#2118 = CARTESIAN_POINT ( 'NONE',  ( -2.033848765283628346, 4.800000000000000711, 1.176803664869383148 ) ) ;
#2119 = ADVANCED_FACE ( 'NONE', ( #4714 ), #4249, .T. ) ;
#2120 = CARTESIAN_POINT ( 'NONE',  ( -0.1472011551614569869, 4.800000000000000711, 0.5291715775156062840 ) ) ;
#2121 = AXIS2_PLACEMENT_3D ( 'NONE', #892, #3889, #1290 ) ;
#2122 = ORIENTED_EDGE ( 'NONE', *, *, #2977, .F. ) ;
#2123 = CARTESIAN_POINT ( 'NONE',  ( 0.8386649720115380013, 4.799999999999999822, -0.2463469107080433207 ) ) ;
#2124 = CARTESIAN_POINT ( 'NONE',  ( 1.625069151821464386, 4.799999999999999822, 0.2485489204739965152 ) ) ;
#2125 = EDGE_CURVE ( 'NONE', #1177, #3095, #268, .T. ) ;
#2126 = ORIENTED_EDGE ( 'NONE', *, *, #2082, .T. ) ;
#2127 = CARTESIAN_POINT ( 'NONE',  ( 0.1783483523015547412, 4.799999999999999822, 1.117151932915051438 ) ) ;
#2128 = CARTESIAN_POINT ( 'NONE',  ( 3.799999999999998934, 3.299999999999999378, 1.334999999999999298 ) ) ;
#2129 = CARTESIAN_POINT ( 'NONE',  ( 0.1046509897477355955, 4.800000000000001599, -1.399122513764630815 ) ) ;
#2130 = CARTESIAN_POINT ( 'NONE',  ( -0.1755427672777715720, 4.799999999999999822, 1.462513251785137136 ) ) ;
#2131 = VERTEX_POINT ( 'NONE', #4075 ) ;
#2132 = FACE_BOUND ( 'NONE', #526, .T. ) ;
#2133 = VERTEX_POINT ( 'NONE', #2529 ) ;
#2134 = CARTESIAN_POINT ( 'NONE',  ( 3.585735931288071665, 0.1242640687119285492, 3.474999999999999645 ) ) ;
#2135 = SURFACE_STYLE_FILL_AREA ( #3253 ) ;
#2136 = CARTESIAN_POINT ( 'NONE',  ( -1.400930760393967134, 4.799999999999999822, -0.1834547858620523553 ) ) ;
#2137 = CARTESIAN_POINT ( 'NONE',  ( 0.03431297408788308578, 4.800000000000000711, 1.386772048175494376 ) ) ;
#2138 =( NAMED_UNIT ( * ) SI_UNIT ( $, .STERADIAN. ) SOLID_ANGLE_UNIT ( ) );
#2139 = ORIENTED_EDGE ( 'NONE', *, *, #2352, .T. ) ;
#2140 = CARTESIAN_POINT ( 'NONE',  ( -0.2423798351775946214, 4.799949999999999939, -1.596044787897382911 ) ) ;
#2141 = CARTESIAN_POINT ( 'NONE',  ( -0.3326562638601520128, 4.799999999999999822, 1.538565316029907315 ) ) ;
#2142 = CARTESIAN_POINT ( 'NONE',  ( -0.06844063517756626691, 4.799949999999999939, -0.04156478789738200785 ) ) ;
#2143 = ORIENTED_EDGE ( 'NONE', *, *, #4128, .F. ) ;
#2144 = CARTESIAN_POINT ( 'NONE',  ( -0.1874687464680465099, 4.800000000000000711, -0.4116212536397790833 ) ) ;
#2145 = CARTESIAN_POINT ( 'NONE',  ( -2.036533959374556169, 4.799999999999999822, -1.061948318676763092 ) ) ;
#2146 = CARTESIAN_POINT ( 'NONE',  ( -0.1781078025418318944, 4.799999999999998934, -0.8757918596123176469 ) ) ;
#2147 = CARTESIAN_POINT ( 'NONE',  ( 0.08246980696344045902, 4.799999999999999822, -1.613848698857452746 ) ) ;
#2148 = EDGE_CURVE ( 'NONE', #2044, #1911, #677, .T. ) ;
#2149 = DIRECTION ( 'NONE',  ( -1.000000000000000000, 0.0000000000000000000, 0.0000000000000000000 ) ) ;
#2150 = CARTESIAN_POINT ( 'NONE',  ( -0.2834262351775907463, 4.799949999999999939, -1.254262387897381092 ) ) ;
#2151 = CARTESIAN_POINT ( 'NONE',  ( -0.1419990351775417270, 4.799949999999999939, 1.574688012102622769 ) ) ;
#2152 = ORIENTED_EDGE ( 'NONE', *, *, #3669, .T. ) ;
#2153 = CARTESIAN_POINT ( 'NONE',  ( -1.047727969510654944, 4.799999999999998934, 1.068505249232021725 ) ) ;
#2154 = ORIENTED_EDGE ( 'NONE', *, *, #2148, .T. ) ;
#2155 = CARTESIAN_POINT ( 'NONE',  ( -3.410000000000000586, 4.490000000000000213, -3.475000000000000533 ) ) ;
#2156 = UNCERTAINTY_MEASURE_WITH_UNIT (LENGTH_MEASURE( 1.000000000000000082E-05 ), #2117, 'distance_accuracy_value', 'NONE');
#2157 = EDGE_CURVE ( 'NONE', #1907, #1595, #1108, .T. ) ;
#2158 = CARTESIAN_POINT ( 'NONE',  ( -2.564999999999998614, 4.799999999999999822, 2.064999999999995950 ) ) ;
#2159 = CARTESIAN_POINT ( 'NONE',  ( -1.043011030001810058, 4.799949999999973294, -1.129686403509111203 ) ) ;
#2160 = CARTESIAN_POINT ( 'NONE',  ( 3.409999999999999698, 0.2999999999999999334, 3.474999999999999645 ) ) ;
#2161 = CARTESIAN_POINT ( 'NONE',  ( -0.2761110351775925009, 4.799949999999999939, -1.411539187897383085 ) ) ;
#2162 = ORIENTED_EDGE ( 'NONE', *, *, #4028, .F. ) ;
#2163 = CARTESIAN_POINT ( 'NONE',  ( -0.4805302351775577741, 4.799949999999999939, 0.5903872121026271236 ) ) ;
#2164 = CARTESIAN_POINT ( 'NONE',  ( -0.09719626452355201174, 4.799999999999999822, -1.560953443427909981 ) ) ;
#2165 = CARTESIAN_POINT ( 'NONE',  ( 0.05016625740022104957, 4.799999999999999822, 0.6122999974863020389 ) ) ;
#2166 = B_SPLINE_CURVE_WITH_KNOTS ( 'NONE', 3,
 ( #3234, #3212, #1371, #2866 ),
 .UNSPECIFIED., .F., .F.,
 ( 4, 4 ),
 ( 0.0000000000000000000, 1.000000000000000000 ),
 .UNSPECIFIED. ) ;
#2167 = VERTEX_POINT ( 'NONE', #727 ) ;
#2168 = CARTESIAN_POINT ( 'NONE',  ( -1.047423278596484764, 4.799999999999999822, -0.4678374036822129378 ) ) ;
#2169 = EDGE_CURVE ( 'NONE', #811, #3400, #221, .T. ) ;
#2170 = CARTESIAN_POINT ( 'NONE',  ( 0.1250057648224563167, 4.799999999999998934, 1.202648404573525731 ) ) ;
#2171 = CARTESIAN_POINT ( 'NONE',  ( 0.6414430679040008521, 4.800000000000000711, 0.3399290179053015559 ) ) ;
#2172 = PRESENTATION_LAYER_ASSIGNMENT (  '', '', ( #1385 ) ) ;
#2173 = CARTESIAN_POINT ( 'NONE',  ( -0.2330326351775452998, 4.799949999999999939, 1.178041612102624924 ) ) ;
#2174 = ORIENTED_EDGE ( 'NONE', *, *, #3945, .T. ) ;
#2175 = EDGE_CURVE ( 'NONE', #2107, #2087, #4193, .T. ) ;
#2176 = CARTESIAN_POINT ( 'NONE',  ( 0.1050921648224380223, 4.799949999999999939, 0.2047136121026155997 ) ) ;
#2177 = ORIENTED_EDGE ( 'NONE', *, *, #916, .F. ) ;
#2178 = CARTESIAN_POINT ( 'NONE',  ( 0.2188841648224117142, 4.799949999999999939, -1.382684787897390910 ) ) ;
#2179 = CARTESIAN_POINT ( 'NONE',  ( -0.1793878351775933522, 4.799949999999999939, -1.502166387897384325 ) ) ;
#2180 = CARTESIAN_POINT ( 'NONE',  ( -0.1528565560529922818, 4.799999999999998046, 1.286653746528021669 ) ) ;
#2181 = CARTESIAN_POINT ( 'NONE',  ( -1.045708763604418667, 4.799999999999999822, 1.171822952521408556 ) ) ;
#2182 = VERTEX_POINT ( 'NONE', #4766 ) ;
#2183 = CARTESIAN_POINT ( 'NONE',  ( -0.4107410219747826274, 4.799999999999999822, 1.693770975516969646 ) ) ;
#2184 = CARTESIAN_POINT ( 'NONE',  ( 0.3700649648224110244, 4.799949999999999939, -1.227439987897393392 ) ) ;
#2185 = CARTESIAN_POINT ( 'NONE',  ( 0.1449193648224503250, 4.799949999999999939, 1.070345612102616029 ) ) ;
#2186 = AXIS2_PLACEMENT_3D ( 'NONE', #4459, #2250, #1457 ) ;
#2187 = CARTESIAN_POINT ( 'NONE',  ( 0.1867785648224478123, 4.799949999999999939, 0.7915552121026149246 ) ) ;
#2188 = LINE ( 'NONE', #3683, #109 ) ;
#2189 = CARTESIAN_POINT ( 'NONE',  ( -0.2379094351775412619, 4.799949999999999939, 1.555587212102623740 ) ) ;
#2190 = VECTOR ( 'NONE', #1536, 1000.000000000000000 ) ;
#2191 = CARTESIAN_POINT ( 'NONE',  ( -0.3999106351775549295, 4.799899999999999167, 0.6245248121026255594 ) ) ;
#2192 = LINE ( 'NONE', #1090, #4774 ) ;
#2193 = CARTESIAN_POINT ( 'NONE',  ( 0.09300049363015054638, 4.799999999999999822, -1.273872604684539223 ) ) ;
#2194 = B_SPLINE_CURVE_WITH_KNOTS ( 'NONE', 3,
 ( #3658, #2075, #2624, #3704, #3335, #3725, #736, #2289, #3775 ),
 .UNSPECIFIED., .F., .F.,
 ( 4, 1, 2, 2, 4 ),
 ( 0.0000000000000000000, 0.2499999999999973355, 0.3749999999999973355, 0.4999999999999973355, 1.000000000000000000 ),
 .UNSPECIFIED. ) ;
#2195 = CARTESIAN_POINT ( 'NONE',  ( 0.08652340975545563806, 4.799999999999998934, 1.259275613460819621 ) ) ;
#2196 = ORIENTED_EDGE ( 'NONE', *, *, #3842, .F. ) ;
#2197 = CARTESIAN_POINT ( 'NONE',  ( 0.09513017712243389268, 4.799999999999998934, -1.326131438973848775 ) ) ;
#2198 = ORIENTED_EDGE ( 'NONE', *, *, #4028, .T. ) ;
#2199 = SURFACE_SIDE_STYLE ('',( #3273 ) ) ;
#2200 = CARTESIAN_POINT ( 'NONE',  ( -3.710000000000000409, 2.710505431213761085E-17, 3.174999999999999822 ) ) ;
#2201 = EDGE_CURVE ( 'NONE', #833, #1886, #420, .T. ) ;
#2202 = FACE_BOUND ( 'NONE', #4503, .T. ) ;
#2203 = CARTESIAN_POINT ( 'NONE',  ( -0.3179702351775743341, 4.799949999999999939, -0.3504287878973786352 ) ) ;
#2204 = ORIENTED_EDGE ( 'NONE', *, *, #908, .T. ) ;
#2205 = SURFACE_STYLE_FILL_AREA ( #3901 ) ;
#2206 = DIRECTION ( 'NONE',  ( 0.0000000000000000000, -0.0000000000000000000, 1.000000000000000000 ) ) ;
#2207 = EDGE_CURVE ( 'NONE', #1621, #3093, #3953, .T. ) ;
#2208 = CARTESIAN_POINT ( 'NONE',  ( 0.004813100922443602249, 4.799999999999999822, 0.5808809928070485240 ) ) ;
#2209 = ORIENTED_EDGE ( 'NONE', *, *, #1592, .F. ) ;
#2210 = LINE ( 'NONE', #683, #3412 ) ;
#2211 =( NAMED_UNIT ( * ) SI_UNIT ( $, .STERADIAN. ) SOLID_ANGLE_UNIT ( ) );
#2212 = CARTESIAN_POINT ( 'NONE',  ( -1.043016713633660553, 4.799999999999998046, 0.5271812126919984687 ) ) ;
#2213 = B_SPLINE_CURVE_WITH_KNOTS ( 'NONE', 3,
 ( #1525, #3885, #3126, #460, #1629, #3809 ),
 .UNSPECIFIED., .F., .F.,
 ( 4, 2, 4 ),
 ( 0.0000000000000000000, 0.5000000000000000000, 1.000000000000000000 ),
 .UNSPECIFIED. ) ;
#2214 = CARTESIAN_POINT ( 'NONE',  ( -0.4275062673385918166, 4.799999999999999822, 1.428183804509274957 ) ) ;
#2215 = CARTESIAN_POINT ( 'NONE',  ( -0.008293435177549740578, 4.799949999999999939, 0.7440064121026175314 ) ) ;
#2216 = CARTESIAN_POINT ( 'NONE',  ( -2.042042860029835261, 4.799999999999999822, 0.4947996080870913915 ) ) ;
#2217 = CARTESIAN_POINT ( 'NONE',  ( 3.799999999999998934, 3.299999999999999378, 1.334999999999999298 ) ) ;
#2218 = CARTESIAN_POINT ( 'NONE',  ( -0.4748406351775969481, 4.799949999999999939, -1.767545587897377368 ) ) ;
#2219 = ORIENTED_EDGE ( 'NONE', *, *, #1295, .F. ) ;
#2220 = CARTESIAN_POINT ( 'NONE',  ( 1.133242177893891034, 4.799949999999925332, 0.1033773539978387751 ) ) ;
#2221 = ORIENTED_EDGE ( 'NONE', *, *, #3382, .F. ) ;
#2222 = B_SPLINE_CURVE_WITH_KNOTS ( 'NONE', 3,
 ( #4223, #2361, #3850, #1991, #4248, #3481, #4614 ),
 .UNSPECIFIED., .F., .F.,
 ( 4, 1, 1, 1, 4 ),
 ( 0.0000000000000000000, 0.3389905089830083096, 0.4658419933276005676, 0.7495568948908930551, 1.000000000000000000 ),
 .UNSPECIFIED. ) ;
#2223 = DIRECTION ( 'NONE',  ( 0.0000000000000000000, 1.000000000000000000, 0.0000000000000000000 ) ) ;
#2224 = CARTESIAN_POINT ( 'NONE',  ( 0.05640759968203095526, 4.799999999999998046, -0.3516988638243990217 ) ) ;
#2225 = CARTESIAN_POINT ( 'NONE',  ( 0.1761209632000612924, 4.799999999999999822, -0.5336481593690128866 ) ) ;
#2226 = ORIENTED_EDGE ( 'NONE', *, *, #1212, .F. ) ;
#2227 = CARTESIAN_POINT ( 'NONE',  ( 0.4700066651684112196, 4.799999999999999822, -1.214569711634185145 ) ) ;
#2228 = EDGE_CURVE ( 'NONE', #4236, #1117, #4599, .T. ) ;
#2229 = CARTESIAN_POINT ( 'NONE',  ( -0.0002951573057524625125, 4.799999999999999822, -0.4466118291662519169 ) ) ;
#2230 = CARTESIAN_POINT ( 'NONE',  ( -0.2159638351775655940, 4.799949999999999939, -0.1008991878973789641 ) ) ;
#2231 = CYLINDRICAL_SURFACE ( 'NONE', #2502, 0.2999999999999999334 ) ;
#2232 = VERTEX_POINT ( 'NONE', #3651 ) ;
#2233 = EDGE_CURVE ( 'NONE', #3151, #1177, #4416, .T. ) ;
#2234 = CARTESIAN_POINT ( 'NONE',  ( -0.09451485806787036925, 4.799999999999999822, -1.211676136155203531 ) ) ;
#2235 = CARTESIAN_POINT ( 'NONE',  ( -0.1692278351775686751, 4.799949999999999939, 0.005171212102619317241 ) ) ;
#2236 = CARTESIAN_POINT ( 'NONE',  ( 0.6411174561337322775, 4.799999999999999822, 0.2855889005352877930 ) ) ;
#2237 = B_SPLINE_CURVE_WITH_KNOTS ( 'NONE', 3,
 ( #3039, #3296, #73, #713, #1230, #2670, #1804, #2218 ),
 .UNSPECIFIED., .F., .F.,
 ( 4, 2, 2, 4 ),
 ( 0.0000000000000000000, 0.2500000000000009992, 0.5000000000000019984, 1.000000000000000000 ),
 .UNSPECIFIED. ) ;
#2238 = EDGE_CURVE ( 'NONE', #1405, #4736, #3255, .T. ) ;
#2239 = CARTESIAN_POINT ( 'NONE',  ( -0.2887094351775726375, 4.799949999999999939, -0.3077567878973777038 ) ) ;
#2240 = FACE_OUTER_BOUND ( 'NONE', #2858, .T. ) ;
#2241 = SURFACE_STYLE_USAGE ( .BOTH. , #253 ) ;
#2242 = SURFACE_STYLE_USAGE ( .BOTH. , #2584 ) ;
#2243 = ORIENTED_EDGE ( 'NONE', *, *, #444, .F. ) ;
#2244 = CARTESIAN_POINT ( 'NONE',  ( 0.3932297648224119535, 4.800000000000000711, -1.250952531478302765 ) ) ;
#2245 = CARTESIAN_POINT ( 'NONE',  ( -0.2496950351775565347, 4.799949999999999939, 0.6602880121026234450 ) ) ;
#2246 = B_SPLINE_CURVE_WITH_KNOTS ( 'NONE', 3,
 ( #543, #3839, #2325, #3811 ),
 .UNSPECIFIED., .F., .F.,
 ( 4, 4 ),
 ( 0.0000000000000000000, 1.000000000000000000 ),
 .UNSPECIFIED. ) ;
#2247 = CARTESIAN_POINT ( 'NONE',  ( 3.409999999999998810, 4.490000000000000213, -3.475000000000000533 ) ) ;
#2248 = CARTESIAN_POINT ( 'NONE',  ( -0.2618078902823852139, 4.799999999999999822, -1.475961752948017347 ) ) ;
#2249 = VECTOR ( 'NONE', #650, 1000.000000000000000 ) ;
#2250 = DIRECTION ( 'NONE',  ( 0.0000000000000000000, -1.000000000000000000, 0.0000000000000000000 ) ) ;
#2251 = SURFACE_SIDE_STYLE ('',( #13 ) ) ;
#2252 = ORIENTED_EDGE ( 'NONE', *, *, #1777, .T. ) ;
#2253 = CARTESIAN_POINT ( 'NONE',  ( -1.095170956472398593, 4.799950000000012373, -0.3645209623326407522 ) ) ;
#2254 = APPLICATION_CONTEXT ( 'automotive_design' ) ;
#2255 = CARTESIAN_POINT ( 'NONE',  ( -3.710000000000000409, 3.299999999999999378, -1.334999999999999964 ) ) ;
#2256 = ORIENTED_EDGE ( 'NONE', *, *, #4543, .T. ) ;
#2257 = STYLED_ITEM ( 'NONE', ( #826 ), #1998 ) ;
#2258 = CARTESIAN_POINT ( 'NONE',  ( -0.1172165180843440929, 4.799999999999999822, -0.3434423025258352968 ) ) ;
#2259 = ORIENTED_EDGE ( 'NONE', *, *, #3974, .F. ) ;
#2260 = B_SPLINE_CURVE_WITH_KNOTS ( 'NONE', 3,
 ( #375, #3386, #10, #1521 ),
 .UNSPECIFIED., .F., .F.,
 ( 4, 4 ),
 ( 0.0000000000000000000, 1.000000000000000000 ),
 .UNSPECIFIED. ) ;
#2261 = VECTOR ( 'NONE', #4756, 1000.000000000000000 ) ;
#2262 = CARTESIAN_POINT ( 'NONE',  ( -0.04549050446437705175, 4.799999999999999822, -1.193047338154789694 ) ) ;
#2263 = EDGE_CURVE ( 'NONE', #760, #2332, #4365, .T. ) ;
#2264 =( NAMED_UNIT ( * ) PLANE_ANGLE_UNIT ( ) SI_UNIT ( $, .RADIAN. ) );
#2265 =( GEOMETRIC_REPRESENTATION_CONTEXT ( 3 ) GLOBAL_UNCERTAINTY_ASSIGNED_CONTEXT ( ( #4016 ) ) GLOBAL_UNIT_ASSIGNED_CONTEXT ( ( #3214, #2386, #2363 ) ) REPRESENTATION_CONTEXT ( 'NONE', 'WORKASPACE' ) );
#2266 = CARTESIAN_POINT ( 'NONE',  ( 0.4440297648224105775, 4.799949999999999939, -1.184361587897393875 ) ) ;
#2267 = MECHANICAL_DESIGN_GEOMETRIC_PRESENTATION_REPRESENTATION (  '', ( #356 ), #2893 ) ;
#2268 = CARTESIAN_POINT ( 'NONE',  ( -2.040981302816262222, 4.799999999999999822, -0.4851771296225413366 ) ) ;
#2269 = EDGE_CURVE ( 'NONE', #4232, #2564, #903, .T. ) ;
#2270 = SURFACE_SIDE_STYLE ('',( #2698 ) ) ;
#2271 = ORIENTED_EDGE ( 'NONE', *, *, #2892, .F. ) ;
#2272 = CARTESIAN_POINT ( 'NONE',  ( 1.635536985301185631, 4.800000000000000711, -0.3432950114934438246 ) ) ;
#2273 = ORIENTED_EDGE ( 'NONE', *, *, #2809, .T. ) ;
#2274 = SURFACE_STYLE_USAGE ( .BOTH. , #2321 ) ;
#2275 = ORIENTED_EDGE ( 'NONE', *, *, #854, .T. ) ;
#2276 = CARTESIAN_POINT ( 'NONE',  ( -0.5465418308764873334, 4.799999999999999822, 0.3663115634673918541 ) ) ;
#2277 = EDGE_CURVE ( 'NONE', #3143, #2060, #666, .T. ) ;
#2278 = CARTESIAN_POINT ( 'NONE',  ( 0.07635432590620136462, 4.800000000000002487, -0.3451797628018425379 ) ) ;
#2279 = CARTESIAN_POINT ( 'NONE',  ( 0.1361666072068464517, 4.799999999999998934, -0.5963404947611062878 ) ) ;
#2280 = ORIENTED_EDGE ( 'NONE', *, *, #3186, .T. ) ;
#2281 = CARTESIAN_POINT ( 'NONE',  ( -0.08237232059395312167, 4.799999999999999822, -0.2319781174875951701 ) ) ;
#2282 = CARTESIAN_POINT ( 'NONE',  ( -0.05953628487874668140, 4.800000000000000711, -0.4755977316232514740 ) ) ;
#2283 = ORIENTED_EDGE ( 'NONE', *, *, #1895, .T. ) ;
#2284 =( LENGTH_UNIT ( ) NAMED_UNIT ( * ) SI_UNIT ( .MILLI., .METRE. ) );
#2285 = VERTEX_POINT ( 'NONE', #4577 ) ;
#2286 = CARTESIAN_POINT ( 'NONE',  ( -0.2834262351775907463, 4.799949999999999939, -1.254262387897381092 ) ) ;
#2287 = CARTESIAN_POINT ( 'NONE',  ( 1.629840060006031655, 4.799999999999999822, -0.2117070270261323939 ) ) ;
#2288 =( NAMED_UNIT ( * ) PLANE_ANGLE_UNIT ( ) SI_UNIT ( $, .RADIAN. ) );
#2289 = CARTESIAN_POINT ( 'NONE',  ( -0.04334847693292578907, 4.800000000000000711, -1.549423520032833235 ) ) ;
#2290 = B_SPLINE_CURVE_WITH_KNOTS ( 'NONE', 3,
 ( #3603, #4335, #1369, #653 ),
 .UNSPECIFIED., .F., .F.,
 ( 4, 4 ),
 ( 0.0000000000000000000, 1.000000000000000000 ),
 .UNSPECIFIED. ) ;
#2291 = CARTESIAN_POINT ( 'NONE',  ( -0.2270721018442119210, 4.799999999999999822, 1.189556278769291042 ) ) ;
#2292 =( NAMED_UNIT ( * ) PLANE_ANGLE_UNIT ( ) SI_UNIT ( $, .RADIAN. ) );
#2293 = VERTEX_POINT ( 'NONE', #3420 ) ;
#2294 = CARTESIAN_POINT ( 'NONE',  ( 0.004581391465999981420, 4.799999999999998934, -1.263401251433806438 ) ) ;
#2295 = VERTEX_POINT ( 'NONE', #1883 ) ;
#2296 = LINE ( 'NONE', #4477, #1626 ) ;
#2297 = ADVANCED_FACE ( 'NONE', ( #435 ), #64, .F. ) ;
#2298 = ORIENTED_EDGE ( 'NONE', *, *, #2089, .T. ) ;
#2299 = FACE_OUTER_BOUND ( 'NONE', #2538, .T. ) ;
#2300 = CARTESIAN_POINT ( 'NONE',  ( -0.02736822171264887207, 4.799999999999999822, 0.2054992195611195227 ) ) ;
#2301 = PLANE ( 'NONE',  #688 ) ;
#2302 = ORIENTED_EDGE ( 'NONE', *, *, #21, .F. ) ;
#2303 = PRESENTATION_STYLE_ASSIGNMENT (( #2985 ) ) ;
#2304 = EDGE_LOOP ( 'NONE', ( #515, #2793, #3057, #2743, #635, #4378, #3719, #1787, #2309, #1139, #2219, #4556, #1935, #1007, #1245, #2271, #2369, #2014, #2626, #2872, #178, #147, #3045, #572, #3856, #2008, #3050, #1919, #1339, #4453, #486, #3149, #170, #105, #621, #431, #2986, #2482, #4329, #4486, #3980, #2517, #187, #4712, #3498, #1734, #2576, #2776, #1599, #1267, #1637, #4276, #4256, #2458, #1813, #3081, #18, #2940, #211, #2607, #3551, #389, #162, #3967, #3414, #3172, #397, #1197, #88, #3489, #4583, #1986, #4786, #614, #1176, #4298, #4496, #2335, #3035, #3957, #1320, #1213, #1574, #1085, #2642, #2710, #2740, #282, #1540, #57, #3383, #4648, #3890, #4246, #472, #4240, #2939, #1068, #3072, #3009, #331, #1827, #2836, #4821, #2226, #919, #4103, #3959, #2028, #809, #225, #2122, #694, #3010, #899, #2988, #3714, #1375, #1406, #3563, #1511, #1434, #3469, #4144, #2655, #1838, #2017, #3257, #2733, #4183, #4219, #4683, #2424, #1805, #3452, #2765, #4622, #2351, #4799, #4829, #865, #457, #3629, #951, #2661, #3834 ) ) ;
#2305 = B_SPLINE_CURVE_WITH_KNOTS ( 'NONE', 3,
 ( #3557, #4292, #1614, #2772, #1300, #4616, #3114, #500, #3161, #1350, #198 ),
 .UNSPECIFIED., .F., .F.,
 ( 4, 1, 1, 1, 2, 2, 4 ),
 ( 0.0000000000000000000, 0.2500000000000026090, 0.3750000000000038858, 0.4375000000000045519, 0.4687500000000049405, 0.5000000000000053291, 1.000000000000000000 ),
 .UNSPECIFIED. ) ;
#2306 = ADVANCED_FACE ( 'NONE', ( #2328 ), #4099, .T. ) ;
#2307 = ORIENTED_EDGE ( 'NONE', *, *, #4124, .T. ) ;
#2308 = DIRECTION ( 'NONE',  ( 1.000000000000000000, 0.0000000000000000000, 0.0000000000000000000 ) ) ;
#2309 = ORIENTED_EDGE ( 'NONE', *, *, #971, .F. ) ;
#2310 = CARTESIAN_POINT ( 'NONE',  ( -0.2541654351775699539, 4.799949999999999939, -0.01311678789737719640 ) ) ;
#2311 = B_SPLINE_CURVE_WITH_KNOTS ( 'NONE', 3,
 ( #4587, #3830, #4640, #3853 ),
 .UNSPECIFIED., .F., .F.,
 ( 4, 4 ),
 ( 0.0000000000000000000, 1.000000000000000000 ),
 .UNSPECIFIED. ) ;
#2312 = CARTESIAN_POINT ( 'NONE',  ( -3.710000000000000853, 5.421010862427522170E-17, -3.350735931288072234 ) ) ;
#2313 = CARTESIAN_POINT ( 'NONE',  ( -1.046415716919000927, 4.800000000000000711, 0.2508223650528339510 ) ) ;
#2314 = CARTESIAN_POINT ( 'NONE',  ( 0.3097838051270417892, 4.799999999999999822, -1.364656989446509039 ) ) ;
#2315 =( LENGTH_UNIT ( ) NAMED_UNIT ( * ) SI_UNIT ( .MILLI., .METRE. ) );
#2316 = FILL_AREA_STYLE_COLOUR ( '', #1537 ) ;
#2317 = DIRECTION ( 'NONE',  ( 0.0000000000000000000, -0.0000000000000000000, 1.000000000000000000 ) ) ;
#2318 = ORIENTED_EDGE ( 'NONE', *, *, #3269, .T. ) ;
#2319 = CARTESIAN_POINT ( 'NONE',  ( 0.1011554718289026933, 4.800000000000000711, 0.6843052298206263595 ) ) ;
#2320 = ORIENTED_EDGE ( 'NONE', *, *, #2409, .F. ) ;
#2321 = SURFACE_SIDE_STYLE ('',( #3020 ) ) ;
#2322 = VERTEX_POINT ( 'NONE', #2108 ) ;
#2323 = CARTESIAN_POINT ( 'NONE',  ( -0.05932254635082712113, 4.799999999999999822, 0.1884495439037281173 ) ) ;
#2324 = EDGE_CURVE ( 'NONE', #4654, #659, #2944, .T. ) ;
#2325 = CARTESIAN_POINT ( 'NONE',  ( -1.198112132942986463, 4.799999999999999822, -0.6752593201757780550 ) ) ;
#2326 = CARTESIAN_POINT ( 'NONE',  ( -0.4463926351776018042, 4.799949999999999939, -1.690735987897379333 ) ) ;
#2327 = VERTEX_POINT ( 'NONE', #307 ) ;
#2328 = FACE_OUTER_BOUND ( 'NONE', #1523, .T. ) ;
#2329 = VECTOR ( 'NONE', #2686, 1000.000000000000000 ) ;
#2330 = CARTESIAN_POINT ( 'NONE',  ( -0.008293435177549740578, 4.799949999999999939, 0.7440064121026175314 ) ) ;
#2331 = CARTESIAN_POINT ( 'NONE',  ( -0.1317446320010942085, 4.800000000000001599, -1.646729666695219585 ) ) ;
#2332 = VERTEX_POINT ( 'NONE', #1828 ) ;
#2333 = CYLINDRICAL_SURFACE ( 'NONE', #1324, 0.2999999999999999334 ) ;
#2334 = MECHANICAL_DESIGN_GEOMETRIC_PRESENTATION_REPRESENTATION (  '', ( #3580 ), #3110 ) ;
#2335 = ORIENTED_EDGE ( 'NONE', *, *, #475, .F. ) ;
#2336 = B_SPLINE_CURVE_WITH_KNOTS ( 'NONE', 3,
 ( #2713, #3153, #4606, #3721, #1247, #2788 ),
 .UNSPECIFIED., .F., .F.,
 ( 4, 2, 4 ),
 ( 0.0000000000000000000, 0.5000000000000000000, 1.000000000000000000 ),
 .UNSPECIFIED. ) ;
#2337 = CARTESIAN_POINT ( 'NONE',  ( 3.799999999999998934, -0.09999999999999988065, -1.335000000000001075 ) ) ;
#2338 = PRESENTATION_LAYER_ASSIGNMENT (  '', '', ( #4770 ) ) ;
#2339 = CARTESIAN_POINT ( 'NONE',  ( 1.640602637775469885, 4.799999999999998046, -0.2631404006248229677 ) ) ;
#2340 = DIRECTION ( 'NONE',  ( 1.000000000000000000, 1.640105481853638670E-32, -1.248002500702738800E-16 ) ) ;
#2341 = DIRECTION ( 'NONE',  ( -1.000000000000000000, -1.640105481853638670E-32, 1.248002500702738800E-16 ) ) ;
#2342 = CARTESIAN_POINT ( 'NONE',  ( -0.002096504545564804606, 4.799999999999999822, 0.7444630280439217263 ) ) ;
#2343 = CARTESIAN_POINT ( 'NONE',  ( 0.6408248984821263150, 4.799950000000211325, -0.2782862489433373110 ) ) ;
#2344 = PRESENTATION_LAYER_ASSIGNMENT (  '', '', ( #3984 ) ) ;
#2345 = VERTEX_POINT ( 'NONE', #2884 ) ;
#2346 = CARTESIAN_POINT ( 'NONE',  ( -0.04604406691588342621, 4.799999999999999822, 0.8150412653028555887 ) ) ;
#2347 = ORIENTED_EDGE ( 'NONE', *, *, #3028, .T. ) ;
#2348 =( NAMED_UNIT ( * ) SI_UNIT ( $, .STERADIAN. ) SOLID_ANGLE_UNIT ( ) );
#2349 = CARTESIAN_POINT ( 'NONE',  ( -0.1919862351775492026, 4.799949999999999939, 1.039459212102622265 ) ) ;
#2350 = SURFACE_SIDE_STYLE ('',( #490 ) ) ;
#2351 = ORIENTED_EDGE ( 'NONE', *, *, #2277, .F. ) ;
#2352 = EDGE_CURVE ( 'NONE', #1000, #291, #243, .T. ) ;
#2353 = CARTESIAN_POINT ( 'NONE',  ( 0.1337878005052552111, 4.800000000000000711, -1.553995186243894766 ) ) ;
#2354 = CARTESIAN_POINT ( 'NONE',  ( 0.1949065648224595215, 4.799949999999999939, 1.506006412102618208 ) ) ;
#2355 = B_SPLINE_CURVE_WITH_KNOTS ( 'NONE', 3,
 ( #2483, #1378, #3195, #1039 ),
 .UNSPECIFIED., .F., .F.,
 ( 4, 4 ),
 ( 0.0000000000000000000, 1.000000000000000000 ),
 .UNSPECIFIED. ) ;
#2356 = VERTEX_POINT ( 'NONE', #4330 ) ;
#2357 = CARTESIAN_POINT ( 'NONE',  ( 0.1367913648223998413, 4.799999999999999822, -1.928750921230722559 ) ) ;
#2358 = CARTESIAN_POINT ( 'NONE',  ( -3.800000000000000266, 3.299999999999999378, -1.334999999999999742 ) ) ;
#2359 = ORIENTED_EDGE ( 'NONE', *, *, #3780, .T. ) ;
#2360 = EDGE_CURVE ( 'NONE', #1640, #1716, #608, .T. ) ;
#2361 = CARTESIAN_POINT ( 'NONE',  ( 0.1361726566753322099, 4.799999999999999822, 1.404433054725827912 ) ) ;
#2362 = CARTESIAN_POINT ( 'NONE',  ( -0.1697074966766941029, 4.799999999999999822, 0.9789127456113831949 ) ) ;
#2363 =( NAMED_UNIT ( * ) SI_UNIT ( $, .STERADIAN. ) SOLID_ANGLE_UNIT ( ) );
#2364 = CARTESIAN_POINT ( 'NONE',  ( 0.3498373916041722098, 4.800000000000001599, -1.354646149937535737 ) ) ;
#2365 = CARTESIAN_POINT ( 'NONE',  ( 0.07948896482245190742, 4.799949999999999939, 1.262572812102618514 ) ) ;
#2366 = EDGE_CURVE ( 'NONE', #3732, #3151, #4170, .T. ) ;
#2367 = FILL_AREA_STYLE_COLOUR ( '', #193 ) ;
#2368 = CARTESIAN_POINT ( 'NONE',  ( 0.1155133679599068541, 4.799999999999998934, 0.7275807021272201469 ) ) ;
#2369 = ORIENTED_EDGE ( 'NONE', *, *, #3522, .F. ) ;
#2370 = CARTESIAN_POINT ( 'NONE',  ( -0.03999263517755203418, 4.799949999999999939, 0.8114688121026193413 ) ) ;
#2371 = VERTEX_POINT ( 'NONE', #4407 ) ;
#2372 = SURFACE_SIDE_STYLE ('',( #1952 ) ) ;
#2373 = CARTESIAN_POINT ( 'NONE',  ( -0.1322724750832631191, 4.800000000000001599, 0.1475280122457561793 ) ) ;
#2374 = PRESENTATION_STYLE_ASSIGNMENT (( #1195 ) ) ;
#2375 =( NAMED_UNIT ( * ) SI_UNIT ( $, .STERADIAN. ) SOLID_ANGLE_UNIT ( ) );
#2376 = ORIENTED_EDGE ( 'NONE', *, *, #4104, .F. ) ;
#2377 = CARTESIAN_POINT ( 'NONE',  ( -1.058766776662474207, 4.799999999999998934, -0.5952685135035428177 ) ) ;
#2378 = CARTESIAN_POINT ( 'NONE',  ( 3.709999999999999076, 0.0000000000000000000, -3.175000000000000711 ) ) ;
#2379 = ORIENTED_EDGE ( 'NONE', *, *, #4505, .T. ) ;
#2380 = CARTESIAN_POINT ( 'NONE',  ( -2.019343750590045339, 4.799949999999983064, 1.029780508255594640 ) ) ;
#2381 = CARTESIAN_POINT ( 'NONE',  ( -3.410000000000000586, 4.490000000000000213, 3.474999999999999645 ) ) ;
#2382 = VERTEX_POINT ( 'NONE', #1048 ) ;
#2383 = CARTESIAN_POINT ( 'NONE',  ( -0.2181737563355489462, 4.800000000000000711, -1.506591168684249693 ) ) ;
#2384 = CARTESIAN_POINT ( 'NONE',  ( -2.010407337436962649, 4.800000000000001599, 1.177434370074004200 ) ) ;
#2385 = EDGE_CURVE ( 'NONE', #313, #462, #2494, .T. ) ;
#2386 =( NAMED_UNIT ( * ) PLANE_ANGLE_UNIT ( ) SI_UNIT ( $, .RADIAN. ) );
#2387 = CARTESIAN_POINT ( 'NONE',  ( -1.043791413056446071, 4.799999999999999822, 0.3345279548816889048 ) ) ;
#2388 = CARTESIAN_POINT ( 'NONE',  ( -1.043233290708467154, 4.800000000000000711, -0.2834284228376671155 ) ) ;
#2389 = EDGE_CURVE ( 'NONE', #2232, #2562, #2489, .T. ) ;
#2390 = ORIENTED_EDGE ( 'NONE', *, *, #3061, .T. ) ;
#2391 = CARTESIAN_POINT ( 'NONE',  ( 0.04997471851177365254, 4.800000000000000711, -0.9582043173344574338 ) ) ;
#2392 = VERTEX_POINT ( 'NONE', #3001 ) ;
#2393 = CARTESIAN_POINT ( 'NONE',  ( 3.709999999999999964, 0.0000000000000000000, -1.334999999999999520 ) ) ;
#2394 = CARTESIAN_POINT ( 'NONE',  ( -0.1797165642924344331, 4.799999999999999822, 1.052605317332771850 ) ) ;
#2395 = LINE ( 'NONE', #2057, #3904 ) ;
#2396 = VERTEX_POINT ( 'NONE', #2954 ) ;
#2397 = CARTESIAN_POINT ( 'NONE',  ( 0.1632073648224312556, 4.799949999999999939, -0.1008991878973875267 ) ) ;
#2398 = UNCERTAINTY_MEASURE_WITH_UNIT (LENGTH_MEASURE( 1.000000000000000082E-05 ), #3051, 'distance_accuracy_value', 'NONE');
#2399 = CARTESIAN_POINT ( 'NONE',  ( -0.2496950351775565347, 4.799949999999999939, 0.6602880121026234450 ) ) ;
#2400 = CARTESIAN_POINT ( 'NONE',  ( -0.1425932010716282616, 4.799999999999998934, 1.582517228346269178 ) ) ;
#2401 = ORIENTED_EDGE ( 'NONE', *, *, #4650, .T. ) ;
#2402 = CARTESIAN_POINT ( 'NONE',  ( -0.2675994134006302594, 4.799999999999999822, 0.6724867058623449356 ) ) ;
#2403 = ORIENTED_EDGE ( 'NONE', *, *, #643, .F. ) ;
#2404 = CARTESIAN_POINT ( 'NONE',  ( -0.03999263517755203418, 4.799949999999999939, 0.8114688121026193413 ) ) ;
#2405 = CARTESIAN_POINT ( 'NONE',  ( -2.043011030001809836, 4.799949999999952865, 1.112041537667359359 ) ) ;
#2406 = CARTESIAN_POINT ( 'NONE',  ( -0.2151510351775451635, 4.799949999999999939, 1.212585612102623278 ) ) ;
#2407 = CARTESIAN_POINT ( 'NONE',  ( -0.5577462351775922533, 4.799949999999999939, -1.427388787897378331 ) ) ;
#2408 = CARTESIAN_POINT ( 'NONE',  ( 0.2291096883070327384, 4.800000000000001599, 0.07301713791657478414 ) ) ;
#2409 = EDGE_CURVE ( 'NONE', #3330, #4381, #2296, .T. ) ;
#2410 =( NAMED_UNIT ( * ) PLANE_ANGLE_UNIT ( ) SI_UNIT ( $, .RADIAN. ) );
#2411 = CARTESIAN_POINT ( 'NONE',  ( 0.2050665648224425652, 4.799949999999999939, 0.4761888121026139342 ) ) ;
#2412 = B_SPLINE_CURVE_WITH_KNOTS ( 'NONE', 3,
 ( #3250, #258, #4800, #3643, #4379, #3571, #2859, #1383, #4704, #186 ),
 .UNSPECIFIED., .F., .F.,
 ( 4, 1, 1, 2, 2, 4 ),
 ( 0.0000000000000000000, 0.2499999999999993339, 0.3749999999999993894, 0.4374999999999995559, 0.4999999999999997780, 1.000000000000000000 ),
 .UNSPECIFIED. ) ;
#2413 = PRESENTATION_LAYER_ASSIGNMENT (  '', '', ( #2880 ) ) ;
#2414 = ORIENTED_EDGE ( 'NONE', *, *, #3068, .T. ) ;
#2415 = LINE ( 'NONE', #1596, #3356 ) ;
#2416 = CARTESIAN_POINT ( 'NONE',  ( 0.09493216482241507992, 4.799949999999999939, -0.9604351878973872436 ) ) ;
#2417 = EDGE_CURVE ( 'NONE', #891, #1947, #2088, .T. ) ;
#2418 = CARTESIAN_POINT ( 'NONE',  ( -0.02925700176009902315, 4.799999999999999822, 0.8728657150327472358 ) ) ;
#2419 = CARTESIAN_POINT ( 'NONE',  ( -0.3958606003397390216, 4.799999999999999822, -1.295967003874475942 ) ) ;
#2420 = CARTESIAN_POINT ( 'NONE',  ( -0.3919350351775530150, 4.799949999999999939, 0.6480960121026247966 ) ) ;
#2421 = ORIENTED_EDGE ( 'NONE', *, *, #2708, .T. ) ;
#2422 = FACE_OUTER_BOUND ( 'NONE', #3644, .T. ) ;
#2423 = MECHANICAL_DESIGN_GEOMETRIC_PRESENTATION_REPRESENTATION (  '', ( #41 ), #2813 ) ;
#2424 = ORIENTED_EDGE ( 'NONE', *, *, #1863, .F. ) ;
#2425 = CARTESIAN_POINT ( 'NONE',  ( 0.1673432208507708574, 4.800000000000001599, -0.9009006806448298654 ) ) ;
#2426 = VERTEX_POINT ( 'NONE', #352 ) ;
#2427 = FILL_AREA_STYLE_COLOUR ( '', #2967 ) ;
#2428 = ORIENTED_EDGE ( 'NONE', *, *, #2533, .T. ) ;
#2429 = CARTESIAN_POINT ( 'NONE',  ( -1.047904396754344436, 4.799899999999998279, -0.3624329014421215356 ) ) ;
#2430 = CARTESIAN_POINT ( 'NONE',  ( 0.1315081648224220023, 4.799949999999999939, -0.6182463878973862847 ) ) ;
#2431 = CARTESIAN_POINT ( 'NONE',  ( 0.07948896482245190742, 4.799949999999999939, 1.262572812102618514 ) ) ;
#2432 = CARTESIAN_POINT ( 'NONE',  ( 0.0000000000000000000, 0.0000000000000000000, 0.0000000000000000000 ) ) ;
#2433 = CARTESIAN_POINT ( 'NONE',  ( 0.1278505648224202706, 4.799949999999999939, -0.6113375878973860145 ) ) ;
#2434 = CARTESIAN_POINT ( 'NONE',  ( -2.038384929405364865, 4.800000000000000711, -1.173541060335691499 ) ) ;
#2435 = CARTESIAN_POINT ( 'NONE',  ( 3.710000000000000409, 0.0000000000000000000, 0.0000000000000000000 ) ) ;
#2436 = ORIENTED_EDGE ( 'NONE', *, *, #4454, .F. ) ;
#2437 = CARTESIAN_POINT ( 'NONE',  ( 2.065000000000000391, 4.799999999999999822, -2.064999999999999059 ) ) ;
#2438 = CARTESIAN_POINT ( 'NONE',  ( -1.895799020197888485, 4.799999999999999822, 0.9579361455104966616 ) ) ;
#2439 = FILL_AREA_STYLE ('',( #4670 ) ) ;
#2440 = CARTESIAN_POINT ( 'NONE',  ( -1.089347394993326557, 4.799999999999999822, -1.191245725256214971 ) ) ;
#2441 = VERTEX_POINT ( 'NONE', #3363 ) ;
#2442 = EDGE_CURVE ( 'NONE', #349, #4771, #4, .T. ) ;
#2443 =( LENGTH_UNIT ( ) NAMED_UNIT ( * ) SI_UNIT ( .MILLI., .METRE. ) );
#2444 = ORIENTED_EDGE ( 'NONE', *, *, #1588, .F. ) ;
#2445 = UNCERTAINTY_MEASURE_WITH_UNIT (LENGTH_MEASURE( 1.000000000000000082E-05 ), #4655, 'distance_accuracy_value', 'NONE');
#2446 = CARTESIAN_POINT ( 'NONE',  ( 0.6929848249527145176, 4.799950000000221983, -0.3332035283551021410 ) ) ;
#2447 = CARTESIAN_POINT ( 'NONE',  ( -0.06844063517756626691, 4.799949999999999939, -0.04156478789738200785 ) ) ;
#2448 = ORIENTED_EDGE ( 'NONE', *, *, #1724, .T. ) ;
#2449 = CARTESIAN_POINT ( 'NONE',  ( 0.1323209648224597523, 4.799949999999999939, 1.550710412102620950 ) ) ;
#2450 = EDGE_CURVE ( 'NONE', #797, #760, #972, .T. ) ;
#2451 = CARTESIAN_POINT ( 'NONE',  ( -0.1017847865144214103, 4.800000000000000711, -0.3313071322471762836 ) ) ;
#2452 = ORIENTED_EDGE ( 'NONE', *, *, #3398, .F. ) ;
#2453 = CARTESIAN_POINT ( 'NONE',  ( -0.2379124793723414455, 4.799999999999999822, -0.9950096298449478960 ) ) ;
#2454 = CARTESIAN_POINT ( 'NONE',  ( 3.709999999999999520, 3.299999999999999822, -3.475000000000000533 ) ) ;
#2455 = B_SPLINE_CURVE_WITH_KNOTS ( 'NONE', 3,
 ( #1668, #415, #3159, #528, #2046, #1936 ),
 .UNSPECIFIED., .F., .F.,
 ( 4, 2, 4 ),
 ( 0.0000000000000000000, 0.5000000000000000000, 1.000000000000000000 ),
 .UNSPECIFIED. ) ;
#2456 = CARTESIAN_POINT ( 'NONE',  ( 0.3511683073070291927, 4.799999999999999822, -1.154503890970431934 ) ) ;
#2457 = CARTESIAN_POINT ( 'NONE',  ( -1.043761945223817822, 4.800000000000000711, -0.2731987657613811349 ) ) ;
#2458 = ORIENTED_EDGE ( 'NONE', *, *, #1417, .F. ) ;
#2459 = CARTESIAN_POINT ( 'NONE',  ( 0.1282835432525579744, 4.800000000000001599, -0.9952060024600518640 ) ) ;
#2460 = CARTESIAN_POINT ( 'NONE',  ( -0.3289729798579525966, 4.799999999999999822, 1.363624472873887994 ) ) ;
#2461 = B_SPLINE_CURVE_WITH_KNOTS ( 'NONE', 3,
 ( #4808, #1054, #4787, #1814 ),
 .UNSPECIFIED., .F., .F.,
 ( 4, 4 ),
 ( 0.0000000000000000000, 1.000000000000000000 ),
 .UNSPECIFIED. ) ;
#2462 = CARTESIAN_POINT ( 'NONE',  ( -0.4772790351775940687, 4.799949999999999939, -1.444457587897379325 ) ) ;
#2463 = ADVANCED_FACE ( 'NONE', ( #2629 ), #1851, .F. ) ;
#2464 = CARTESIAN_POINT ( 'NONE',  ( -1.052842866023042667, 4.800000000000000711, -1.195253865154185080 ) ) ;
#2465 = CARTESIAN_POINT ( 'NONE',  ( -0.3268015036740947177, 4.799999999999999822, 1.608053779923606541 ) ) ;
#2466 = VERTEX_POINT ( 'NONE', #3321 ) ;
#2467 = CARTESIAN_POINT ( 'NONE',  ( -2.043011030001809836, 4.799949999999952865, -0.5350172858620525496 ) ) ;
#2468 = ORIENTED_EDGE ( 'NONE', *, *, #1571, .T. ) ;
#2469 = CARTESIAN_POINT ( 'NONE',  ( -0.4931286351775657217, 4.799949999999999939, 0.2677056121026236135 ) ) ;
#2470 = CARTESIAN_POINT ( 'NONE',  ( -0.2705082209178453212, 4.799999999999999822, 0.4378517120277394814 ) ) ;
#2471 = EDGE_CURVE ( 'NONE', #2715, #205, #2260, .T. ) ;
#2472 = CARTESIAN_POINT ( 'NONE',  ( -1.044218694275668824, 4.800000000000000711, -1.089582811849511668 ) ) ;
#2473 = CARTESIAN_POINT ( 'NONE',  ( 0.1477081374216994702, 4.799999999999999822, 1.615093581662588873 ) ) ;
#2474 = VERTEX_POINT ( 'NONE', #2245 ) ;
#2475 = EDGE_CURVE ( 'NONE', #351, #2107, #1317, .T. ) ;
#2476 = CARTESIAN_POINT ( 'NONE',  ( 0.005117764822416132064, 4.799949999999999939, -1.268079987897387628 ) ) ;
#2477 = CARTESIAN_POINT ( 'NONE',  ( -0.1692278351775686751, 4.799949999999999939, 0.005171212102619317241 ) ) ;
#2478 = ORIENTED_EDGE ( 'NONE', *, *, #2947, .T. ) ;
#2479 = CIRCLE ( 'NONE', #4361, 0.4999999999999995559 ) ;
#2480 = CARTESIAN_POINT ( 'NONE',  ( 0.1764645172184949318, 4.799999999999999822, 0.3085280343600734776 ) ) ;
#2481 = CARTESIAN_POINT ( 'NONE',  ( 1.640824898482126759, 4.799949999999705064, 0.3244251481154861727 ) ) ;
#2482 = ORIENTED_EDGE ( 'NONE', *, *, #4877, .F. ) ;
#2483 = CARTESIAN_POINT ( 'NONE',  ( 0.2753737648224126033, 4.799949999999999939, -1.310345587897392639 ) ) ;
#2484 = ORIENTED_EDGE ( 'NONE', *, *, #2566, .T. ) ;
#2485 = CARTESIAN_POINT ( 'NONE',  ( 0.6618204512355445601, 4.800000000000000711, 0.3779797844261724160 ) ) ;
#2486 = DIRECTION ( 'NONE',  ( -0.0000000000000000000, -1.000000000000000000, -0.0000000000000000000 ) ) ;
#2487 = CARTESIAN_POINT ( 'NONE',  ( 0.08414268359107773820, 4.800000000000001599, -1.393507381430578063 ) ) ;
#2488 = VECTOR ( 'NONE', #263, 1000.000000000000000 ) ;
#2489 = B_SPLINE_CURVE_WITH_KNOTS ( 'NONE', 3,
 ( #2541, #4039, #283, #1808, #3300, #4802, #1430, #1453 ),
 .UNSPECIFIED., .F., .F.,
 ( 4, 2, 2, 4 ),
 ( 0.0000000000000000000, 0.2500000000000000000, 0.5000000000000000000, 1.000000000000000000 ),
 .UNSPECIFIED. ) ;
#2490 = CARTESIAN_POINT ( 'NONE',  ( -2.040981302816265330, 4.800000000000002487, 0.3383522821421595661 ) ) ;
#2491 = ORIENTED_EDGE ( 'NONE', *, *, #1299, .T. ) ;
#2492 = CARTESIAN_POINT ( 'NONE',  ( -1.058766776662473985, 4.799999999999998046, 1.051790310025868092 ) ) ;
#2493 = VERTEX_POINT ( 'NONE', #4523 ) ;
#2494 = LINE ( 'NONE', #1757, #2261 ) ;
#2495 = STYLED_ITEM ( 'NONE', ( #3413 ), #2463 ) ;
#2496 = CARTESIAN_POINT ( 'NONE',  ( -0.4638815116713937980, 4.799999999999999822, 0.6846363800798141996 ) ) ;
#2497 = CARTESIAN_POINT ( 'NONE',  ( -0.1291624762513110258, 4.800000000000001599, -0.03045421157689611261 ) ) ;
#2498 = STYLED_ITEM ( 'NONE', ( #3533 ), #3751 ) ;
#2499 = CARTESIAN_POINT ( 'NONE',  ( -0.1538832764187177682, 4.799999999999999822, 1.286019978138482012 ) ) ;
#2500 = CARTESIAN_POINT ( 'NONE',  ( -0.4478027881527626430, 4.799999999999999822, 0.2058411017670444265 ) ) ;
#2501 = ORIENTED_EDGE ( 'NONE', *, *, #3249, .F. ) ;
#2502 = AXIS2_PLACEMENT_3D ( 'NONE', #2619, #3718, #337 ) ;
#2503 = CARTESIAN_POINT ( 'NONE',  ( -0.2305777102548569879, 4.799999999999999822, 0.7358866745639699447 ) ) ;
#2504 = DIRECTION ( 'NONE',  ( 0.0000000000000000000, -0.0000000000000000000, -1.000000000000000000 ) ) ;
#2505 = CARTESIAN_POINT ( 'NONE',  ( -1.772254289805731631, 4.799999999999999822, -0.7609670407640132250 ) ) ;
#2506 = B_SPLINE_CURVE_WITH_KNOTS ( 'NONE', 3,
 ( #3451, #493, #3501, #66, #1583, #3080 ),
 .UNSPECIFIED., .F., .F.,
 ( 4, 2, 4 ),
 ( 0.0000000000000000000, 0.5000000000000000000, 1.000000000000000000 ),
 .UNSPECIFIED. ) ;
#2507 = EDGE_CURVE ( 'NONE', #758, #1492, #451, .T. ) ;
#2508 = CARTESIAN_POINT ( 'NONE',  ( 0.1612870264114397711, 4.800000000000000711, 0.5260887375685869838 ) ) ;
#2509 = VERTEX_POINT ( 'NONE', #3123 ) ;
#2510 = CARTESIAN_POINT ( 'NONE',  ( -0.1241174351775779783, 4.799949999999999939, -0.4825087878973826072 ) ) ;
#2511 = CARTESIAN_POINT ( 'NONE',  ( -2.029242686074886670, 4.799999999999998934, 0.2143570030971981011 ) ) ;
#2512 = CARTESIAN_POINT ( 'NONE',  ( -0.2507545688172011511, 4.799999999999999822, 1.642187060823159905 ) ) ;
#2513 = CARTESIAN_POINT ( 'NONE',  ( 0.6791605931879440838, 4.800000000000000711, 0.3717230318960953461 ) ) ;
#2514 = CARTESIAN_POINT ( 'NONE',  ( -1.095170956472398149, 4.799949999999693517, 1.180286022961477110 ) ) ;
#2515 = DIRECTION ( 'NONE',  ( -1.248002500702738800E-16, -0.0000000000000000000, -1.000000000000000000 ) ) ;
#2516 = CARTESIAN_POINT ( 'NONE',  ( -0.2488822351775308306, 4.799949999999999939, 1.838848012102624718 ) ) ;
#2517 = ORIENTED_EDGE ( 'NONE', *, *, #369, .F. ) ;
#2518 = CARTESIAN_POINT ( 'NONE',  ( -1.043661130444977880, 4.800000000000000711, 1.092536638550640316 ) ) ;
#2519 = VERTEX_POINT ( 'NONE', #4624 ) ;
#2520 = CARTESIAN_POINT ( 'NONE',  ( 2.065000000000000391, 4.799999999999999822, 2.064999999999999059 ) ) ;
#2521 = B_SPLINE_CURVE_WITH_KNOTS ( 'NONE', 3,
 ( #2399, #3397, #3892, #1984, #16, #2330 ),
 .UNSPECIFIED., .F., .F.,
 ( 4, 2, 4 ),
 ( 0.0000000000000000000, 0.5000000000000000000, 1.000000000000000000 ),
 .UNSPECIFIED. ) ;
#2522 = CARTESIAN_POINT ( 'NONE',  ( 0.3628847842846570915, 4.800000000000000711, -1.284602115436183301 ) ) ;
#2523 = CARTESIAN_POINT ( 'NONE',  ( -0.1039165146406925144, 4.800000000000000711, -0.02715567605762255962 ) ) ;
#2524 = CARTESIAN_POINT ( 'NONE',  ( -1.095170956472398149, 4.799949999999693517, 0.3567566111967712672 ) ) ;
#2525 = CARTESIAN_POINT ( 'NONE',  ( -0.2379094351775412619, 4.799949999999999939, 1.555587212102623740 ) ) ;
#2526 = ORIENTED_EDGE ( 'NONE', *, *, #2385, .F. ) ;
#2527 = SURFACE_STYLE_USAGE ( .BOTH. , #2961 ) ;
#2528 = DIRECTION ( 'NONE',  ( 0.0000000000000000000, 1.000000000000000000, -0.0000000000000000000 ) ) ;
#2529 = CARTESIAN_POINT ( 'NONE',  ( -1.043011030001810280, 4.799949999999705064, -0.5193922858620523275 ) ) ;
#2530 = CARTESIAN_POINT ( 'NONE',  ( -0.1794803218281236790, 4.800000000000002487, 0.5234163608489397213 ) ) ;
#2531 = VERTEX_POINT ( 'NONE', #2003 ) ;
#2532 = CARTESIAN_POINT ( 'NONE',  ( -1.045708763604419334, 4.800000000000000711, -0.4752358710080040183 ) ) ;
#2533 = EDGE_CURVE ( 'NONE', #4580, #1000, #4651, .T. ) ;
#2534 = CARTESIAN_POINT ( 'NONE',  ( -0.1667894351775819628, 4.799949999999999939, -0.8913471878973822093 ) ) ;
#2535 = CARTESIAN_POINT ( 'NONE',  ( 0.6428546256676721526, 4.800000000000000711, 0.3586403043550008274 ) ) ;
#2536 = EDGE_CURVE ( 'NONE', #134, #668, #4419, .T. ) ;
#2537 = CARTESIAN_POINT ( 'NONE',  ( -0.3017142351775733977, 4.799949999999999939, -0.3841599878973788185 ) ) ;
#2538 = EDGE_LOOP ( 'NONE', ( #3758, #1289, #413, #1084, #2444, #1382, #3521, #3554, #33, #597, #2221, #2436, #1501, #1710, #2828, #4186 ) ) ;
#2539 = DIRECTION ( 'NONE',  ( 1.000000000000000000, -0.0000000000000000000, 0.0000000000000000000 ) ) ;
#2540 = ORIENTED_EDGE ( 'NONE', *, *, #776, .T. ) ;
#2541 = CARTESIAN_POINT ( 'NONE',  ( -0.07656863517756587467, 4.799949999999999939, 0.1027072121026185308 ) ) ;
#2542 = B_SPLINE_CURVE_WITH_KNOTS ( 'NONE', 3,
 ( #1051, #2545, #2473, #2449 ),
 .UNSPECIFIED., .F., .F.,
 ( 4, 4 ),
 ( 0.0000000000000000000, 1.000000000000000000 ),
 .UNSPECIFIED. ) ;
#2543 = CARTESIAN_POINT ( 'NONE',  ( -3.710000000000000853, 7.573155319898681205E-17, 3.350735931288071789 ) ) ;
#2544 = FILL_AREA_STYLE ('',( #1483 ) ) ;
#2545 = CARTESIAN_POINT ( 'NONE',  ( 0.1235758802620595953, 4.799999999999999822, 1.681008555421003248 ) ) ;
#2546 = CARTESIAN_POINT ( 'NONE',  ( -1.043075769856495638, 4.799999999999998934, 1.141177695317977303 ) ) ;
#2547 = ORIENTED_EDGE ( 'NONE', *, *, #1420, .F. ) ;
#2548 =( LENGTH_UNIT ( ) NAMED_UNIT ( * ) SI_UNIT ( .MILLI., .METRE. ) );
#2549 = CARTESIAN_POINT ( 'NONE',  ( -0.08585553599212560061, 4.800000000000001599, -0.4821929983207076664 ) ) ;
#2550 = CARTESIAN_POINT ( 'NONE',  ( -2.042949516527491127, 4.799999999999999822, 0.5445529671947223482 ) ) ;
#2551 = CARTESIAN_POINT ( 'NONE',  ( 1.035126369070361374, 4.799949999999987504, 0.01100603046842724315 ) ) ;
#2552 = B_SPLINE_CURVE_WITH_KNOTS ( 'NONE', 3,
 ( #562, #588, #2094, #3929, #3903, #3586 ),
 .UNSPECIFIED., .F., .F.,
 ( 4, 2, 4 ),
 ( 0.0000000000000000000, 0.5000000000000000000, 1.000000000000000000 ),
 .UNSPECIFIED. ) ;
#2553 = ORIENTED_EDGE ( 'NONE', *, *, #264, .F. ) ;
#2554 = CARTESIAN_POINT ( 'NONE',  ( -1.043011030001810502, 4.799949999999973294, 0.5173724200203007051 ) ) ;
#2555 = CARTESIAN_POINT ( 'NONE',  ( -1.043761945223817600, 4.799999999999999822, 0.5503306460033257075 ) ) ;
#2556 = CARTESIAN_POINT ( 'NONE',  ( -2.043011030001809392, 4.799950000000211325, -1.122103682920876366 ) ) ;
#2557 = CARTESIAN_POINT ( 'NONE',  ( 0.0000000000000000000, 0.0000000000000000000, -3.175000000000000711 ) ) ;
#2558 = EDGE_CURVE ( 'NONE', #4524, #2908, #3835, .T. ) ;
#2559 = COLOUR_RGB ( '',0.8274509803921568096, 0.8392156862745098200, 0.8274509803921568096 ) ;
#2560 = PRESENTATION_LAYER_ASSIGNMENT (  '', '', ( #918 ) ) ;
#2561 = DIRECTION ( 'NONE',  ( 1.000000000000000000, 0.0000000000000000000, 0.0000000000000000000 ) ) ;
#2562 = VERTEX_POINT ( 'NONE', #1678 ) ;
#2563 = DIRECTION ( 'NONE',  ( 0.0000000000000000000, 1.000000000000000000, 0.0000000000000000000 ) ) ;
#2564 = VERTEX_POINT ( 'NONE', #4669 ) ;
#2565 = PRESENTATION_STYLE_ASSIGNMENT (( #3598 ) ) ;
#2566 = EDGE_CURVE ( 'NONE', #1360, #3352, #4718, .T. ) ;
#2567 = COLOUR_RGB ( '',1.000000000000000000, 1.000000000000000000, 1.000000000000000000 ) ;
#2568 = DIRECTION ( 'NONE',  ( -0.0000000000000000000, -1.000000000000000000, -0.0000000000000000000 ) ) ;
#2569 = CARTESIAN_POINT ( 'NONE',  ( 0.08558496482246116810, 4.799949999999999939, 1.450736012102620043 ) ) ;
#2570 = DIRECTION ( 'NONE',  ( 1.000000000000000000, 0.0000000000000000000, -1.050074743327366691E-16 ) ) ;
#2571 = PRESENTATION_LAYER_ASSIGNMENT (  '', '', ( #2495 ) ) ;
#2572 = VERTEX_POINT ( 'NONE', #2753 ) ;
#2573 = EDGE_CURVE ( 'NONE', #3017, #351, #300, .T. ) ;
#2574 = CARTESIAN_POINT ( 'NONE',  ( -0.1352811995126458056, 4.800000000000001599, -1.569542148707449902 ) ) ;
#2575 = CARTESIAN_POINT ( 'NONE',  ( -1.648709559413574777, 4.799949999999987504, -0.8328114035091112033 ) ) ;
#2576 = ORIENTED_EDGE ( 'NONE', *, *, #4692, .F. ) ;
#2577 =( GEOMETRIC_REPRESENTATION_CONTEXT ( 3 ) GLOBAL_UNCERTAINTY_ASSIGNED_CONTEXT ( ( #4603 ) ) GLOBAL_UNIT_ASSIGNED_CONTEXT ( ( #2284, #4508, #3822 ) ) REPRESENTATION_CONTEXT ( 'NONE', 'WORKASPACE' ) );
#2578 = ORIENTED_EDGE ( 'NONE', *, *, #286, .T. ) ;
#2579 = CARTESIAN_POINT ( 'NONE',  ( 0.4724777648224109949, 4.799949999999999939, -1.241257587897393933 ) ) ;
#2580 = CARTESIAN_POINT ( 'NONE',  ( 0.6424648641863106580, 4.799999999999998934, 0.2662671313056908518 ) ) ;
#2581 =( NAMED_UNIT ( * ) SI_UNIT ( $, .STERADIAN. ) SOLID_ANGLE_UNIT ( ) );
#2582 =( NAMED_UNIT ( * ) PLANE_ANGLE_UNIT ( ) SI_UNIT ( $, .RADIAN. ) );
#2583 = CARTESIAN_POINT ( 'NONE',  ( -1.047904396754344436, 4.799899999999998279, -1.185962313206827545 ) ) ;
#2584 = SURFACE_SIDE_STYLE ('',( #4402 ) ) ;
#2585 = CARTESIAN_POINT ( 'NONE',  ( -0.1170847775899852561, 4.799999999999999822, 0.8155670272133546117 ) ) ;
#2586 = ORIENTED_EDGE ( 'NONE', *, *, #4810, .T. ) ;
#2587 = CARTESIAN_POINT ( 'NONE',  ( 1.630993062460899479, 4.800000000000000711, -0.3514364311766424165 ) ) ;
#2588 = ORIENTED_EDGE ( 'NONE', *, *, #1565, .T. ) ;
#2589 = DIRECTION ( 'NONE',  ( 0.0000000000000000000, -1.000000000000000000, 0.0000000000000000000 ) ) ;
#2590 = CARTESIAN_POINT ( 'NONE',  ( -0.09206190971422473224, 4.800000000000000711, 0.8762308242547485193 ) ) ;
#2591 = ADVANCED_FACE ( 'NONE', ( #3931 ), #3145, .F. ) ;
#2592 = CARTESIAN_POINT ( 'NONE',  ( -0.2614432655733082700, 4.799999999999999822, -1.611720284162416750 ) ) ;
#2593 = EDGE_LOOP ( 'NONE', ( #3002, #729, #1291, #1974 ) ) ;
#2594 = SURFACE_SIDE_STYLE ('',( #2636 ) ) ;
#2595 = CARTESIAN_POINT ( 'NONE',  ( -1.550593750590045783, 4.799949999999925332, 0.9066187435497122804 ) ) ;
#2596 = EDGE_CURVE ( 'NONE', #1466, #2899, #414, .T. ) ;
#2597 = ORIENTED_EDGE ( 'NONE', *, *, #3277, .T. ) ;
#2598 = CARTESIAN_POINT ( 'NONE',  ( -0.05154119708611887979, 4.800000000000000711, -1.195624783681981551 ) ) ;
#2599 = CARTESIAN_POINT ( 'NONE',  ( -1.649999999999999467, 0.0000000000000000000, 1.335000000000000409 ) ) ;
#2600 = CARTESIAN_POINT ( 'NONE',  ( -1.043011030001810058, 4.799949999999973294, -1.129686403509111203 ) ) ;
#2601 = SURFACE_STYLE_FILL_AREA ( #1471 ) ;
#2602 =( BOUNDED_CURVE ( )  B_SPLINE_CURVE ( 3, ( #2381, #2767, #4266, #1322 ),
 .UNSPECIFIED., .F., .T. ) 
 B_SPLINE_CURVE_WITH_KNOTS ( ( 4, 4 ),
 ( 1.570796326794896558, 3.141592653589793116 ),
 .UNSPECIFIED. ) 
 CURVE ( )  GEOMETRIC_REPRESENTATION_ITEM ( )  RATIONAL_B_SPLINE_CURVE ( ( 1.000000000000000000, 0.8047378541243649375, 0.8047378541243649375, 1.000000000000000000 ) ) 
 REPRESENTATION_ITEM ( '' )  );
#2603 = CARTESIAN_POINT ( 'NONE',  ( -2.040441976244449229, 4.800000000000001599, -0.5852134787612734979 ) ) ;
#2604 = FILL_AREA_STYLE_COLOUR ( '', #753 ) ;
#2605 = ORIENTED_EDGE ( 'NONE', *, *, #4479, .F. ) ;
#2606 = CARTESIAN_POINT ( 'NONE',  ( -0.5695318351775450205, 4.799949999999999939, 1.427977612102630189 ) ) ;
#2607 = ORIENTED_EDGE ( 'NONE', *, *, #1545, .F. ) ;
#2608 = CARTESIAN_POINT ( 'NONE',  ( -0.05293206341749697591, 4.799999999999999822, -0.7000196503618394406 ) ) ;
#2609 = CARTESIAN_POINT ( 'NONE',  ( -0.4691510351775996512, 4.799949999999999939, -1.538742387897376940 ) ) ;
#2610 = CARTESIAN_POINT ( 'NONE',  ( -0.4691510351775996512, 4.799949999999999939, -1.538742387897376940 ) ) ;
#2611 = SURFACE_STYLE_FILL_AREA ( #406 ) ;
#2612 = PLANE ( 'NONE',  #1558 ) ;
#2613 = ORIENTED_EDGE ( 'NONE', *, *, #2558, .T. ) ;
#2614 = CARTESIAN_POINT ( 'NONE',  ( -1.071973745444436021, 4.800000000000000711, -0.3754269600021329922 ) ) ;
#2615 = EDGE_CURVE ( 'NONE', #4435, #1556, #730, .T. ) ;
#2616 = CARTESIAN_POINT ( 'NONE',  ( -0.1241174351775779783, 4.799949999999999939, -0.4825087878973826072 ) ) ;
#2617 = B_SPLINE_CURVE_WITH_KNOTS ( 'NONE', 3,
 ( #1194, #3838, #812, #2659, #1979, #3471, #1242, #1602, #3860, #3199, #1020, #3933, #1730, #3247, #949 ),
 .UNSPECIFIED., .F., .F.,
 ( 4, 1, 1, 2, 2, 1, 2, 2, 4 ),
 ( 0.0000000000000000000, 0.2500000000000029421, 0.3750000000000034972, 0.4375000000000028866, 0.5000000000000022204, 0.6250000000000004441, 0.6874999999999996669, 0.7499999999999987788, 1.000000000000000000 ),
 .UNSPECIFIED. ) ;
#2618 = VERTEX_POINT ( 'NONE', #2053 ) ;
#2619 = CARTESIAN_POINT ( 'NONE',  ( -3.410000000000000586, 4.790000000000000036, -3.175000000000000711 ) ) ;
#2620 = VERTEX_POINT ( 'NONE', #4032 ) ;
#2621 = VERTEX_POINT ( 'NONE', #3292 ) ;
#2622 = B_SPLINE_CURVE_WITH_KNOTS ( 'NONE', 3,
 ( #2595, #4100, #4483, #746 ),
 .UNSPECIFIED., .F., .F.,
 ( 4, 4 ),
 ( 0.0000000000000000000, 1.000000000000000000 ),
 .UNSPECIFIED. ) ;
#2623 = SURFACE_STYLE_FILL_AREA ( #1133 ) ;
#2624 = CARTESIAN_POINT ( 'NONE',  ( 0.03413709874752694773, 4.800000000000000711, -1.514189779628263954 ) ) ;
#2625 = CARTESIAN_POINT ( 'NONE',  ( -0.2330326351775452998, 4.799949999999999939, 1.178041612102624924 ) ) ;
#2626 = ORIENTED_EDGE ( 'NONE', *, *, #232, .F. ) ;
#2627 = CARTESIAN_POINT ( 'NONE',  ( 1.611862183039499241, 4.800000000000000711, -0.3551389377893001686 ) ) ;
#2628 = ORIENTED_EDGE ( 'NONE', *, *, #838, .T. ) ;
#2629 = FACE_OUTER_BOUND ( 'NONE', #2680, .T. ) ;
#2630 = ORIENTED_EDGE ( 'NONE', *, *, #4765, .T. ) ;
#2631 = CARTESIAN_POINT ( 'NONE',  ( -0.1428118351775482797, 4.799949999999999939, 1.057747212102621903 ) ) ;
#2632 = CARTESIAN_POINT ( 'NONE',  ( -0.08635537638089006707, 4.800000000000000711, 0.8915385575880817592 ) ) ;
#2633 = CARTESIAN_POINT ( 'NONE',  ( -0.4010917312304015936, 4.799999999999999822, 0.6202049478222539936 ) ) ;
#2634 = CARTESIAN_POINT ( 'NONE',  ( 0.2014698568377111809, 4.800000000000000711, -0.4914753095393735172 ) ) ;
#2635 = ORIENTED_EDGE ( 'NONE', *, *, #4347, .F. ) ;
#2636 = SURFACE_STYLE_FILL_AREA ( #4504 ) ;
#2637 = VECTOR ( 'NONE', #239, 1000.000000000000000 ) ;
#2638 = ORIENTED_EDGE ( 'NONE', *, *, #49, .T. ) ;
#2639 = VECTOR ( 'NONE', #233, 1000.000000000000000 ) ;
#2640 = EDGE_CURVE ( 'NONE', #295, #4428, #1965, .T. ) ;
#2641 = SURFACE_SIDE_STYLE ('',( #1148 ) ) ;
#2642 = ORIENTED_EDGE ( 'NONE', *, *, #3728, .F. ) ;
#2643 = COLOUR_RGB ( '',1.000000000000000000, 1.000000000000000000, 1.000000000000000000 ) ;
#2644 = CARTESIAN_POINT ( 'NONE',  ( -0.1468260225358377358, 4.799999999999999822, -1.225793066041429569 ) ) ;
#2645 =( NAMED_UNIT ( * ) SI_UNIT ( $, .STERADIAN. ) SOLID_ANGLE_UNIT ( ) );
#2646 = EDGE_CURVE ( 'NONE', #3124, #2466, #2030, .T. ) ;
#2647 = VECTOR ( 'NONE', #4317, 1000.000000000000000 ) ;
#2648 = B_SPLINE_CURVE_WITH_KNOTS ( 'NONE', 3,
 ( #1609, #3108, #4608, #3869, #2137, #4042, #2841, #4019, #3966, #3302, #1736, #2085, #3576, #2180, #2499, #217, #603, #674 ),
 .UNSPECIFIED., .F., .F.,
 ( 4, 1, 1, 2, 2, 2, 1, 1, 2, 2, 4 ),
 ( 0.0000000000000000000, 0.1249999999999985012, 0.1874999999999977518, 0.2187499999999978628, 0.2499999999999980016, 0.4999999999999991118, 0.6249999999999995559, 0.6875000000000001110, 0.7187499999999997780, 0.7499999999999995559, 1.000000000000000000 ),
 .UNSPECIFIED. ) ;
#2649 = DIRECTION ( 'NONE',  ( 1.000000000000000000, -0.0000000000000000000, -0.0000000000000000000 ) ) ;
#2650 = FACE_OUTER_BOUND ( 'NONE', #887, .T. ) ;
#2651 = CARTESIAN_POINT ( 'NONE',  ( 2.065000000000000391, 4.799999999999999822, 2.064999999999999059 ) ) ;
#2652 = ORIENTED_EDGE ( 'NONE', *, *, #2324, .T. ) ;
#2653 = CARTESIAN_POINT ( 'NONE',  ( -0.2274113600175451111, 4.800000000000001599, 0.2909553219028974125 ) ) ;
#2654 = PRESENTATION_LAYER_ASSIGNMENT (  '', '', ( #771 ) ) ;
#2655 = ORIENTED_EDGE ( 'NONE', *, *, #776, .F. ) ;
#2656 = CARTESIAN_POINT ( 'NONE',  ( -1.772254289805731631, 4.799999999999999822, 0.7429392092359868860 ) ) ;
#2657 = ORIENTED_EDGE ( 'NONE', *, *, #2175, .F. ) ;
#2658 = CARTESIAN_POINT ( 'NONE',  ( -0.1602870351775382285, 4.799949999999999939, 1.776668812102623285 ) ) ;
#2659 = CARTESIAN_POINT ( 'NONE',  ( 0.6436980881573193258, 4.799999999999998934, -0.3222222341942833634 ) ) ;
#2660 = FILL_AREA_STYLE_COLOUR ( '', #3040 ) ;
#2661 = ORIENTED_EDGE ( 'NONE', *, *, #2984, .F. ) ;
#2662 = FACE_OUTER_BOUND ( 'NONE', #4520, .T. ) ;
#2663 = ORIENTED_EDGE ( 'NONE', *, *, #3934, .T. ) ;
#2664 = SURFACE_STYLE_USAGE ( .BOTH. , #2594 ) ;
#2665 = CARTESIAN_POINT ( 'NONE',  ( -1.045611464341291263, 4.800000000000000711, -0.5684786844705479458 ) ) ;
#2666 = ORIENTED_EDGE ( 'NONE', *, *, #1155, .F. ) ;
#2667 = FILL_AREA_STYLE_COLOUR ( '', #2116 ) ;
#2668 = CARTESIAN_POINT ( 'NONE',  ( -0.2434646213886927646, 4.799999999999999822, -0.08296389254229744048 ) ) ;
#2669 = EDGE_CURVE ( 'NONE', #3155, #3017, #3771, .T. ) ;
#2670 = CARTESIAN_POINT ( 'NONE',  ( -0.4874933605641524337, 4.800000000000000711, -1.743974182107406401 ) ) ;
#2671 = CARTESIAN_POINT ( 'NONE',  ( 0.2018446509549470802, 4.799999999999999822, 1.254435521961873246 ) ) ;
#2672 = EDGE_CURVE ( 'NONE', #1779, #91, #4354, .T. ) ;
#2673 = CARTESIAN_POINT ( 'NONE',  ( 0.1831209648224096376, 4.799949999999999939, -1.398127987897389568 ) ) ;
#2674 = CARTESIAN_POINT ( 'NONE',  ( -1.066678309413574777, 4.799949999999745920, 1.047013964137947672 ) ) ;
#2675 = B_SPLINE_CURVE_WITH_KNOTS ( 'NONE', 3,
 ( #2697, #1891, #4199, #1546, #3380, #5, #3015, #803, #1516, #3043, #4176 ),
 .UNSPECIFIED., .F., .F.,
 ( 4, 2, 1, 2, 2, 4 ),
 ( 0.0000000000000000000, 0.2499999999999982236, 0.3749999999999991118, 0.4374999999999991118, 0.4999999999999991118, 1.000000000000000000 ),
 .UNSPECIFIED. ) ;
#2676 = ORIENTED_EDGE ( 'NONE', *, *, #1034, .T. ) ;
#2677 = CARTESIAN_POINT ( 'NONE',  ( -0.1777277538075482666, 4.799999999999999822, 0.3248166361194942953 ) ) ;
#2678 = VERTEX_POINT ( 'NONE', #2128 ) ;
#2679 = CARTESIAN_POINT ( 'NONE',  ( 0.02436169122361814265, 4.799999999999999822, -0.1509489771371887723 ) ) ;
#2680 = EDGE_LOOP ( 'NONE', ( #3353, #4553, #4752, #2359 ) ) ;
#2681 = ADVANCED_FACE ( 'NONE', ( #4795 ), #207, .F. ) ;
#2682 = CARTESIAN_POINT ( 'NONE',  ( -0.4801417280556463107, 4.799999999999999822, -1.454055493421498424 ) ) ;
#2683 = CARTESIAN_POINT ( 'NONE',  ( -0.2051219218965563695, 4.799999999999999822, -1.441280744884227749 ) ) ;
#2684 = CARTESIAN_POINT ( 'NONE',  ( -0.3975465683687334773, 4.799999999999999822, -1.666285651934493295 ) ) ;
#2685 = CARTESIAN_POINT ( 'NONE',  ( 3.799999999999998934, 3.299999999999999378, 1.334999999999999298 ) ) ;
#2686 = DIRECTION ( 'NONE',  ( -1.000000000000000000, -0.0000000000000000000, 0.0000000000000000000 ) ) ;
#2687 = CARTESIAN_POINT ( 'NONE',  ( -0.1419990351775417270, 4.799949999999999939, 1.574688012102622769 ) ) ;
#2688 = ORIENTED_EDGE ( 'NONE', *, *, #2125, .T. ) ;
#2689 = SURFACE_STYLE_USAGE ( .BOTH. , #2641 ) ;
#2690 = ORIENTED_EDGE ( 'NONE', *, *, #3640, .T. ) ;
#2691 = B_SPLINE_CURVE_WITH_KNOTS ( 'NONE', 3,
 ( #1914, #448, #2718, #3139, #2314, #1995, #4227, #857, #2364, #3485, #501 ),
 .UNSPECIFIED., .F., .F.,
 ( 4, 1, 1, 1, 2, 2, 4 ),
 ( 0.0000000000000000000, 0.2499999999999921729, 0.3749999999999882316, 0.4374999999999862887, 0.4687499999999868994, 0.4999999999999874545, 1.000000000000000000 ),
 .UNSPECIFIED. ) ;
#2692 = CARTESIAN_POINT ( 'NONE',  ( 0.1580294519721099911, 4.799999999999999822, -0.4266041456656938791 ) ) ;
#2693 = CARTESIAN_POINT ( 'NONE',  ( -0.2443448806976241117, 4.799999999999998934, -1.716104195930597376 ) ) ;
#2694 = LINE ( 'NONE', #4196, #199 ) ;
#2695 = CARTESIAN_POINT ( 'NONE',  ( -1.065278824519021672, 4.800000000000000711, 0.3694037804051856222 ) ) ;
#2696 = CARTESIAN_POINT ( 'NONE',  ( -0.4131235262201981007, 4.800000000000000711, -1.758571715421779036 ) ) ;
#2697 = CARTESIAN_POINT ( 'NONE',  ( 0.6644921778938910339, 4.799950000000171357, -0.2029186018845138828 ) ) ;
#2698 = SURFACE_STYLE_FILL_AREA ( #421 ) ;
#2699 = B_SPLINE_CURVE_WITH_KNOTS ( 'NONE', 3,
 ( #585, #3138, #1994, #476, #3484, #2431 ),
 .UNSPECIFIED., .F., .F.,
 ( 4, 2, 4 ),
 ( 0.0000000000000000000, 0.5000000000000000000, 1.000000000000000000 ),
 .UNSPECIFIED. ) ;
#2700 = ORIENTED_EDGE ( 'NONE', *, *, #1815, .T. ) ;
#2701 = EDGE_CURVE ( 'NONE', #3400, #3863, #3616, .T. ) ;
#2702 = ORIENTED_EDGE ( 'NONE', *, *, #405, .F. ) ;
#2703 = DIRECTION ( 'NONE',  ( 0.0000000000000000000, 0.0000000000000000000, 1.000000000000000000 ) ) ;
#2704 = VERTEX_POINT ( 'NONE', #1356 ) ;
#2705 = CARTESIAN_POINT ( 'NONE',  ( -0.1633250976257674680, 4.799999999999999822, 1.058701317332771730 ) ) ;
#2706 = CARTESIAN_POINT ( 'NONE',  ( -1.996920277693531975, 4.800000000000000711, 0.3475582636306218109 ) ) ;
#2707 = VERTEX_POINT ( 'NONE', #1018 ) ;
#2708 = EDGE_CURVE ( 'NONE', #4628, #139, #4830, .T. ) ;
#2709 = DIRECTION ( 'NONE',  ( -1.050074743327367307E-16, 0.0000000000000000000, -1.000000000000000000 ) ) ;
#2710 = ORIENTED_EDGE ( 'NONE', *, *, #4849, .F. ) ;
#2711 = B_SPLINE_CURVE_WITH_KNOTS ( 'NONE', 3,
 ( #1028, #1714, #3627, #3672 ),
 .UNSPECIFIED., .F., .F.,
 ( 4, 4 ),
 ( 0.0000000000000000000, 1.000000000000000000 ),
 .UNSPECIFIED. ) ;
#2712 = CARTESIAN_POINT ( 'NONE',  ( -1.047727969510662716, 4.799999999999999822, -0.5785535742974065032 ) ) ;
#2713 = CARTESIAN_POINT ( 'NONE',  ( 0.02381216482242112797, 4.799949999999999939, -0.6869279878973855169 ) ) ;
#2714 = EDGE_LOOP ( 'NONE', ( #670, #2526, #1384, #4835 ) ) ;
#2715 = VERTEX_POINT ( 'NONE', #1423 ) ;
#2716 = CARTESIAN_POINT ( 'NONE',  ( -0.5904270680182847064, 4.799999999999999822, 0.2995109165361248271 ) ) ;
#2717 = CARTESIAN_POINT ( 'NONE',  ( 3.799999999999998934, 3.299999999999999822, -1.335000000000000631 ) ) ;
#2718 = CARTESIAN_POINT ( 'NONE',  ( 0.2781155712329985707, 4.799999999999999822, -1.371279848581087757 ) ) ;
#2719 = MECHANICAL_DESIGN_GEOMETRIC_PRESENTATION_REPRESENTATION (  '', ( #1009 ), #37 ) ;
#2720 = CARTESIAN_POINT ( 'NONE',  ( 0.1904073889501055883, 4.800000000000000711, -0.05697841276094484098 ) ) ;
#2721 = SURFACE_SIDE_STYLE ('',( #3090 ) ) ;
#2722 = AXIS2_PLACEMENT_3D ( 'NONE', #3687, #2561, #3706 ) ;
#2723 = ORIENTED_EDGE ( 'NONE', *, *, #4398, .F. ) ;
#2724 = CARTESIAN_POINT ( 'NONE',  ( 0.1168777648224185450, 4.799949999999999939, -0.7946239878973861970 ) ) ;
#2725 = ORIENTED_EDGE ( 'NONE', *, *, #4182, .F. ) ;
#2726 = CARTESIAN_POINT ( 'NONE',  ( 0.06887577602330251236, 4.800000000000000711, -0.9554327446270971524 ) ) ;
#2727 = ORIENTED_EDGE ( 'NONE', *, *, #2862, .T. ) ;
#2728 = PLANE ( 'NONE',  #3338 ) ;
#2729 = EDGE_CURVE ( 'NONE', #2105, #1562, #3605, .T. ) ;
#2730 = CARTESIAN_POINT ( 'NONE',  ( 2.565000000000000391, 4.790000000000000036, -2.064999999999997282 ) ) ;
#2731 = AXIS2_PLACEMENT_3D ( 'NONE', #2080, #2539, #2882 ) ;
#2732 = CARTESIAN_POINT ( 'NONE',  ( -0.3920705018442202650, 4.799999999999999822, 0.6505344121026250814 ) ) ;
#2733 = ORIENTED_EDGE ( 'NONE', *, *, #4294, .F. ) ;
#2734 = B_SPLINE_CURVE_WITH_KNOTS ( 'NONE', 3,
 ( #3660, #2193, #1801, #1091 ),
 .UNSPECIFIED., .F., .F.,
 ( 4, 4 ),
 ( 0.0000000000000000000, 1.000000000000000000 ),
 .UNSPECIFIED. ) ;
#2735 = CARTESIAN_POINT ( 'NONE',  ( -0.1843103110744921669, 4.799999999999998934, -0.7064791766469721290 ) ) ;
#2736 = ORIENTED_EDGE ( 'NONE', *, *, #643, .T. ) ;
#2737 = CARTESIAN_POINT ( 'NONE',  ( -0.1448438351775507837, 4.799949999999999939, 0.9740288121026211554 ) ) ;
#2738 = EDGE_CURVE ( 'NONE', #1657, #1621, #2194, .T. ) ;
#2739 = CARTESIAN_POINT ( 'NONE',  ( -0.4037206351775595725, 4.799949999999999939, 0.3867808121026256041 ) ) ;
#2740 = ORIENTED_EDGE ( 'NONE', *, *, #76, .F. ) ;
#2741 = CARTESIAN_POINT ( 'NONE',  ( -0.3411723854524693622, 4.800000000000000711, 0.2966447210753901942 ) ) ;
#2742 = CARTESIAN_POINT ( 'NONE',  ( 0.02006460564715056502, 4.800000000000000711, -0.2406740018854140184 ) ) ;
#2743 = ORIENTED_EDGE ( 'NONE', *, *, #2533, .F. ) ;
#2744 = CARTESIAN_POINT ( 'NONE',  ( -0.5816217346849509306, 4.799999999999999822, 0.3195599832027914422 ) ) ;
#2745 = EDGE_CURVE ( 'NONE', #1580, #4673, #3066, .T. ) ;
#2746 = CARTESIAN_POINT ( 'NONE',  ( -2.038460958582648530, 4.799999999999999822, -0.3500020754123760458 ) ) ;
#2747 = SURFACE_SIDE_STYLE ('',( #151 ) ) ;
#2748 = CARTESIAN_POINT ( 'NONE',  ( -0.1667894351775819628, 4.799949999999999939, -0.8913471878973822093 ) ) ;
#2749 = CARTESIAN_POINT ( 'NONE',  ( 0.07694543623550775813, 4.800000000000000711, 0.7537653246479077973 ) ) ;
#2750 = SURFACE_STYLE_FILL_AREA ( #1618 ) ;
#2751 = CARTESIAN_POINT ( 'NONE',  ( -1.844098652550830275, 4.799999999999999822, 0.2572621259026537932 ) ) ;
#2752 = VERTEX_POINT ( 'NONE', #394 ) ;
#2753 = CARTESIAN_POINT ( 'NONE',  ( -0.2696086351775539569, 4.799949999999999939, 0.6785760121026231939 ) ) ;
#2754 = B_SPLINE_CURVE_WITH_KNOTS ( 'NONE', 3,
 ( #3788, #1458, #2279, #3764, #358, #1485, #1881, #3005, #2225, #4097, #792, #3713, #2634, #3394, #382 ),
 .UNSPECIFIED., .F., .F.,
 ( 4, 1, 2, 2, 1, 1, 2, 2, 4 ),
 ( 0.0000000000000000000, 0.1250000000000023592, 0.1875000000000028311, 0.2500000000000033307, 0.3750000000000042744, 0.4375000000000042188, 0.4687500000000041633, 0.5000000000000041078, 1.000000000000000000 ),
 .UNSPECIFIED. ) ;
#2755 = ORIENTED_EDGE ( 'NONE', *, *, #4420, .F. ) ;
#2756 = SURFACE_STYLE_FILL_AREA ( #2439 ) ;
#2757 = CARTESIAN_POINT ( 'NONE',  ( -0.07983465304562319120, 4.799999999999999822, 0.1775347771461582014 ) ) ;
#2758 =( LENGTH_UNIT ( ) NAMED_UNIT ( * ) SI_UNIT ( .MILLI., .METRE. ) );
#2759 = ORIENTED_EDGE ( 'NONE', *, *, #2366, .T. ) ;
#2760 = CARTESIAN_POINT ( 'NONE',  ( -0.2285622351775803973, 4.799949999999999939, -0.7722719878973812735 ) ) ;
#2761 = ORIENTED_EDGE ( 'NONE', *, *, #4151, .F. ) ;
#2762 = EDGE_CURVE ( 'NONE', #145, #785, #348, .T. ) ;
#2763 = CARTESIAN_POINT ( 'NONE',  ( -1.053041085711709846, 4.799999999999999822, -0.5896449519597721789 ) ) ;
#2764 = CARTESIAN_POINT ( 'NONE',  ( -0.1733138289424776268, 4.799999999999999822, -0.008673378867088583910 ) ) ;
#2765 = ORIENTED_EDGE ( 'NONE', *, *, #4202, .F. ) ;
#2766 = B_SPLINE_CURVE_WITH_KNOTS ( 'NONE', 3,
 ( #3404, #4585, #2585, #418, #1969, #4450 ),
 .UNSPECIFIED., .F., .F.,
 ( 4, 2, 4 ),
 ( 0.0000000000000000000, 0.5000000000000000000, 1.000000000000000000 ),
 .UNSPECIFIED. ) ;
#2767 = CARTESIAN_POINT ( 'NONE',  ( -3.585735931288072553, 4.665735931288071292, 3.474999999999999645 ) ) ;
#2768 = ORIENTED_EDGE ( 'NONE', *, *, #2507, .T. ) ;
#2769 = ADVANCED_FACE ( 'NONE', ( #2240 ), #3379, .F. ) ;
#2770 = CARTESIAN_POINT ( 'NONE',  ( 0.09655776482242819925, 4.799949999999999939, -0.4081375878973846905 ) ) ;
#2771 = SURFACE_SIDE_STYLE ('',( #4687 ) ) ;
#2772 = CARTESIAN_POINT ( 'NONE',  ( -0.4774851120681508632, 4.800000000000000711, 0.3348079900256558661 ) ) ;
#2773 = CARTESIAN_POINT ( 'NONE',  ( 0.02857368232961315230, 4.800000000000000711, 0.7491423039006350759 ) ) ;
#2774 = CARTESIAN_POINT ( 'NONE',  ( -2.043011030001809392, 4.799950000000211325, -1.122103682920876366 ) ) ;
#2775 = CARTESIAN_POINT ( 'NONE',  ( -0.2113338783516875707, 4.799999999999999822, 1.116880809150898823 ) ) ;
#2776 = ORIENTED_EDGE ( 'NONE', *, *, #2263, .F. ) ;
#2777 = EDGE_CURVE ( 'NONE', #4350, #2906, #1376, .T. ) ;
#2778 = CARTESIAN_POINT ( 'NONE',  ( 3.709999999999999964, 3.299999999999999378, -1.335000000000001075 ) ) ;
#2779 = CARTESIAN_POINT ( 'NONE',  ( 0.1438242524662672328, 4.800000000000001599, -0.8633807714158677760 ) ) ;
#2780 = CARTESIAN_POINT ( 'NONE',  ( -0.03371852023188434688, 4.799999999999999822, 0.8590676481420789212 ) ) ;
#2781 = CARTESIAN_POINT ( 'NONE',  ( 2.064999999999998614, 4.799999999999999822, 2.564999999999999503 ) ) ;
#2782 = B_SPLINE_CURVE_WITH_KNOTS ( 'NONE', 3,
 ( #4720, #2124, #2874, #3240, #2072, #177, #1281, #505, #989, #1332, #2481 ),
 .UNSPECIFIED., .F., .F.,
 ( 4, 2, 1, 2, 2, 4 ),
 ( 0.0000000000000000000, 0.2500000000000108802, 0.3750000000000137668, 0.4375000000000133782, 0.5000000000000129896, 1.000000000000000000 ),
 .UNSPECIFIED. ) ;
#2783 = DIRECTION ( 'NONE',  ( 0.0000000000000000000, -1.000000000000000000, 0.0000000000000000000 ) ) ;
#2784 = ORIENTED_EDGE ( 'NONE', *, *, #470, .T. ) ;
#2785 = DIRECTION ( 'NONE',  ( -1.000000000000000000, 0.0000000000000000000, 1.050074743327367307E-16 ) ) ;
#2786 = UNCERTAINTY_MEASURE_WITH_UNIT (LENGTH_MEASURE( 1.000000000000000082E-05 ), #770, 'distance_accuracy_value', 'NONE');
#2787 = CARTESIAN_POINT ( 'NONE',  ( -0.08022623517758321887, 4.799949999999999939, -0.9197951878973834594 ) ) ;
#2788 = CARTESIAN_POINT ( 'NONE',  ( 0.1306953648224206677, 4.799949999999999939, -0.7389471878973862262 ) ) ;
#2789 = ORIENTED_EDGE ( 'NONE', *, *, #658, .F. ) ;
#2790 = CARTESIAN_POINT ( 'NONE',  ( 0.1497961648224133413, 4.799949999999999939, -1.165260787897387740 ) ) ;
#2791 = CARTESIAN_POINT ( 'NONE',  ( -1.550593750590045783, 4.799949999999925332, 0.9066187435497122804 ) ) ;
#2792 =( BOUNDED_CURVE ( )  B_SPLINE_CURVE ( 3, ( #2378, #4488, #1635, #1269 ),
 .UNSPECIFIED., .F., .T. ) 
 B_SPLINE_CURVE_WITH_KNOTS ( ( 4, 4 ),
 ( 0.0000000000000000000, 1.570796326794896780 ),
 .UNSPECIFIED. ) 
 CURVE ( )  GEOMETRIC_REPRESENTATION_ITEM ( )  RATIONAL_B_SPLINE_CURVE ( ( 1.000000000000000000, 0.8047378541243649375, 0.8047378541243649375, 1.000000000000000000 ) ) 
 REPRESENTATION_ITEM ( '' )  );
#2793 = ORIENTED_EDGE ( 'NONE', *, *, #4815, .F. ) ;
#2794 = VECTOR ( 'NONE', #1121, 1000.000000000000000 ) ;
#2795 = B_SPLINE_CURVE_WITH_KNOTS ( 'NONE', 3,
 ( #1208, #4200, #1973, #2674 ),
 .UNSPECIFIED., .F., .F.,
 ( 4, 4 ),
 ( 0.0000000000000000000, 1.000000000000000000 ),
 .UNSPECIFIED. ) ;
#2796 = CARTESIAN_POINT ( 'NONE',  ( -1.050071015405038999, 4.800000000000000711, 0.4558015462255531891 ) ) ;
#2797 = CARTESIAN_POINT ( 'NONE',  ( -0.2146793643271017737, 4.799999999999998934, -1.043953166454088644 ) ) ;
#2798 = CARTESIAN_POINT ( 'NONE',  ( 0.4440297648224105775, 4.799949999999999939, -1.184361587897393875 ) ) ;
#2799 = CIRCLE ( 'NONE', #3343, 0.5000000000000000000 ) ;
#2800 = CARTESIAN_POINT ( 'NONE',  ( -2.025686270443897818, 4.800000000000000711, -1.187660822256258797 ) ) ;
#2801 = EDGE_CURVE ( 'NONE', #4044, #1611, #4306, .T. ) ;
#2802 = CARTESIAN_POINT ( 'NONE',  ( -2.027672091949657585, 4.799999999999998934, -1.052403461415889918 ) ) ;
#2803 = AXIS2_PLACEMENT_3D ( 'NONE', #1950, #2703, #4645 ) ;
#2804 = ORIENTED_EDGE ( 'NONE', *, *, #2082, .F. ) ;
#2805 = CARTESIAN_POINT ( 'NONE',  ( 0.2131945648224213841, 4.799949999999999939, -0.7007455878973880559 ) ) ;
#2806 = CARTESIAN_POINT ( 'NONE',  ( -0.5110102351775434038, 4.799949999999999939, 1.525107212102629894 ) ) ;
#2807 = COLOUR_RGB ( '',1.000000000000000000, 1.000000000000000000, 1.000000000000000000 ) ;
#2808 = CARTESIAN_POINT ( 'NONE',  ( -0.2285622351775821182, 4.799949999999999939, -1.046185587897381586 ) ) ;
#2809 = EDGE_CURVE ( 'NONE', #2441, #1270, #1184, .T. ) ;
#2810 = CARTESIAN_POINT ( 'NONE',  ( 3.799999999999998934, 3.299999999999999378, 1.334999999999999298 ) ) ;
#2811 = ORIENTED_EDGE ( 'NONE', *, *, #4869, .T. ) ;
#2812 = CARTESIAN_POINT ( 'NONE',  ( 0.1716434431007043404, 4.800000000000000711, 0.1639803287167282408 ) ) ;
#2813 =( GEOMETRIC_REPRESENTATION_CONTEXT ( 3 ) GLOBAL_UNCERTAINTY_ASSIGNED_CONTEXT ( ( #573 ) ) GLOBAL_UNIT_ASSIGNED_CONTEXT ( ( #1484, #1526, #311 ) ) REPRESENTATION_CONTEXT ( 'NONE', 'WORKASPACE' ) );
#2814 = ORIENTED_EDGE ( 'NONE', *, *, #2157, .F. ) ;
#2815 = CARTESIAN_POINT ( 'NONE',  ( 0.09655776482242819925, 4.799949999999999939, -0.4081375878973846905 ) ) ;
#2816 = CARTESIAN_POINT ( 'NONE',  ( -1.043016713633660775, 4.800000000000001599, -1.119877610837401560 ) ) ;
#2817 = ORIENTED_EDGE ( 'NONE', *, *, #3792, .T. ) ;
#2818 = CARTESIAN_POINT ( 'NONE',  ( 0.2752451060564509167, 4.800000000000000711, -1.153588827987377163 ) ) ;
#2819 = CARTESIAN_POINT ( 'NONE',  ( -0.2696086351775539569, 4.799949999999999939, 0.6785760121026231939 ) ) ;
#2820 = EDGE_LOOP ( 'NONE', ( #3610, #3128, #1297, #2196 ) ) ;
#2821 =( GEOMETRIC_REPRESENTATION_CONTEXT ( 3 ) GLOBAL_UNCERTAINTY_ASSIGNED_CONTEXT ( ( #1364 ) ) GLOBAL_UNIT_ASSIGNED_CONTEXT ( ( #3447, #161, #2375 ) ) REPRESENTATION_CONTEXT ( 'NONE', 'WORKASPACE' ) );
#2822 = FACE_OUTER_BOUND ( 'NONE', #3480, .T. ) ;
#2823 = CARTESIAN_POINT ( 'NONE',  ( -2.038384929405366197, 4.800000000000002487, -0.3500116485709858782 ) ) ;
#2824 = LINE ( 'NONE', #2454, #2647 ) ;
#2825 = CARTESIAN_POINT ( 'NONE',  ( 3.799999999999998934, -0.1000000000000000056, -1.123202250632464821E-17 ) ) ;
#2826 = PRESENTATION_STYLE_ASSIGNMENT (( #3510 ) ) ;
#2827 = CARTESIAN_POINT ( 'NONE',  ( 0.1055505877332381937, 4.800000000000000711, -1.408420010374602516 ) ) ;
#2828 = ORIENTED_EDGE ( 'NONE', *, *, #341, .F. ) ;
#2829 = CARTESIAN_POINT ( 'NONE',  ( 0.1245867618446448721, 4.800000000000001599, -0.9826070430307232151 ) ) ;
#2830 = CARTESIAN_POINT ( 'NONE',  ( 0.1067177648224094944, 4.799949999999999939, -1.633433587897385575 ) ) ;
#2831 = EDGE_CURVE ( 'NONE', #3095, #4027, #2192, .T. ) ;
#2832 = CARTESIAN_POINT ( 'NONE',  ( -0.2376505375524034791, 4.799999999999999822, -1.036860888033832806 ) ) ;
#2833 = CARTESIAN_POINT ( 'NONE',  ( 0.06989955157045198153, 4.799999999999999822, -1.389623773564930609 ) ) ;
#2834 = CARTESIAN_POINT ( 'NONE',  ( -2.013779104317279245, 4.800000000000001599, 0.3552389690763000929 ) ) ;
#2835 = PLANE ( 'NONE',  #2731 ) ;
#2836 = ORIENTED_EDGE ( 'NONE', *, *, #3464, .F. ) ;
#2837 = FILL_AREA_STYLE ('',( #724 ) ) ;
#2838 = UNCERTAINTY_MEASURE_WITH_UNIT (LENGTH_MEASURE( 1.000000000000000082E-05 ), #1970, 'distance_accuracy_value', 'NONE');
#2839 = CARTESIAN_POINT ( 'NONE',  ( -0.2812814572671261670, 4.800000000000000711, 0.4341768221930276117 ) ) ;
#2840 = CARTESIAN_POINT ( 'NONE',  ( 0.1997833648224155989, 4.799949999999999939, -0.9445855878973886677 ) ) ;
#2841 = CARTESIAN_POINT ( 'NONE',  ( 0.02185330786289395658, 4.800000000000000711, 1.377404547009025260 ) ) ;
#2842 = CARTESIAN_POINT ( 'NONE',  ( -0.3641268579749354362, 4.799999999999999822, -1.455635925571252098 ) ) ;
#2843 = ORIENTED_EDGE ( 'NONE', *, *, #2269, .T. ) ;
#2844 = SURFACE_STYLE_FILL_AREA ( #1348 ) ;
#2845 = CARTESIAN_POINT ( 'NONE',  ( -1.089347394993320339, 4.799999999999999822, 0.4558130982731946057 ) ) ;
#2846 = B_SPLINE_CURVE_WITH_KNOTS ( 'NONE', 3,
 ( #3924, #985, #3137, #2384, #902, #3606, #150, #4615, #2118, #3113, #1255, #2068, #2047, #2405 ),
 .UNSPECIFIED., .F., .F.,
 ( 4, 1, 2, 2, 1, 2, 2, 4 ),
 ( 0.0000000000000000000, 0.1249999999999947264, 0.1874999999999868439, 0.2499999999999789613, 0.3749999999999709677, 0.4374999999999669709, 0.4999999999999629186, 1.000000000000000000 ),
 .UNSPECIFIED. ) ;
#2847 =( NAMED_UNIT ( * ) SI_UNIT ( $, .STERADIAN. ) SOLID_ANGLE_UNIT ( ) );
#2848 = ORIENTED_EDGE ( 'NONE', *, *, #3308, .T. ) ;
#2849 = CARTESIAN_POINT ( 'NONE',  ( 0.1109654306858611911, 4.800000000000000711, 0.2199561354148333592 ) ) ;
#2850 = CARTESIAN_POINT ( 'NONE',  ( 0.08903039157038845908, 4.800000000000001599, -1.448007422466476735 ) ) ;
#2851 = ORIENTED_EDGE ( 'NONE', *, *, #545, .T. ) ;
#2852 = CARTESIAN_POINT ( 'NONE',  ( 0.2040647733382412177, 4.800000000000001599, 1.184354792921934241 ) ) ;
#2853 = CARTESIAN_POINT ( 'NONE',  ( 0.6869156507904078390, 4.799999999999998046, 0.3678462858434523031 ) ) ;
#2854 = CARTESIAN_POINT ( 'NONE',  ( -0.5110971392008857306, 4.799999999999998934, 1.532320246040122624 ) ) ;
#2855 = CARTESIAN_POINT ( 'NONE',  ( 0.002567583229941821678, 4.799999999999999822, -1.365789504713879943 ) ) ;
#2856 = EDGE_CURVE ( 'NONE', #1527, #4412, #1535, .T. ) ;
#2857 = CARTESIAN_POINT ( 'NONE',  ( -0.3464182351775400015, 4.799949999999999939, 1.573468812102625458 ) ) ;
#2858 = EDGE_LOOP ( 'NONE', ( #3845, #3570, #2041, #1659 ) ) ;
#2859 = CARTESIAN_POINT ( 'NONE',  ( -0.1928292793477060507, 4.800000000000000711, 0.3848983923973846033 ) ) ;
#2860 = ORIENTED_EDGE ( 'NONE', *, *, #4667, .T. ) ;
#2861 = CARTESIAN_POINT ( 'NONE',  ( -1.066678309413574777, 4.799949999999745920, 0.2234845523732418571 ) ) ;
#2862 = EDGE_CURVE ( 'NONE', #3614, #4236, #1893, .T. ) ;
#2863 = CARTESIAN_POINT ( 'NONE',  ( -0.2314070351775443513, 4.799949999999999939, 1.539737612102625386 ) ) ;
#2864 = CARTESIAN_POINT ( 'NONE',  ( -0.5597176770802078094, 4.799999999999999822, 0.2166642433867222439 ) ) ;
#2865 = VERTEX_POINT ( 'NONE', #4663 ) ;
#2866 = CARTESIAN_POINT ( 'NONE',  ( 1.617157619070361596, 4.799949999999745920, 0.2437725745860742088 ) ) ;
#2867 = EDGE_CURVE ( 'NONE', #4264, #131, #4413, .T. ) ;
#2868 = CARTESIAN_POINT ( 'NONE',  ( 3.709999999999999964, 0.0000000000000000000, 0.0000000000000000000 ) ) ;
#2869 = CARTESIAN_POINT ( 'NONE',  ( -2.019343750590045339, 4.799949999999983064, -0.6172783152738173795 ) ) ;
#2870 = B_SPLINE_CURVE_WITH_KNOTS ( 'NONE', 3,
 ( #882, #3875, #2021, #1106, #2069, #4389 ),
 .UNSPECIFIED., .F., .F.,
 ( 4, 2, 4 ),
 ( 0.0000000000000000000, 0.5000000000000001110, 1.000000000000000000 ),
 .UNSPECIFIED. ) ;
#2871 = CARTESIAN_POINT ( 'NONE',  ( 0.1732998639383029338, 4.799999999999998934, 0.5178235400740005545 ) ) ;
#2872 = ORIENTED_EDGE ( 'NONE', *, *, #630, .F. ) ;
#2873 = FACE_OUTER_BOUND ( 'NONE', #3621, .T. ) ;
#2874 = CARTESIAN_POINT ( 'NONE',  ( 1.630794842772224529, 4.799999999999999822, 0.2541724820177598820 ) ) ;
#2875 = CARTESIAN_POINT ( 'NONE',  ( -0.2090308354838673610, 4.799999999999999822, 1.643135327489826158 ) ) ;
#2876 = AXIS2_PLACEMENT_3D ( 'NONE', #1469, #1061, #321 ) ;
#2877 = CARTESIAN_POINT ( 'NONE',  ( -2.042718472350204095, 4.800000000000000711, 1.088830290087122732 ) ) ;
#2878 = PLANE ( 'NONE',  #1857 ) ;
#2879 = CARTESIAN_POINT ( 'NONE',  ( -1.075878859319858050, 4.800000000000000711, -1.197477181544804870 ) ) ;
#2880 = STYLED_ITEM ( 'NONE', ( #12 ), #1508 ) ;
#2881 = VERTEX_POINT ( 'NONE', #2365 ) ;
#2882 = DIRECTION ( 'NONE',  ( 0.0000000000000000000, 0.0000000000000000000, -1.000000000000000000 ) ) ;
#2883 = ORIENTED_EDGE ( 'NONE', *, *, #1693, .T. ) ;
#2884 = CARTESIAN_POINT ( 'NONE',  ( -1.990851103531222410, 4.799949999999915562, 0.3443485229614772214 ) ) ;
#2885 = UNCERTAINTY_MEASURE_WITH_UNIT (LENGTH_MEASURE( 1.000000000000000082E-05 ), #3141, 'distance_accuracy_value', 'NONE');
#2886 = AXIS2_PLACEMENT_3D ( 'NONE', #1472, #3, #4058 ) ;
#2887 = CARTESIAN_POINT ( 'NONE',  ( 3.709999999999999964, 0.0000000000000000000, 1.334999999999999076 ) ) ;
#2888 = CARTESIAN_POINT ( 'NONE',  ( 0.1814272465166506254, 4.800000000000001599, -0.9118669235715635146 ) ) ;
#2889 = CARTESIAN_POINT ( 'NONE',  ( 1.608561149365807408, 4.799999999999998934, 0.3875063697137042795 ) ) ;
#2890 = LINE ( 'NONE', #3693, #4851 ) ;
#2891 = ORIENTED_EDGE ( 'NONE', *, *, #1505, .F. ) ;
#2892 = EDGE_CURVE ( 'NONE', #4546, #2396, #542, .T. ) ;
#2893 =( GEOMETRIC_REPRESENTATION_CONTEXT ( 3 ) GLOBAL_UNCERTAINTY_ASSIGNED_CONTEXT ( ( #4757 ) ) GLOBAL_UNIT_ASSIGNED_CONTEXT ( ( #1933, #3374, #4192 ) ) REPRESENTATION_CONTEXT ( 'NONE', 'WORKASPACE' ) );
#2894 = CARTESIAN_POINT ( 'NONE',  ( -0.2131190351775755776, 4.799949999999999939, -0.3849727878973809303 ) ) ;
#2895 = CARTESIAN_POINT ( 'NONE',  ( -2.036533959374554836, 4.799999999999999822, 0.5851105048526529240 ) ) ;
#2896 = PLANE ( 'NONE',  #439 ) ;
#2897 = CARTESIAN_POINT ( 'NONE',  ( 0.07298656482246020094, 4.799949999999999939, 1.721398412102620457 ) ) ;
#2898 = EDGE_CURVE ( 'NONE', #3707, #3604, #2311, .T. ) ;
#2899 = VERTEX_POINT ( 'NONE', #3117 ) ;
#2900 = CARTESIAN_POINT ( 'NONE',  ( -0.1969904312098675059, 4.800000000000000711, -0.3987291583479220525 ) ) ;
#2901 = CARTESIAN_POINT ( 'NONE',  ( -0.3618614351775378823, 4.799949999999999939, 1.796176012102628006 ) ) ;
#2902 = CARTESIAN_POINT ( 'NONE',  ( -0.4171318351775410438, 4.799949999999999939, 1.354012812102628471 ) ) ;
#2903 = CARTESIAN_POINT ( 'NONE',  ( -0.4902838351775601344, 4.799949999999999939, 0.4066944121026247472 ) ) ;
#2904 = FACE_BOUND ( 'NONE', #63, .T. ) ;
#2905 = CARTESIAN_POINT ( 'NONE',  ( -2.036654245681403630, 4.799999999999999822, 0.3496158801528837512 ) ) ;
#2906 = VERTEX_POINT ( 'NONE', #152 ) ;
#2907 = CARTESIAN_POINT ( 'NONE',  ( -1.066678309413574777, 4.799949999999745920, 1.047013964137947672 ) ) ;
#2908 = VERTEX_POINT ( 'NONE', #1672 ) ;
#2909 = B_SPLINE_CURVE_WITH_KNOTS ( 'NONE', 3,
 ( #4370, #708, #1442, #250, #1419, #3311, #1772, #1820, #4814, #4444, #1016, #734, #2511, #1841 ),
 .UNSPECIFIED., .F., .F.,
 ( 4, 1, 1, 2, 2, 2, 2, 4 ),
 ( 0.0000000000000000000, 0.2499999999999920064, 0.3749999999999874545, 0.4374999999999857891, 0.4999999999999841238, 0.6249999999999827915, 0.7499999999999814593, 1.000000000000000000 ),
 .UNSPECIFIED. ) ;
#2910 = DIRECTION ( 'NONE',  ( 0.0000000000000000000, -0.0000000000000000000, 1.000000000000000000 ) ) ;
#2911 = CARTESIAN_POINT ( 'NONE',  ( -0.07453663517755296231, 4.799949999999999939, 0.9602112121026181724 ) ) ;
#2912 = CARTESIAN_POINT ( 'NONE',  ( -3.799999999999999822, -0.09999999999999988065, 1.335000000000000409 ) ) ;
#2913 = ADVANCED_FACE ( 'NONE', ( #3140 ), #1996, .T. ) ;
#2914 = CARTESIAN_POINT ( 'NONE',  ( 0.03559776482244501883, 4.799949999999999939, 0.8232544121026184047 ) ) ;
#2915 = ORIENTED_EDGE ( 'NONE', *, *, #1343, .F. ) ;
#2916 = APPLICATION_PROTOCOL_DEFINITION ( 'draft international standard', 'automotive_design', 1998, #937 ) ;
#2917 = CARTESIAN_POINT ( 'NONE',  ( 0.07765891772848387831, 4.800000000000001599, -0.4108881243288978746 ) ) ;
#2918 = CARTESIAN_POINT ( 'NONE',  ( -0.1610998351775933535, 4.799949999999999939, -1.570441587897383418 ) ) ;
#2919 = EDGE_CURVE ( 'NONE', #3813, #2990, #1835, .T. ) ;
#2920 = CARTESIAN_POINT ( 'NONE',  ( -1.895799020197888485, 4.799999999999999822, -0.6891226780189152468 ) ) ;
#2921 = ORIENTED_EDGE ( 'NONE', *, *, #4334, .T. ) ;
#2922 = CARTESIAN_POINT ( 'NONE',  ( -2.019343750590045339, 4.799950000000171357, -0.2232066240973464011 ) ) ;
#2923 = B_SPLINE_CURVE_WITH_KNOTS ( 'NONE', 3,
 ( #4677, #1711, #1026, #238, #3599, #2839, #3205, #2470, #3963, #3625, #165 ),
 .UNSPECIFIED., .F., .F.,
 ( 4, 1, 1, 1, 2, 2, 4 ),
 ( 0.0000000000000000000, 0.2499999999999985567, 0.3749999999999980571, 0.4374999999999978906, 0.4687499999999979461, 0.4999999999999980016, 1.000000000000000000 ),
 .UNSPECIFIED. ) ;
#2924 = CARTESIAN_POINT ( 'NONE',  ( 0.1093762206924011188, 4.799999999999998934, -1.157001341307279496 ) ) ;
#2925 = CARTESIAN_POINT ( 'NONE',  ( 0.6408248984821263150, 4.799949999999952865, 0.3088001481154861172 ) ) ;
#2926 = CARTESIAN_POINT ( 'NONE',  ( -2.010739916746147493, 4.799999999999998934, 0.4606212223829378449 ) ) ;
#2927 = EDGE_CURVE ( 'NONE', #2531, #2232, #3295, .T. ) ;
#2928 = FACE_OUTER_BOUND ( 'NONE', #851, .T. ) ;
#2929 = ORIENTED_EDGE ( 'NONE', *, *, #1724, .F. ) ;
#2930 = VERTEX_POINT ( 'NONE', #3238 ) ;
#2931 = CARTESIAN_POINT ( 'NONE',  ( -3.410000000000000586, 4.490000000000000213, -3.475000000000000533 ) ) ;
#2932 =( NAMED_UNIT ( * ) SI_UNIT ( $, .STERADIAN. ) SOLID_ANGLE_UNIT ( ) );
#2933 = CARTESIAN_POINT ( 'NONE',  ( 0.1032505598355627219, 4.800000000000000711, -0.3382009045839073913 ) ) ;
#2934 = PRESENTATION_STYLE_ASSIGNMENT (( #4071 ) ) ;
#2935 = VERTEX_POINT ( 'NONE', #2897 ) ;
#2936 = CARTESIAN_POINT ( 'NONE',  ( -0.3923414351775545983, 4.799949999999999939, 0.6554112121026254290 ) ) ;
#2937 = CARTESIAN_POINT ( 'NONE',  ( -0.07612444024138040333, 4.800000000000000711, -0.4803127763485897650 ) ) ;
#2938 = SURFACE_STYLE_FILL_AREA ( #3307 ) ;
#2939 = ORIENTED_EDGE ( 'NONE', *, *, #2566, .F. ) ;
#2940 = ORIENTED_EDGE ( 'NONE', *, *, #104, .F. ) ;
#2941 = EDGE_CURVE ( 'NONE', #2060, #1282, #3760, .T. ) ;
#2942 = CARTESIAN_POINT ( 'NONE',  ( -2.019343750590045339, 4.799950000000171357, -1.046736035862052328 ) ) ;
#2943 = CARTESIAN_POINT ( 'NONE',  ( -1.046672946943095539, 4.799999999999999822, 0.5794853226326526219 ) ) ;
#2944 =( BOUNDED_CURVE ( )  B_SPLINE_CURVE ( 3, ( #4732, #3667, #1363, #2155 ),
 .UNSPECIFIED., .F., .T. ) 
 B_SPLINE_CURVE_WITH_KNOTS ( ( 4, 4 ),
 ( 3.141592653589793116, 4.712388980384689674 ),
 .UNSPECIFIED. ) 
 CURVE ( )  GEOMETRIC_REPRESENTATION_ITEM ( )  RATIONAL_B_SPLINE_CURVE ( ( 1.000000000000000000, 0.8047378541243649375, 0.8047378541243649375, 1.000000000000000000 ) ) 
 REPRESENTATION_ITEM ( '' )  );
#2945 = CARTESIAN_POINT ( 'NONE',  ( -2.042023800035496883, 4.799999999999998934, -0.5702815091281626669 ) ) ;
#2946 = STYLED_ITEM ( 'NONE', ( #924 ), #536 ) ;
#2947 = EDGE_CURVE ( 'NONE', #3858, #194, #175, .T. ) ;
#2948 = CARTESIAN_POINT ( 'NONE',  ( -2.021133575161535578, 4.800000000000000711, 0.4589661743777259661 ) ) ;
#2949 = PRESENTATION_STYLE_ASSIGNMENT (( #2242 ) ) ;
#2950 =( GEOMETRIC_REPRESENTATION_CONTEXT ( 3 ) GLOBAL_UNCERTAINTY_ASSIGNED_CONTEXT ( ( #465 ) ) GLOBAL_UNIT_ASSIGNED_CONTEXT ( ( #1424, #276, #3705 ) ) REPRESENTATION_CONTEXT ( 'NONE', 'WORKASPACE' ) );
#2951 = LINE ( 'NONE', #278, #1866 ) ;
#2952 = EDGE_LOOP ( 'NONE', ( #843, #628, #791, #4575, #4110 ) ) ;
#2953 = CARTESIAN_POINT ( 'NONE',  ( 0.3853557648224145704, 4.799999999999999822, -1.235694377649815268 ) ) ;
#2954 = CARTESIAN_POINT ( 'NONE',  ( -0.2704214351775969249, 4.799949999999999939, -1.699270387897382495 ) ) ;
#2955 = EDGE_CURVE ( 'NONE', #547, #2285, #402, .T. ) ;
#2956 = CARTESIAN_POINT ( 'NONE',  ( -0.04649503517755241427, 4.799949999999999939, 0.8179712121026199156 ) ) ;
#2957 = CARTESIAN_POINT ( 'NONE',  ( 0.02675733301536372191, 4.799999999999998934, -0.3648729971577318598 ) ) ;
#2958 = CARTESIAN_POINT ( 'NONE',  ( -0.2894339090599424846, 4.799999999999999822, -1.624476642105622259 ) ) ;
#2959 = VECTOR ( 'NONE', #1740, 1000.000000000000000 ) ;
#2960 = ORIENTED_EDGE ( 'NONE', *, *, #1355, .T. ) ;
#2961 = SURFACE_SIDE_STYLE ('',( #2205 ) ) ;
#2962 = DIRECTION ( 'NONE',  ( 1.624272917581280413E-16, 0.0000000000000000000, -1.000000000000000000 ) ) ;
#2963 = VECTOR ( 'NONE', #2020, 1000.000000000000000 ) ;
#2964 = CARTESIAN_POINT ( 'NONE',  ( -0.1576108362241467886, 4.799999999999999822, -0.1307714757244359816 ) ) ;
#2965 = CARTESIAN_POINT ( 'NONE',  ( -0.2379094351775412619, 4.799949999999999939, 1.555587212102623740 ) ) ;
#2966 = VERTEX_POINT ( 'NONE', #3634 ) ;
#2967 = COLOUR_RGB ( '',0.8274509803921568096, 0.8392156862745098200, 0.8274509803921568096 ) ;
#2968 = B_SPLINE_CURVE_WITH_KNOTS ( 'NONE', 3,
 ( #3142, #3562, #612, #4274 ),
 .UNSPECIFIED., .F., .F.,
 ( 4, 4 ),
 ( 0.0000000000000000000, 1.000000000000000000 ),
 .UNSPECIFIED. ) ;
#2969 = CARTESIAN_POINT ( 'NONE',  ( 0.06111686094367872052, 4.799999999999998934, -1.126056496208960311 ) ) ;
#2970 = CARTESIAN_POINT ( 'NONE',  ( -1.043011030001810280, 4.799949999999705064, -0.5193922858620523275 ) ) ;
#2971 = CARTESIAN_POINT ( 'NONE',  ( -0.2314070351775443513, 4.799949999999999939, 1.539737612102625386 ) ) ;
#2972 =( GEOMETRIC_REPRESENTATION_CONTEXT ( 3 ) GLOBAL_UNCERTAINTY_ASSIGNED_CONTEXT ( ( #977 ) ) GLOBAL_UNIT_ASSIGNED_CONTEXT ( ( #938, #3675, #314 ) ) REPRESENTATION_CONTEXT ( 'NONE', 'WORKASPACE' ) );
#2973 = CARTESIAN_POINT ( 'NONE',  ( -2.042718472350204095, 4.799999999999999822, -0.5582285334422112388 ) ) ;
#2974 = CARTESIAN_POINT ( 'NONE',  ( -1.550593750590045783, 4.799949999999925332, 0.9066187435497122804 ) ) ;
#2975 =( LENGTH_UNIT ( ) NAMED_UNIT ( * ) SI_UNIT ( .MILLI., .METRE. ) );
#2976 = ORIENTED_EDGE ( 'NONE', *, *, #4609, .T. ) ;
#2977 = EDGE_CURVE ( 'NONE', #1685, #374, #1776, .T. ) ;
#2978 = CARTESIAN_POINT ( 'NONE',  ( 0.07522986828446574792, 4.799999999999999822, -1.324012217820343285 ) ) ;
#2979 = ORIENTED_EDGE ( 'NONE', *, *, #3549, .F. ) ;
#2980 = CARTESIAN_POINT ( 'NONE',  ( -0.2260217899864037927, 4.800000000000000711, -1.377669152167217970 ) ) ;
#2981 = CARTESIAN_POINT ( 'NONE',  ( 0.05556135227682400951, 4.799999999999999822, 1.095632406469924769 ) ) ;
#2982 = B_SPLINE_CURVE_WITH_KNOTS ( 'NONE', 3,
 ( #4250, #3799, #2387, #1941, #98, #1615, #3433, #3064, #3115, #4562, #2695, #4618, #1256, #4197, #829 ),
 .UNSPECIFIED., .F., .F.,
 ( 4, 1, 1, 2, 2, 1, 2, 2, 4 ),
 ( 0.0000000000000000000, 0.2500000000000102696, 0.3750000000000149325, 0.4375000000000165423, 0.5000000000000180966, 0.6250000000000206501, 0.6875000000000188738, 0.7500000000000170974, 1.000000000000000000 ),
 .UNSPECIFIED. ) ;
#2983 = CARTESIAN_POINT ( 'NONE',  ( -0.1940182351775499581, 4.799949999999999939, 1.112204812102622231 ) ) ;
#2984 = EDGE_CURVE ( 'NONE', #4736, #3026, #3408, .T. ) ;
#2985 = SURFACE_STYLE_USAGE ( .BOTH. , #2251 ) ;
#2986 = ORIENTED_EDGE ( 'NONE', *, *, #2745, .F. ) ;
#2987 = PRESENTATION_STYLE_ASSIGNMENT (( #1488 ) ) ;
#2988 = ORIENTED_EDGE ( 'NONE', *, *, #2762, .F. ) ;
#2989 = CARTESIAN_POINT ( 'NONE',  ( -2.064999999999998614, 4.799999999999999822, 2.064999999999999503 ) ) ;
#2990 = VERTEX_POINT ( 'NONE', #2042 ) ;
#2991 = CARTESIAN_POINT ( 'NONE',  ( 0.1940139105955599186, 4.800000000000000711, 0.7813805071091738386 ) ) ;
#2992 = DIRECTION ( 'NONE',  ( 0.0000000000000000000, 1.000000000000000000, 0.0000000000000000000 ) ) ;
#2993 = PRESENTATION_STYLE_ASSIGNMENT (( #4864 ) ) ;
#2994 = CARTESIAN_POINT ( 'NONE',  ( -0.2023398959231358929, 4.799999999999999822, -0.9507477692038156514 ) ) ;
#2995 = CARTESIAN_POINT ( 'NONE',  ( -2.022015477248395143, 4.800000000000000711, -0.4658376495513679161 ) ) ;
#2996 = DIRECTION ( 'NONE',  ( 0.0000000000000000000, 1.000000000000000000, 0.0000000000000000000 ) ) ;
#2997 = B_SPLINE_CURVE_WITH_KNOTS ( 'NONE', 3,
 ( #1731, #997, #3987, #255 ),
 .UNSPECIFIED., .F., .F.,
 ( 4, 4 ),
 ( 0.0000000000000000000, 1.000000000000000000 ),
 .UNSPECIFIED. ) ;
#2998 = ORIENTED_EDGE ( 'NONE', *, *, #575, .T. ) ;
#2999 = CARTESIAN_POINT ( 'NONE',  ( 0.1067177648224094944, 4.799949999999999939, -1.633433587897385575 ) ) ;
#3000 = VERTEX_POINT ( 'NONE', #1665 ) ;
#3001 = CARTESIAN_POINT ( 'NONE',  ( 0.1603625648224134836, 4.799949999999999939, -1.086012787897390419 ) ) ;
#3002 = ORIENTED_EDGE ( 'NONE', *, *, #3036, .T. ) ;
#3003 = DIRECTION ( 'NONE',  ( 0.0000000000000000000, 0.0000000000000000000, -1.000000000000000000 ) ) ;
#3004 = FACE_OUTER_BOUND ( 'NONE', #1499, .T. ) ;
#3005 = CARTESIAN_POINT ( 'NONE',  ( 0.1692976501592740879, 4.800000000000000711, -0.5444276956928878475 ) ) ;
#3006 = ORIENTED_EDGE ( 'NONE', *, *, #2701, .F. ) ;
#3007 = CARTESIAN_POINT ( 'NONE',  ( -0.1003785703051845307, 4.800000000000000711, -0.4842127647997960804 ) ) ;
#3008 = ADVANCED_FACE ( 'NONE', ( #897 ), #146, .T. ) ;
#3009 = ORIENTED_EDGE ( 'NONE', *, *, #1908, .F. ) ;
#3010 = ORIENTED_EDGE ( 'NONE', *, *, #1220, .F. ) ;
#3011 = CARTESIAN_POINT ( 'NONE',  ( -2.019343750590045339, 4.799949999999983064, 0.2062510964908889910 ) ) ;
#3012 = LINE ( 'NONE', #1912, #3584 ) ;
#3013 = CARTESIAN_POINT ( 'NONE',  ( -0.2115455470408085514, 4.800000000000000711, -0.2960686852372401701 ) ) ;
#3014 = CARTESIAN_POINT ( 'NONE',  ( -2.034724972748457983, 4.799999999999999822, -0.6040805121608729955 ) ) ;
#3015 = CARTESIAN_POINT ( 'NONE',  ( 0.6434518661259753802, 4.800000000000001599, -0.2316632089773837944 ) ) ;
#3016 = CARTESIAN_POINT ( 'NONE',  ( -0.1802169535723023575, 4.800000000000000711, -1.821783940698577409 ) ) ;
#3017 = VERTEX_POINT ( 'NONE', #2380 ) ;
#3018 = CARTESIAN_POINT ( 'NONE',  ( 0.05241262512023590892, 4.800000000000001599, -1.248624172602036619 ) ) ;
#3019 = EDGE_LOOP ( 'NONE', ( #4536, #4327, #442, #1341, #2002, #20, #4078, #160, #3848, #3538, #4244, #1250, #4476, #4792, #750, #1354 ) ) ;
#3020 = SURFACE_STYLE_FILL_AREA ( #1877 ) ;
#3021 = ORIENTED_EDGE ( 'NONE', *, *, #2056, .F. ) ;
#3022 = CARTESIAN_POINT ( 'NONE',  ( 1.035126369070361374, 4.799949999999987504, 0.01100603046842724315 ) ) ;
#3023 = CARTESIAN_POINT ( 'NONE',  ( -0.1300501095002672414, 4.800000000000000711, 0.1488860037626899002 ) ) ;
#3024 = VECTOR ( 'NONE', #2528, 1000.000000000000000 ) ;
#3025 = FACE_BOUND ( 'NONE', #3362, .T. ) ;
#3026 = VERTEX_POINT ( 'NONE', #2790 ) ;
#3027 = CARTESIAN_POINT ( 'NONE',  ( 0.1918074088174842318, 4.799999999999999822, -0.6594723362202804529 ) ) ;
#3028 = EDGE_CURVE ( 'NONE', #517, #1640, #4642, .T. ) ;
#3029 = AXIS2_PLACEMENT_3D ( 'NONE', #2583, #3316, #1844 ) ;
#3030 = CARTESIAN_POINT ( 'NONE',  ( -1.043661130444977436, 4.800000000000001599, -0.5545221849788182222 ) ) ;
#3031 = B_SPLINE_CURVE_WITH_KNOTS ( 'NONE', 3,
 ( #3938, #215, #1344, #2522, #3229, #3525, #574, #4733 ),
 .UNSPECIFIED., .F., .F.,
 ( 4, 2, 2, 4 ),
 ( 0.0000000000000000000, 0.2500000000000003331, 0.5000000000000006661, 1.000000000000000000 ),
 .UNSPECIFIED. ) ;
#3032 = ORIENTED_EDGE ( 'NONE', *, *, #470, .F. ) ;
#3033 = VECTOR ( 'NONE', #1169, 1000.000000000000000 ) ;
#3034 = CARTESIAN_POINT ( 'NONE',  ( -0.3082166351775738056, 4.799999999999999822, -0.3145193162147885135 ) ) ;
#3035 = ORIENTED_EDGE ( 'NONE', *, *, #1966, .F. ) ;
#3036 = EDGE_CURVE ( 'NONE', #3443, #2382, #1632, .T. ) ;
#3037 = SURFACE_STYLE_FILL_AREA ( #1541 ) ;
#3038 = B_SPLINE_CURVE_WITH_KNOTS ( 'NONE', 3,
 ( #1701, #4695, #1333, #2829, #966, #2459, #3951, #589, #2097 ),
 .UNSPECIFIED., .F., .F.,
 ( 4, 1, 2, 2, 4 ),
 ( 0.0000000000000000000, 0.2500000000000048850, 0.3750000000000041078, 0.5000000000000033307, 1.000000000000000000 ),
 .UNSPECIFIED. ) ;
#3039 = CARTESIAN_POINT ( 'NONE',  ( -0.4463926351776018042, 4.799949999999999939, -1.690735987897379333 ) ) ;
#3040 = COLOUR_RGB ( '',1.000000000000000000, 1.000000000000000000, 1.000000000000000000 ) ;
#3041 = CARTESIAN_POINT ( 'NONE',  ( -2.042982406693092390, 4.799999999999999822, -0.5450587589007613865 ) ) ;
#3042 = AXIS2_PLACEMENT_3D ( 'NONE', #1903, #4527, #1855 ) ;
#3043 = CARTESIAN_POINT ( 'NONE',  ( 0.6408864119564444684, 4.800000000000001599, -0.2586884223571033203 ) ) ;
#3044 = CARTESIAN_POINT ( 'NONE',  ( -1.329545956472398149, 4.799999999999999822, -0.9001367711561701901 ) ) ;
#3045 = ORIENTED_EDGE ( 'NONE', *, *, #2738, .F. ) ;
#3046 = CARTESIAN_POINT ( 'NONE',  ( 0.0000000000000000000, 4.790000000000000036, 0.0000000000000000000 ) ) ;
#3047 = MECHANICAL_DESIGN_GEOMETRIC_PRESENTATION_REPRESENTATION (  '', ( #4385 ), #852 ) ;
#3048 = ORIENTED_EDGE ( 'NONE', *, *, #396, .T. ) ;
#3049 = B_SPLINE_CURVE_WITH_KNOTS ( 'NONE', 3,
 ( #3539, #2368, #3855, #54, #2319, #4644 ),
 .UNSPECIFIED., .F., .F.,
 ( 4, 2, 4 ),
 ( 0.0000000000000000000, 0.5000000000000000000, 1.000000000000000000 ),
 .UNSPECIFIED. ) ;
#3050 = ORIENTED_EDGE ( 'NONE', *, *, #615, .F. ) ;
#3051 =( LENGTH_UNIT ( ) NAMED_UNIT ( * ) SI_UNIT ( .MILLI., .METRE. ) );
#3052 = CARTESIAN_POINT ( 'NONE',  ( -0.1704470351775975723, 4.799949999999999939, -1.670822387897384242 ) ) ;
#3053 = CARTESIAN_POINT ( 'NONE',  ( -1.990851103531222410, 4.799949999999915562, 0.3443485229614772214 ) ) ;
#3054 =( NAMED_UNIT ( * ) PLANE_ANGLE_UNIT ( ) SI_UNIT ( $, .RADIAN. ) );
#3055 = ORIENTED_EDGE ( 'NONE', *, *, #2228, .T. ) ;
#3056 = CARTESIAN_POINT ( 'NONE',  ( -1.049357843277567204, 4.800000000000000711, -0.5829120545534984821 ) ) ;
#3057 = ORIENTED_EDGE ( 'NONE', *, *, #2352, .F. ) ;
#3058 = CARTESIAN_POINT ( 'NONE',  ( -3.710000000000000409, 3.299999999999999378, 1.335000000000000187 ) ) ;
#3059 = ORIENTED_EDGE ( 'NONE', *, *, #130, .T. ) ;
#3060 = CYLINDRICAL_SURFACE ( 'NONE', #266, 0.2999999999999999334 ) ;
#3061 = EDGE_CURVE ( 'NONE', #408, #4524, #293, .T. ) ;
#3062 = CARTESIAN_POINT ( 'NONE',  ( -0.2472356049242313003, 4.799999999999999822, -1.802113831201686667 ) ) ;
#3063 = CARTESIAN_POINT ( 'NONE',  ( 0.2180713648224259782, 4.799949999999999939, -0.4260191878973879076 ) ) ;
#3064 = CARTESIAN_POINT ( 'NONE',  ( -1.050196652226933258, 4.800000000000002487, 0.3629386357138848496 ) ) ;
#3065 = CARTESIAN_POINT ( 'NONE',  ( -0.4618948104813065392, 4.799999999999998934, -1.769068626096941710 ) ) ;
#3066 = B_SPLINE_CURVE_WITH_KNOTS ( 'NONE', 3,
 ( #1822, #4470, #2994, #1445 ),
 .UNSPECIFIED., .F., .F.,
 ( 4, 4 ),
 ( 0.0000000000000000000, 1.000000000000000000 ),
 .UNSPECIFIED. ) ;
#3067 = FILL_AREA_STYLE ('',( #2316 ) ) ;
#3068 = EDGE_CURVE ( 'NONE', #3688, #3654, #3827, .T. ) ;
#3069 = ORIENTED_EDGE ( 'NONE', *, *, #2892, .T. ) ;
#3070 =( LENGTH_UNIT ( ) NAMED_UNIT ( * ) SI_UNIT ( .MILLI., .METRE. ) );
#3071 = ORIENTED_EDGE ( 'NONE', *, *, #4661, .T. ) ;
#3072 = ORIENTED_EDGE ( 'NONE', *, *, #4571, .F. ) ;
#3073 = CARTESIAN_POINT ( 'NONE',  ( -0.5213450308764877583, 4.799999999999999822, 0.3875798301340577789 ) ) ;
#3074 = CARTESIAN_POINT ( 'NONE',  ( -0.1440941885632202601, 4.800000000000000711, -1.392783678217563326 ) ) ;
#3075 = DIRECTION ( 'NONE',  ( 1.000000000000000000, 0.0000000000000000000, -0.0000000000000000000 ) ) ;
#3076 = ORIENTED_EDGE ( 'NONE', *, *, #4001, .T. ) ;
#3077 = ORIENTED_EDGE ( 'NONE', *, *, #717, .F. ) ;
#3078 = CARTESIAN_POINT ( 'NONE',  ( -1.044748025327090657, 4.800000000000000711, -0.3532318433289000636 ) ) ;
#3079 = CARTESIAN_POINT ( 'NONE',  ( 0.1977513648224078491, 4.799949999999999939, -1.639935987897390923 ) ) ;
#3080 = CARTESIAN_POINT ( 'NONE',  ( 0.07298656482246020094, 4.799949999999999939, 1.721398412102620457 ) ) ;
#3081 = ORIENTED_EDGE ( 'NONE', *, *, #4124, .F. ) ;
#3082 = CARTESIAN_POINT ( 'NONE',  ( -0.4695076566047611810, 4.800000000000000711, 0.2579072802502007100 ) ) ;
#3083 = VERTEX_POINT ( 'NONE', #4680 ) ;
#3084 = B_SPLINE_CURVE_WITH_KNOTS ( 'NONE', 3,
 ( #4700, #2440, #1311, #2879, #4750, #3224, #970, #182, #2464, #3955, #1752, #3543, #2055, #4280 ),
 .UNSPECIFIED., .F., .F.,
 ( 4, 1, 2, 2, 1, 2, 2, 4 ),
 ( 0.0000000000000000000, 0.1249999999999962530, 0.1874999999999943934, 0.2499999999999925060, 0.3749999999999887867, 0.4374999999999913403, 0.4999999999999938938, 1.000000000000000000 ),
 .UNSPECIFIED. ) ;
#3085 = CARTESIAN_POINT ( 'NONE',  ( 0.7880369082860477770, 4.799999999999999822, 0.1546947559586233090 ) ) ;
#3086 = CARTESIAN_POINT ( 'NONE',  ( -2.042845229812630059, 4.799999999999999822, -0.3119589058252886793 ) ) ;
#3087 = CARTESIAN_POINT ( 'NONE',  ( 1.222856148482126315, 4.799949999999941319, 0.01812919223313297704 ) ) ;
#3088 = CARTESIAN_POINT ( 'NONE',  ( -0.5532758351775926009, 4.799949999999999939, -1.502979187897377944 ) ) ;
#3089 = CARTESIAN_POINT ( 'NONE',  ( 0.2115226743868583725, 4.799999999999999822, -0.01081522862413202349 ) ) ;
#3090 = SURFACE_STYLE_FILL_AREA ( #3067 ) ;
#3091 = B_SPLINE_CURVE_WITH_KNOTS ( 'NONE', 3,
 ( #3011, #4812, #1153, #1439 ),
 .UNSPECIFIED., .F., .F.,
 ( 4, 4 ),
 ( 0.0000000000000000000, 1.000000000000000000 ),
 .UNSPECIFIED. ) ;
#3092 = CARTESIAN_POINT ( 'NONE',  ( -0.1704470351775975723, 4.799949999999999939, -1.670822387897384242 ) ) ;
#3093 = VERTEX_POINT ( 'NONE', #3478 ) ;
#3094 = PLANE ( 'NONE',  #696 ) ;
#3095 = VERTEX_POINT ( 'NONE', #92 ) ;
#3096 = CARTESIAN_POINT ( 'NONE',  ( 0.1411301882627520599, 4.800000000000000711, -0.8671176191407130585 ) ) ;
#3097 = EDGE_CURVE ( 'NONE', #3233, #3742, #2648, .T. ) ;
#3098 = ORIENTED_EDGE ( 'NONE', *, *, #1765, .T. ) ;
#3099 = CARTESIAN_POINT ( 'NONE',  ( -0.5885657457367028389, 4.799999999999999822, 0.2380867359090163560 ) ) ;
#3100 = CARTESIAN_POINT ( 'NONE',  ( 0.08890990139448229357, 4.800000000000001599, 0.2904723055204864735 ) ) ;
#3101 = CARTESIAN_POINT ( 'NONE',  ( -0.4789046351775551602, 4.799949999999999939, 0.6712608121026232277 ) ) ;
#3102 = CARTESIAN_POINT ( 'NONE',  ( -0.1441860250171759505, 4.799999999999999822, -0.6795863949928382386 ) ) ;
#3103 = VERTEX_POINT ( 'NONE', #2863 ) ;
#3104 = EDGE_CURVE ( 'NONE', #3837, #967, #718, .T. ) ;
#3105 = CARTESIAN_POINT ( 'NONE',  ( -0.1450252390065868147, 4.799999999999999822, -0.9187700750728340360 ) ) ;
#3106 = CARTESIAN_POINT ( 'NONE',  ( 0.2123967392622377881, 4.799999999999999822, 1.577202921402490965 ) ) ;
#3107 = ORIENTED_EDGE ( 'NONE', *, *, #3582, .T. ) ;
#3108 = CARTESIAN_POINT ( 'NONE',  ( 0.07897362642099145513, 4.799999999999998934, 1.436396555164298539 ) ) ;
#3109 = FILL_AREA_STYLE ('',( #1225 ) ) ;
#3110 =( GEOMETRIC_REPRESENTATION_CONTEXT ( 3 ) GLOBAL_UNCERTAINTY_ASSIGNED_CONTEXT ( ( #2885 ) ) GLOBAL_UNIT_ASSIGNED_CONTEXT ( ( #3141, #2410, #2211 ) ) REPRESENTATION_CONTEXT ( 'NONE', 'WORKASPACE' ) );
#3111 = ORIENTED_EDGE ( 'NONE', *, *, #4390, .T. ) ;
#3112 = CARTESIAN_POINT ( 'NONE',  ( -0.5658742351775589707, 4.799949999999999939, 0.3428896121026269728 ) ) ;
#3113 = CARTESIAN_POINT ( 'NONE',  ( -2.036654245681402742, 4.800000000000001599, 1.173145291917591759 ) ) ;
#3114 = CARTESIAN_POINT ( 'NONE',  ( -0.4629708363696725115, 4.800000000000001599, 0.3474369332273113953 ) ) ;
#3115 = CARTESIAN_POINT ( 'NONE',  ( -1.054367572998755387, 4.799999999999999822, 0.3678472277708981220 ) ) ;
#3116 = STYLED_ITEM ( 'NONE', ( #409 ), #2297 ) ;
#3117 = CARTESIAN_POINT ( 'NONE',  ( 0.1632073648224190987, 4.799949999999999939, -0.8409535878973875000 ) ) ;
#3118 = CARTESIAN_POINT ( 'NONE',  ( 0.1634427838851599257, 4.800000000000000711, 0.2891563010267401146 ) ) ;
#3119 = PRESENTATION_STYLE_ASSIGNMENT (( #1999 ) ) ;
#3120 = B_SPLINE_CURVE_WITH_KNOTS ( 'NONE', 3,
 ( #3101, #4627, #4574, #4600 ),
 .UNSPECIFIED., .F., .F.,
 ( 4, 4 ),
 ( 0.0000000000000000000, 1.000000000000000000 ),
 .UNSPECIFIED. ) ;
#3121 = VERTEX_POINT ( 'NONE', #652 ) ;
#3122 = SURFACE_STYLE_USAGE ( .BOTH. , #1623 ) ;
#3123 = CARTESIAN_POINT ( 'NONE',  ( -0.2541654351775699539, 4.799949999999999939, -0.01311678789737719640 ) ) ;
#3124 = VERTEX_POINT ( 'NONE', #1005 ) ;
#3125 = CARTESIAN_POINT ( 'NONE',  ( -0.5934425457367022982, 4.799999999999999822, 0.2562392692423500762 ) ) ;
#3126 = CARTESIAN_POINT ( 'NONE',  ( -0.1691408343272579884, 4.799999999999999822, -1.552854331466353877 ) ) ;
#3127 = EDGE_CURVE ( 'NONE', #2908, #4666, #2711, .T. ) ;
#3128 = ORIENTED_EDGE ( 'NONE', *, *, #396, .F. ) ;
#3129 = CARTESIAN_POINT ( 'NONE',  ( 0.09805266798085343627, 4.799999999999999822, -0.5390337369707676185 ) ) ;
#3130 = VERTEX_POINT ( 'NONE', #289 ) ;
#3131 = CARTESIAN_POINT ( 'NONE',  ( 0.6644921778938910339, 4.799949999999983064, 0.2265391187037212872 ) ) ;
#3132 = CARTESIAN_POINT ( 'NONE',  ( -0.1524706856802293398, 4.799999999999999822, -1.655667933640083689 ) ) ;
#3133 = VERTEX_POINT ( 'NONE', #3256 ) ;
#3134 = FILL_AREA_STYLE ('',( #821 ) ) ;
#3135 = CARTESIAN_POINT ( 'NONE',  ( 0.02021112937502226453, 4.799999999999998934, -0.2405575095085280557 ) ) ;
#3136 = CARTESIAN_POINT ( 'NONE',  ( 0.1427217186387781389, 4.799999999999999822, -0.4072324123323602385 ) ) ;
#3137 = CARTESIAN_POINT ( 'NONE',  ( -2.004675335295992511, 4.799999999999998934, 1.174964421447968643 ) ) ;
#3138 = CARTESIAN_POINT ( 'NONE',  ( -0.009569953206208762705, 4.799999999999998934, 1.269426833469257332 ) ) ;
#3139 = CARTESIAN_POINT ( 'NONE',  ( 0.3015939862970176133, 4.799999999999999822, -1.366449700076830087 ) ) ;
#3140 = FACE_OUTER_BOUND ( 'NONE', #9, .T. ) ;
#3141 =( LENGTH_UNIT ( ) NAMED_UNIT ( * ) SI_UNIT ( .MILLI., .METRE. ) );
#3142 = CARTESIAN_POINT ( 'NONE',  ( 0.1323209648224597523, 4.799949999999999939, 1.550710412102620950 ) ) ;
#3143 = VERTEX_POINT ( 'NONE', #240 ) ;
#3144 = LINE ( 'NONE', #862, #4856 ) ;
#3145 = PLANE ( 'NONE',  #2803 ) ;
#3146 = CARTESIAN_POINT ( 'NONE',  ( 0.0000000000000000000, 0.0000000000000000000, 1.335000000000000631 ) ) ;
#3147 = CARTESIAN_POINT ( 'NONE',  ( -0.4931286351775657217, 4.799949999999999939, 0.2677056121026236135 ) ) ;
#3148 = CARTESIAN_POINT ( 'NONE',  ( -0.1257430351775737365, 4.799949999999999939, -0.3504287878973799675 ) ) ;
#3149 = ORIENTED_EDGE ( 'NONE', *, *, #2615, .F. ) ;
#3150 = CARTESIAN_POINT ( 'NONE',  ( 0.1757326609430826247, 4.799999999999999822, 0.1609194540772947435 ) ) ;
#3151 = VERTEX_POINT ( 'NONE', #2160 ) ;
#3152 =( NAMED_UNIT ( * ) SI_UNIT ( $, .STERADIAN. ) SOLID_ANGLE_UNIT ( ) );
#3153 = CARTESIAN_POINT ( 'NONE',  ( 0.04736138448024346942, 4.799999999999998934, -0.6815758925206067964 ) ) ;
#3154 = B_SPLINE_CURVE_WITH_KNOTS ( 'NONE', 3,
 ( #3079, #4578, #1175, #3450, #3865, #65, #1582, #4217, #492, #844, #2353, #3843, #466, #3475, #2012, #116, #1634 ),
 .UNSPECIFIED., .F., .F.,
 ( 4, 1, 1, 1, 2, 2, 1, 1, 2, 2, 4 ),
 ( 0.0000000000000000000, 0.2500000000000080491, 0.3750000000000134892, 0.4375000000000162093, 0.4687500000000175415, 0.5000000000000188738, 0.6250000000000116573, 0.6875000000000079936, 0.7187500000000068834, 0.7500000000000057732, 1.000000000000000000 ),
 .UNSPECIFIED. ) ;
#3155 = VERTEX_POINT ( 'NONE', #4410 ) ;
#3156 = FILL_AREA_STYLE ('',( #2427 ) ) ;
#3157 = ORIENTED_EDGE ( 'NONE', *, *, #2263, .T. ) ;
#3158 = EDGE_CURVE ( 'NONE', #1878, #1770, #3182, .T. ) ;
#3159 = CARTESIAN_POINT ( 'NONE',  ( 0.03842019742103044283, 4.799999999999999822, 1.003504183598252109 ) ) ;
#3160 = SURFACE_STYLE_USAGE ( .BOTH. , #2771 ) ;
#3161 = CARTESIAN_POINT ( 'NONE',  ( -0.4564858006403628710, 4.800000000000000711, 0.3525150684340015994 ) ) ;
#3162 = B_SPLINE_CURVE_WITH_KNOTS ( 'NONE', 3,
 ( #2161, #4711, #3628, #3209, #4411, #2842, #1763, #981, #1737, #265, #1390 ),
 .UNSPECIFIED., .F., .F.,
 ( 4, 1, 1, 1, 2, 2, 4 ),
 ( 0.0000000000000000000, 0.2499999999999990008, 0.3749999999999974465, 0.4374999999999966693, 0.4687499999999968359, 0.4999999999999970579, 1.000000000000000000 ),
 .UNSPECIFIED. ) ;
#3163 = SURFACE_STYLE_USAGE ( .BOTH. , #3434 ) ;
#3164 = EDGE_CURVE ( 'NONE', #377, #313, #190, .T. ) ;
#3165 = CARTESIAN_POINT ( 'NONE',  ( -2.031814182400906610, 4.799999999999998046, -1.185905253363139344 ) ) ;
#3166 = CARTESIAN_POINT ( 'NONE',  ( 0.1584161227171852759, 4.799999999999999822, 0.8230344060875780521 ) ) ;
#3167 = ORIENTED_EDGE ( 'NONE', *, *, #4849, .T. ) ;
#3168 = CARTESIAN_POINT ( 'NONE',  ( -0.2314070351775443513, 4.799949999999999939, 1.539737612102625386 ) ) ;
#3169 = CARTESIAN_POINT ( 'NONE',  ( 0.1472859187253771351, 4.800000000000001599, -1.473905866722140523 ) ) ;
#3170 = CARTESIAN_POINT ( 'NONE',  ( -0.05181139258137249654, 4.800000000000000711, -1.332763267376620320 ) ) ;
#3171 = CARTESIAN_POINT ( 'NONE',  ( -0.2493426761700429650, 4.800000000000000711, -0.3919570688891675925 ) ) ;
#3172 = ORIENTED_EDGE ( 'NONE', *, *, #164, .F. ) ;
#3173 = CARTESIAN_POINT ( 'NONE',  ( -0.1250972252088315140, 4.799999999999999822, -0.6679353900598543614 ) ) ;
#3174 = VERTEX_POINT ( 'NONE', #1410 ) ;
#3175 = UNCERTAINTY_MEASURE_WITH_UNIT (LENGTH_MEASURE( 1.000000000000000082E-05 ), #2975, 'distance_accuracy_value', 'NONE');
#3176 = CARTESIAN_POINT ( 'NONE',  ( -0.06356383517757031865, 4.799949999999999939, -0.07082558789738274685 ) ) ;
#3177 = CARTESIAN_POINT ( 'NONE',  ( 0.0000000000000000000, 4.790000000000000036, -3.175000000000000711 ) ) ;
#3178 = VERTEX_POINT ( 'NONE', #4710 ) ;
#3179 = CARTESIAN_POINT ( 'NONE',  ( -2.065000000000000391, 4.799999999999999822, -2.064999999999999059 ) ) ;
#3180 = CARTESIAN_POINT ( 'NONE',  ( 0.1287988584312817208, 4.800000000000001599, -0.1468328736137237966 ) ) ;
#3181 = VERTEX_POINT ( 'NONE', #2912 ) ;
#3182 = B_SPLINE_CURVE_WITH_KNOTS ( 'NONE', 3,
 ( #1812, #3997, #626, #4806, #3231, #4785, #1762, #1432, #4314, #1785, #4760, #1389, #2889, #4386, #4735 ),
 .UNSPECIFIED., .F., .F.,
 ( 4, 1, 1, 2, 2, 1, 2, 2, 4 ),
 ( 0.0000000000000000000, 0.2499999999999974465, 0.3749999999999972244, 0.4374999999999968359, 0.4999999999999965583, 0.6249999999999946709, 0.6874999999999937828, 0.7499999999999927836, 1.000000000000000000 ),
 .UNSPECIFIED. ) ;
#3183 = CLOSED_SHELL ( 'NONE', ( #2681, #4328, #1127, #1043, #536, #385, #2297, #3962, #4356, #2769, #4062, #4368, #3968, #3939, #171, #2591, #702, #3217, #2463, #3909, #2119, #3878, #901, #1998, #4275, #3542, #4759, #3751, #4070, #1104, #979, #4210, #4242, #1508, #1700, #788, #3008, #323, #881, #4699, #3286, #4539, #2913, #3242, #1719, #2306 ) ) ;
#3184 = CARTESIAN_POINT ( 'NONE',  ( -2.031814182400907054, 4.799999999999999822, -0.3623758415984330017 ) ) ;
#3185 = AXIS2_PLACEMENT_3D ( 'NONE', #1697, #3536, #2093 ) ;
#3186 = EDGE_CURVE ( 'NONE', #2935, #4873, #2542, .T. ) ;
#3187 = CARTESIAN_POINT ( 'NONE',  ( -0.05623689978648929721, 4.800000000000001599, -0.9859813441920903809 ) ) ;
#3188 = CARTESIAN_POINT ( 'NONE',  ( -0.03214633892126427667, 4.799999999999999822, 1.862354181828599131 ) ) ;
#3189 =( GEOMETRIC_REPRESENTATION_CONTEXT ( 3 ) GLOBAL_UNCERTAINTY_ASSIGNED_CONTEXT ( ( #518 ) ) GLOBAL_UNIT_ASSIGNED_CONTEXT ( ( #28, #2292, #831 ) ) REPRESENTATION_CONTEXT ( 'NONE', 'WORKASPACE' ) );
#3190 = CARTESIAN_POINT ( 'NONE',  ( -2.021133575161535578, 4.799999999999998934, -1.188092649151686775 ) ) ;
#3191 = CARTESIAN_POINT ( 'NONE',  ( 0.2168440378345178055, 4.799999999999999822, 0.3834941590033791869 ) ) ;
#3192 = EDGE_CURVE ( 'NONE', #2396, #1652, #3244, .T. ) ;
#3193 = AXIS2_PLACEMENT_3D ( 'NONE', #332, #4091, #4848 ) ;
#3194 = VERTEX_POINT ( 'NONE', #957 ) ;
#3195 = CARTESIAN_POINT ( 'NONE',  ( 0.2107619405795352618, 4.799999999999999822, -1.324488921652589024 ) ) ;
#3196 = CARTESIAN_POINT ( 'NONE',  ( -1.329545956472398149, 4.799999999999999822, 0.7469220523732418293 ) ) ;
#3197 = VECTOR ( 'NONE', #3280, 1000.000000000000000 ) ;
#3198 = CARTESIAN_POINT ( 'NONE',  ( -0.3351521316814214946, 4.800000000000000711, -1.339511633998608620 ) ) ;
#3199 = CARTESIAN_POINT ( 'NONE',  ( 0.6581496580400379992, 4.799999999999998934, -0.3438433882787202411 ) ) ;
#3200 = CARTESIAN_POINT ( 'NONE',  ( -0.1448438351775507837, 4.799949999999999939, 0.9740288121026211554 ) ) ;
#3201 = VERTEX_POINT ( 'NONE', #4333 ) ;
#3202 = CARTESIAN_POINT ( 'NONE',  ( 0.1404466743232365145, 4.799999999999999822, 0.07793906266622299683 ) ) ;
#3203 = ORIENTED_EDGE ( 'NONE', *, *, #757, .T. ) ;
#3204 = B_SPLINE_CURVE_WITH_KNOTS ( 'NONE', 3,
 ( #3416, #4238, #3519, #867, #3100, #3786, #839, #59, #4162, #3494, #108, #512, #429, #790, #2300, #4257, #4573, #2323, #4185, #2757, #4626, #4526, #3445, #3023, #2373, #1263, #1215, #404 ),
 .UNSPECIFIED., .F., .F.,
 ( 4, 1, 1, 2, 2, 1, 1, 1, 1, 2, 2, 1, 2, 2, 1, 2, 2, 4 ),
 ( 0.0000000000000000000, 0.1250000000000013878, 0.1875000000000022482, 0.2187500000000027200, 0.2500000000000031641, 0.3750000000000051070, 0.4375000000000059952, 0.4687500000000064393, 0.4843750000000066058, 0.4921875000000066613, 0.5000000000000067724, 0.5625000000000059952, 0.5937500000000055511, 0.6250000000000051070, 0.6875000000000044409, 0.7187500000000039968, 0.7500000000000035527, 1.000000000000000000 ),
 .UNSPECIFIED. ) ;
#3205 = CARTESIAN_POINT ( 'NONE',  ( -0.2733266603432646935, 4.800000000000001599, 0.4368927623196154353 ) ) ;
#3206 = CARTESIAN_POINT ( 'NONE',  ( -0.2257174351775678989, 4.799949999999999939, 0.06166081210262067125 ) ) ;
#3207 = PRESENTATION_LAYER_ASSIGNMENT (  '', '', ( #3601 ) ) ;
#3208 = CARTESIAN_POINT ( 'NONE',  ( -0.2532847467337622227, 4.799999999999999822, -1.694772716837895210 ) ) ;
#3209 = CARTESIAN_POINT ( 'NONE',  ( -0.3519589433124003519, 4.799999999999999822, -1.450247444042192191 ) ) ;
#3210 = ORIENTED_EDGE ( 'NONE', *, *, #2669, .F. ) ;
#3211 = B_SPLINE_CURVE_WITH_KNOTS ( 'NONE', 3,
 ( #378, #1899, #4208, #3859, #4139, #1628, #866, #4572, #4237, #1553, #487, #3807, #428 ),
 .UNSPECIFIED., .F., .F.,
 ( 4, 2, 2, 1, 2, 2, 4 ),
 ( 0.0000000000000000000, 0.1249999999999998057, 0.1874999999999997224, 0.2499999999999996114, 0.3749999999999994449, 0.4999999999999992228, 1.000000000000000000 ),
 .UNSPECIFIED. ) ;
#3212 = CARTESIAN_POINT ( 'NONE',  ( 1.354289972011538223, 4.799999999999999822, 0.09334365301744675103 ) ) ;
#3213 = CARTESIAN_POINT ( 'NONE',  ( -1.072342239991495028, 4.800000000000001599, 0.4483032035046020103 ) ) ;
#3214 =( LENGTH_UNIT ( ) NAMED_UNIT ( * ) SI_UNIT ( .MILLI., .METRE. ) );
#3215 = CARTESIAN_POINT ( 'NONE',  ( 0.1990925006567492717, 4.800000000000000711, 0.4882222842077964531 ) ) ;
#3216 = ORIENTED_EDGE ( 'NONE', *, *, #450, .T. ) ;
#3217 = ADVANCED_FACE ( 'NONE', ( #980 ), #4163, .T. ) ;
#3218 = CARTESIAN_POINT ( 'NONE',  ( 0.1867785648224478123, 4.799949999999999939, 0.7915552121026149246 ) ) ;
#3219 = VERTEX_POINT ( 'NONE', #2983 ) ;
#3220 = CARTESIAN_POINT ( 'NONE',  ( -0.2887094351775726375, 4.799949999999999939, -0.3077567878973777038 ) ) ;
#3221 = DIRECTION ( 'NONE',  ( 0.0000000000000000000, -0.0000000000000000000, 1.000000000000000000 ) ) ;
#3222 = EDGE_CURVE ( 'NONE', #2704, #1685, #3886, .T. ) ;
#3223 = SURFACE_STYLE_USAGE ( .BOTH. , #1728 ) ;
#3224 = CARTESIAN_POINT ( 'NONE',  ( -1.071973745444435577, 4.800000000000000711, -1.198956371766837448 ) ) ;
#3225 = CARTESIAN_POINT ( 'NONE',  ( -1.248050858433182864, 4.799999999999999822, -1.097517285862052550 ) ) ;
#3226 = ORIENTED_EDGE ( 'NONE', *, *, #1689, .T. ) ;
#3227 = ORIENTED_EDGE ( 'NONE', *, *, #4462, .T. ) ;
#3228 = UNCERTAINTY_MEASURE_WITH_UNIT (LENGTH_MEASURE( 1.000000000000000082E-05 ), #312, 'distance_accuracy_value', 'NONE');
#3229 = CARTESIAN_POINT ( 'NONE',  ( 0.3508568458642575827, 4.800000000000001599, -1.289898037768190564 ) ) ;
#3230 = CARTESIAN_POINT ( 'NONE',  ( -1.329545956472398149, 4.799999999999999822, 0.07305563080461459358 ) ) ;
#3231 = CARTESIAN_POINT ( 'NONE',  ( 1.637073493184379558, 4.800000000000000711, 0.3732109503427929464 ) ) ;
#3232 = CARTESIAN_POINT ( 'NONE',  ( -0.5776598351775620310, 4.799949999999999939, 0.2282848121026260779 ) ) ;
#3233 = VERTEX_POINT ( 'NONE', #2569 ) ;
#3234 = CARTESIAN_POINT ( 'NONE',  ( 1.222856148482126315, 4.799949999999941319, 0.01812919223313297704 ) ) ;
#3235 = B_SPLINE_CURVE_WITH_KNOTS ( 'NONE', 3,
 ( #3053, #2706, #1359, #594, #2834, #569, #4727, #210, #645, #2905, #4403, #2490, #3271, #1044 ),
 .UNSPECIFIED., .F., .F.,
 ( 4, 1, 2, 2, 1, 2, 2, 4 ),
 ( 0.0000000000000000000, 0.1249999999999999445, 0.1875000000000002220, 0.2500000000000004996, 0.3750000000000010547, 0.4374999999999956146, 0.4999999999999901190, 1.000000000000000000 ),
 .UNSPECIFIED. ) ;
#3236 = CARTESIAN_POINT ( 'NONE',  ( -2.019343750590045339, 4.799950000000171357, 0.6003227876673596919 ) ) ;
#3237 = DIRECTION ( 'NONE',  ( -1.000000000000000000, 0.0000000000000000000, -0.0000000000000000000 ) ) ;
#3238 = CARTESIAN_POINT ( 'NONE',  ( -1.066678309413574777, 4.799949999999745920, -0.6000448593914643469 ) ) ;
#3239 = ORIENTED_EDGE ( 'NONE', *, *, #376, .T. ) ;
#3240 = CARTESIAN_POINT ( 'NONE',  ( 1.634478085206368725, 4.800000000000000711, 0.2609053794240432378 ) ) ;
#3241 = ORIENTED_EDGE ( 'NONE', *, *, #2442, .T. ) ;
#3242 = ADVANCED_FACE ( 'NONE', ( #3004 ), #2301, .T. ) ;
#3243 = CARTESIAN_POINT ( 'NONE',  ( 0.1225072723260967333, 4.799999999999999822, 1.186769893389443942 ) ) ;
#3244 = B_SPLINE_CURVE_WITH_KNOTS ( 'NONE', 3,
 ( #3941, #577, #3208, #1345 ),
 .UNSPECIFIED., .F., .F.,
 ( 4, 4 ),
 ( 0.0000000000000000000, 1.000000000000000000 ),
 .UNSPECIFIED. ) ;
#3245 = CARTESIAN_POINT ( 'NONE',  ( 0.0000000000000000000, 0.0000000000000000000, 0.0000000000000000000 ) ) ;
#3246 =( NAMED_UNIT ( * ) SI_UNIT ( $, .STERADIAN. ) SOLID_ANGLE_UNIT ( ) );
#3247 = CARTESIAN_POINT ( 'NONE',  ( 0.6814388935315961460, 4.800000000000001599, -0.3391549387807700766 ) ) ;
#3248 = CARTESIAN_POINT ( 'NONE',  ( -0.2375980757054751979, 4.799999999999999822, 1.141443010321796514 ) ) ;
#3249 = EDGE_CURVE ( 'NONE', #139, #893, #4469, .T. ) ;
#3250 = CARTESIAN_POINT ( 'NONE',  ( -0.1009526351775612424, 4.799949999999999939, 0.4733440121026204483 ) ) ;
#3251 = ORIENTED_EDGE ( 'NONE', *, *, #1249, .F. ) ;
#3252 = CARTESIAN_POINT ( 'NONE',  ( 0.1997721736059606679, 4.799999999999999822, -1.385764169858293204 ) ) ;
#3253 = FILL_AREA_STYLE ('',( #4331 ) ) ;
#3254 = CARTESIAN_POINT ( 'NONE',  ( 0.1943131282108838120, 4.800000000000000711, -0.9267732592457381680 ) ) ;
#3255 = B_SPLINE_CURVE_WITH_KNOTS ( 'NONE', 3,
 ( #3349, #2227, #1144, #1557 ),
 .UNSPECIFIED., .F., .F.,
 ( 4, 4 ),
 ( 0.0000000000000000000, 1.000000000000000000 ),
 .UNSPECIFIED. ) ;
#3256 = CARTESIAN_POINT ( 'NONE',  ( 1.130025266129185413, 4.799950000000002603, -0.07263367541392569404 ) ) ;
#3257 = ORIENTED_EDGE ( 'NONE', *, *, #1034, .F. ) ;
#3258 = CARTESIAN_POINT ( 'NONE',  ( -0.2354798624499117865, 4.800000000000000711, -1.549596976427007222 ) ) ;
#3259 = CARTESIAN_POINT ( 'NONE',  ( -0.1081723530100659053, 4.800000000000000711, -1.563347507492351962 ) ) ;
#3260 = PLANE ( 'NONE',  #527 ) ;
#3261 = B_SPLINE_CURVE_WITH_KNOTS ( 'NONE', 3,
 ( #4376, #995, #136, #4671 ),
 .UNSPECIFIED., .F., .F.,
 ( 4, 4 ),
 ( 0.0000000000000000000, 1.000000000000000000 ),
 .UNSPECIFIED. ) ;
#3262 = CARTESIAN_POINT ( 'NONE',  ( -0.1620999575627407874, 4.799999999999999822, 0.02555132796524274205 ) ) ;
#3263 = ORIENTED_EDGE ( 'NONE', *, *, #2941, .T. ) ;
#3264 = LINE ( 'NONE', #1819, #751 ) ;
#3265 = CARTESIAN_POINT ( 'NONE',  ( -2.039546933825456598, 4.800000000000000711, -1.071363971227357048 ) ) ;
#3266 = CARTESIAN_POINT ( 'NONE',  ( 0.2117896034934499405, 4.799999999999999822, -0.7523978132787227935 ) ) ;
#3267 = CARTESIAN_POINT ( 'NONE',  ( 0.6471816828025347412, 4.799999999999999822, 0.3699039023657175185 ) ) ;
#3268 = B_SPLINE_CURVE_WITH_KNOTS ( 'NONE', 3,
 ( #1274, #1642, #798, #4636 ),
 .UNSPECIFIED., .F., .F.,
 ( 4, 4 ),
 ( 0.0000000000000000000, 1.000000000000000000 ),
 .UNSPECIFIED. ) ;
#3269 = EDGE_CURVE ( 'NONE', #3597, #876, #4126, .T. ) ;
#3270 = CARTESIAN_POINT ( 'NONE',  ( -0.4255369655926448669, 4.800000000000001599, -1.311334954317771695 ) ) ;
#3271 = CARTESIAN_POINT ( 'NONE',  ( -2.042392860579936187, 4.800000000000000711, 0.3196409956924602946 ) ) ;
#3272 = VERTEX_POINT ( 'NONE', #721 ) ;
#3273 = SURFACE_STYLE_FILL_AREA ( #2837 ) ;
#3274 = PRODUCT_DEFINITION_CONTEXT ( 'detailed design', #2254, 'design' ) ;
#3275 = STYLED_ITEM ( 'NONE', ( #4175 ), #2913 ) ;
#3276 = CARTESIAN_POINT ( 'NONE',  ( -3.710000000000000409, 0.0000000000000000000, 0.0000000000000000000 ) ) ;
#3277 = EDGE_CURVE ( 'NONE', #3654, #654, #1422, .T. ) ;
#3278 = CARTESIAN_POINT ( 'NONE',  ( -0.2477996152688916043, 4.799999999999999822, 0.01433581045877981713 ) ) ;
#3279 = COLOUR_RGB ( '',0.8274509803921568096, 0.8392156862745098200, 0.8274509803921568096 ) ;
#3280 = DIRECTION ( 'NONE',  ( 0.0000000000000000000, 1.000000000000000000, -0.0000000000000000000 ) ) ;
#3281 = DIRECTION ( 'NONE',  ( 1.000000000000000000, 0.0000000000000000000, 0.0000000000000000000 ) ) ;
#3282 = ORIENTED_EDGE ( 'NONE', *, *, #1088, .T. ) ;
#3283 = CARTESIAN_POINT ( 'NONE',  ( -0.4772790351775385576, 4.799949999999999939, 1.607200012102629527 ) ) ;
#3284 = STYLED_ITEM ( 'NONE', ( #2303 ), #4210 ) ;
#3285 = LINE ( 'NONE', #4391, #996 ) ;
#3286 = ADVANCED_FACE ( 'NONE', ( #380, #1901, #3392, #698, #3025, #2202 ), #3712, .F. ) ;
#3287 = CARTESIAN_POINT ( 'NONE',  ( -0.08052714222957058077, 4.799999999999999822, 0.5447207772641525780 ) ) ;
#3288 = ORIENTED_EDGE ( 'NONE', *, *, #3390, .T. ) ;
#3289 = CARTESIAN_POINT ( 'NONE',  ( -0.1952695620593661863, 4.800000000000000711, -0.4008849678545879924 ) ) ;
#3290 = CARTESIAN_POINT ( 'NONE',  ( -2.040384062357964989, 4.800000000000000711, -1.075480642954931954 ) ) ;
#3291 = CARTESIAN_POINT ( 'NONE',  ( -0.2236417485961243456, 4.800000000000001599, -0.2970780865981337837 ) ) ;
#3292 = CARTESIAN_POINT ( 'NONE',  ( -1.648709559413574777, 4.799949999999987504, -0.8328114035091112033 ) ) ;
#3293 = CARTESIAN_POINT ( 'NONE',  ( -2.031814182400907054, 4.799999999999998934, 0.4611535701662725084 ) ) ;
#3294 = CARTESIAN_POINT ( 'NONE',  ( -0.4137698699246865619, 4.799999999999999822, -1.305093187454084758 ) ) ;
#3295 = B_SPLINE_CURVE_WITH_KNOTS ( 'NONE', 3,
 ( #2477, #4716, #3262, #1742, #4769, #2070, #1396, #3973 ),
 .UNSPECIFIED., .F., .F.,
 ( 4, 2, 2, 4 ),
 ( 0.0000000000000000000, 0.2500000000000002220, 0.5000000000000003331, 1.000000000000000000 ),
 .UNSPECIFIED. ) ;
#3296 = CARTESIAN_POINT ( 'NONE',  ( -0.4526522874127323348, 4.799999999999998934, -1.695101287151961289 ) ) ;
#3297 = ORIENTED_EDGE ( 'NONE', *, *, #4347, .T. ) ;
#3298 = CARTESIAN_POINT ( 'NONE',  ( -1.049357843277563651, 4.800000000000001599, 1.064146768975922974 ) ) ;
#3299 = VERTEX_POINT ( 'NONE', #3148 ) ;
#3300 = CARTESIAN_POINT ( 'NONE',  ( -0.002978399633427166685, 4.800000000000000711, 0.1258082253777516868 ) ) ;
#3301 = CARTESIAN_POINT ( 'NONE',  ( -1.699490809413575221, 4.799999999999999822, 0.6437510964908889077 ) ) ;
#3302 = CARTESIAN_POINT ( 'NONE',  ( -0.09055827748961446655, 4.799999999999999822, 1.319972398321247686 ) ) ;
#3303 = CARTESIAN_POINT ( 'NONE',  ( -0.4392228187376546189, 4.800000000000000711, 0.2069903715420030599 ) ) ;
#3304 = ORIENTED_EDGE ( 'NONE', *, *, #4843, .F. ) ;
#3305 =( NAMED_UNIT ( * ) PLANE_ANGLE_UNIT ( ) SI_UNIT ( $, .RADIAN. ) );
#3306 = CARTESIAN_POINT ( 'NONE',  ( -1.648709559413574777, 4.799949999999987504, -0.009281991744405275122 ) ) ;
#3307 = FILL_AREA_STYLE ('',( #294 ) ) ;
#3308 = EDGE_CURVE ( 'NONE', #893, #4871, #4241, .T. ) ;
#3309 = DIRECTION ( 'NONE',  ( 0.0000000000000000000, -1.624272917581280166E-16, -1.000000000000000000 ) ) ;
#3310 = CARTESIAN_POINT ( 'NONE',  ( -1.043075769856496082, 4.800000000000000711, -0.5058811282114358265 ) ) ;
#3311 = CARTESIAN_POINT ( 'NONE',  ( -2.041371064297625715, 4.799999999999999822, 0.2459791090928442059 ) ) ;
#3312 = B_SPLINE_CURVE_WITH_KNOTS ( 'NONE', 3,
 ( #1865, #1399, #2236, #297, #1062, #2580, #4030, #4421, #1796, #4397, #4468, #638, #4793, #1086 ),
 .UNSPECIFIED., .F., .F.,
 ( 4, 1, 1, 2, 2, 2, 2, 4 ),
 ( 0.0000000000000000000, 0.2499999999999962808, 0.3749999999999936717, 0.4374999999999932276, 0.4999999999999927836, 0.6249999999999945599, 0.7499999999999963363, 1.000000000000000000 ),
 .UNSPECIFIED. ) ;
#3313 = EDGE_CURVE ( 'NONE', #4207, #2930, #2246, .T. ) ;
#3314 = CARTESIAN_POINT ( 'NONE',  ( 0.1050921648224380223, 4.799949999999999939, 0.2047136121026155997 ) ) ;
#3315 = FILL_AREA_STYLE_COLOUR ( '', #4059 ) ;
#3316 = DIRECTION ( 'NONE',  ( 4.824525314441574007E-13, 1.000000000000000000, 8.792748708703658551E-13 ) ) ;
#3317 = CARTESIAN_POINT ( 'NONE',  ( 2.065000000000000391, 4.799999999999999822, 2.064999999999999059 ) ) ;
#3318 = ORIENTED_EDGE ( 'NONE', *, *, #1361, .T. ) ;
#3319 = CARTESIAN_POINT ( 'NONE',  ( 1.594488533490619364, 4.800000000000000711, -0.3474282912786799682 ) ) ;
#3320 = ORIENTED_EDGE ( 'NONE', *, *, #1505, .T. ) ;
#3321 = CARTESIAN_POINT ( 'NONE',  ( -1.460979780001809836, 4.799949999999941319, 0.8213705817850065483 ) ) ;
#3322 = CARTESIAN_POINT ( 'NONE',  ( -2.564999999999999947, 4.799999999999999822, -2.064999999999995062 ) ) ;
#3323 = CARTESIAN_POINT ( 'NONE',  ( -0.3747802925135903518, 4.799999999999999822, -1.526878736557869543 ) ) ;
#3324 = CARTESIAN_POINT ( 'NONE',  ( -1.398786152550829831, 4.799999999999999822, -0.6492176535091110923 ) ) ;
#3325 = FILL_AREA_STYLE_COLOUR ( '', #203 ) ;
#3326 = VERTEX_POINT ( 'NONE', #60 ) ;
#3327 = CARTESIAN_POINT ( 'NONE',  ( 0.05793581772848362121, 4.799999999999999822, -0.4170857243288976224 ) ) ;
#3328 = B_SPLINE_CURVE_WITH_KNOTS ( 'NONE', 3,
 ( #3423, #3790, #40, #1559 ),
 .UNSPECIFIED., .F., .F.,
 ( 4, 4 ),
 ( 0.0000000000000000000, 1.000000000000000000 ),
 .UNSPECIFIED. ) ;
#3329 = CARTESIAN_POINT ( 'NONE',  ( 0.09493216482244458410, 4.799949999999999939, 0.6749184121026150507 ) ) ;
#3330 = VERTEX_POINT ( 'NONE', #110 ) ;
#3331 = VERTEX_POINT ( 'NONE', #1603 ) ;
#3332 = CARTESIAN_POINT ( 'NONE',  ( 0.9843451190703615961, 4.799999999999999822, -0.1594902930609844449 ) ) ;
#3333 = EDGE_CURVE ( 'NONE', #1572, #723, #3120, .T. ) ;
#3334 = CARTESIAN_POINT ( 'NONE',  ( -0.4527538673385917423, 4.800000000000000711, 1.435753004509276121 ) ) ;
#3335 = CARTESIAN_POINT ( 'NONE',  ( 0.008070431784968046598, 4.800000000000001599, -1.529666483762824880 ) ) ;
#3336 = CARTESIAN_POINT ( 'NONE',  ( -2.040137840326615937, 4.800000000000000711, 0.4810191553575857704 ) ) ;
#3337 = DIRECTION ( 'NONE',  ( 0.0000000000000000000, -0.0000000000000000000, 1.000000000000000000 ) ) ;
#3338 = AXIS2_PLACEMENT_3D ( 'NONE', #4596, #3785, #1241 ) ;
#3339 = ORIENTED_EDGE ( 'NONE', *, *, #144, .F. ) ;
#3340 = CARTESIAN_POINT ( 'NONE',  ( 0.005117764822416132064, 4.799949999999999939, -1.268079987897387628 ) ) ;
#3341 = ORIENTED_EDGE ( 'NONE', *, *, #1368, .T. ) ;
#3342 = B_SPLINE_CURVE_WITH_KNOTS ( 'NONE', 3,
 ( #3459, #2195, #3431, #4820, #4225, #1093 ),
 .UNSPECIFIED., .F., .F.,
 ( 4, 2, 4 ),
 ( 0.0000000000000000000, 0.5000000000000000000, 1.000000000000000000 ),
 .UNSPECIFIED. ) ;
#3343 = AXIS2_PLACEMENT_3D ( 'NONE', #1455, #3367, #4140 ) ;
#3344 = LINE ( 'NONE', #4850, #2098 ) ;
#3345 = DIRECTION ( 'NONE',  ( 0.0000000000000000000, 0.0000000000000000000, -1.000000000000000000 ) ) ;
#3346 = CARTESIAN_POINT ( 'NONE',  ( 0.07267337514370313112, 4.800000000000001599, -0.3463552581519465656 ) ) ;
#3347 = CARTESIAN_POINT ( 'NONE',  ( -0.3109983003754540620, 4.799999999999999822, -1.633568786029898412 ) ) ;
#3348 = ORIENTED_EDGE ( 'NONE', *, *, #4425, .F. ) ;
#3349 = CARTESIAN_POINT ( 'NONE',  ( 0.4724777648224109949, 4.799949999999999939, -1.241257587897393933 ) ) ;
#3350 = CARTESIAN_POINT ( 'NONE',  ( -0.4179446351775545354, 4.799949999999999939, 0.6846720121026256267 ) ) ;
#3351 = MECHANICAL_DESIGN_GEOMETRIC_PRESENTATION_REPRESENTATION (  '', ( #1793 ), #3512 ) ;
#3352 = VERTEX_POINT ( 'NONE', #868 ) ;
#3353 = ORIENTED_EDGE ( 'NONE', *, *, #1592, .T. ) ;
#3354 = CARTESIAN_POINT ( 'NONE',  ( -0.1604166597531163085, 4.800000000000001599, -1.229033063286012029 ) ) ;
#3355 = CARTESIAN_POINT ( 'NONE',  ( 3.409999999999998810, 0.2999999999999999334, -3.475000000000000533 ) ) ;
#3356 = VECTOR ( 'NONE', #102, 1000.000000000000000 ) ;
#3357 = CARTESIAN_POINT ( 'NONE',  ( -0.1937147470408083216, 4.799999999999999822, -0.2938504185705733129 ) ) ;
#3358 = CARTESIAN_POINT ( 'NONE',  ( 0.09837994473043305821, 4.799999999999999822, 1.348133763091021953 ) ) ;
#3359 = FACE_OUTER_BOUND ( 'NONE', #1306, .T. ) ;
#3360 = ORIENTED_EDGE ( 'NONE', *, *, #3723, .T. ) ;
#3361 = CARTESIAN_POINT ( 'NONE',  ( -0.5463369257213622765, 4.799999999999999822, 1.398151571420260808 ) ) ;
#3362 = EDGE_LOOP ( 'NONE', ( #4211, #1956, #1560, #3894, #3832 ) ) ;
#3363 = CARTESIAN_POINT ( 'NONE',  ( -3.410000000000000586, 0.2999999999999999334, -3.475000000000000533 ) ) ;
#3364 = EDGE_CURVE ( 'NONE', #4089, #1392, #4004, .T. ) ;
#3365 = ORIENTED_EDGE ( 'NONE', *, *, #1571, .F. ) ;
#3366 = DIRECTION ( 'NONE',  ( -0.0000000000000000000, -1.000000000000000000, 1.314184451497581259E-16 ) ) ;
#3367 = DIRECTION ( 'NONE',  ( -0.0000000000000000000, -1.000000000000000000, -0.0000000000000000000 ) ) ;
#3368 = FACE_OUTER_BOUND ( 'NONE', #4395, .T. ) ;
#3369 = ORIENTED_EDGE ( 'NONE', *, *, #690, .T. ) ;
#3370 = CARTESIAN_POINT ( 'NONE',  ( -1.081755523850062239, 4.800000000000000711, -0.3715508838903843203 ) ) ;
#3371 = CARTESIAN_POINT ( 'NONE',  ( -0.01984986003749844227, 4.799999999999999822, -0.4572537802688848019 ) ) ;
#3372 = B_SPLINE_CURVE_WITH_KNOTS ( 'NONE', 3,
 ( #2354, #1607, #3106, #895, #819, #1199 ),
 .UNSPECIFIED., .F., .F.,
 ( 4, 2, 4 ),
 ( 0.0000000000000000000, 0.5000000000000000000, 1.000000000000000000 ),
 .UNSPECIFIED. ) ;
#3373 = ORIENTED_EDGE ( 'NONE', *, *, #2831, .T. ) ;
#3374 =( NAMED_UNIT ( * ) PLANE_ANGLE_UNIT ( ) SI_UNIT ( $, .RADIAN. ) );
#3375 = VERTEX_POINT ( 'NONE', #138 ) ;
#3376 = CARTESIAN_POINT ( 'NONE',  ( -0.1940182351775499581, 4.799949999999999939, 1.112204812102622231 ) ) ;
#3377 = CARTESIAN_POINT ( 'NONE',  ( -0.2159638351775655940, 4.799949999999999939, -0.1008991878973789641 ) ) ;
#3378 = CARTESIAN_POINT ( 'NONE',  ( 0.1472928579068046584, 4.800000000000000711, -1.104378312805141205 ) ) ;
#3379 = PLANE ( 'NONE',  #2886 ) ;
#3380 = CARTESIAN_POINT ( 'NONE',  ( 0.6456450052279272267, 4.799999999999998934, -0.2219584021848630129 ) ) ;
#3381 = CARTESIAN_POINT ( 'NONE',  ( -2.040971049230588363, 4.800000000000001599, -0.2556112124581714773 ) ) ;
#3382 = EDGE_CURVE ( 'NONE', #4121, #2105, #106, .T. ) ;
#3383 = ORIENTED_EDGE ( 'NONE', *, *, #3097, .F. ) ;
#3384 = CARTESIAN_POINT ( 'NONE',  ( 1.285049775933106764, 4.799999999999999822, 0.1945997804684271582 ) ) ;
#3385 = ORIENTED_EDGE ( 'NONE', *, *, #2672, .T. ) ;
#3386 = CARTESIAN_POINT ( 'NONE',  ( -1.198112132942986463, 4.799999999999999822, -0.1510558888032287050 ) ) ;
#3387 = EDGE_LOOP ( 'NONE', ( #3226, #2478, #4694, #2883 ) ) ;
#3388 = CARTESIAN_POINT ( 'NONE',  ( 0.1903599419035919005, 4.800000000000001599, -1.032030638893932428 ) ) ;
#3389 = SURFACE_STYLE_USAGE ( .BOTH. , #4457 ) ;
#3390 = EDGE_CURVE ( 'NONE', #2096, #3732, #3887, .T. ) ;
#3391 = B_SPLINE_CURVE_WITH_KNOTS ( 'NONE', 3,
 ( #675, #2546, #4043, #2181, #3673, #290, #722, #4828, #407, #768, #1926, #3738, #4552, #4164, #1105 ),
 .UNSPECIFIED., .F., .F.,
 ( 4, 1, 1, 2, 2, 1, 2, 2, 4 ),
 ( 0.0000000000000000000, 0.2499999999999993339, 0.3750000000000022760, 0.4374999999999998890, 0.4999999999999975020, 0.6249999999999956701, 0.6874999999999977796, 0.7499999999999997780, 1.000000000000000000 ),
 .UNSPECIFIED. ) ;
#3392 = FACE_BOUND ( 'NONE', #1429, .T. ) ;
#3393 = ORIENTED_EDGE ( 'NONE', *, *, #4247, .T. ) ;
#3394 = CARTESIAN_POINT ( 'NONE',  ( 0.2139158568377120817, 4.800000000000000711, -0.4580997095393736784 ) ) ;
#3395 = ORIENTED_EDGE ( 'NONE', *, *, #1335, .T. ) ;
#3396 = CARTESIAN_POINT ( 'NONE',  ( 0.2131945648224213841, 4.799949999999999939, -0.7007455878973880559 ) ) ;
#3397 = CARTESIAN_POINT ( 'NONE',  ( -0.2223311619174433429, 4.799999999999998934, 0.6646662318242404499 ) ) ;
#3398 = EDGE_CURVE ( 'NONE', #2167, #1412, #2395, .T. ) ;
#3399 = EDGE_LOOP ( 'NONE', ( #1450, #112, #3341, #4118 ) ) ;
#3400 = VERTEX_POINT ( 'NONE', #3544 ) ;
#3401 = B_SPLINE_CURVE_WITH_KNOTS ( 'NONE', 3,
 ( #2551, #4438, #609, #4791 ),
 .UNSPECIFIED., .F., .F.,
 ( 4, 4 ),
 ( 0.0000000000000000000, 1.000000000000000000 ),
 .UNSPECIFIED. ) ;
#3402 = CARTESIAN_POINT ( 'NONE',  ( -0.1635560045874258073, 4.799999999999999822, 1.131195948459655654 ) ) ;
#3403 = CARTESIAN_POINT ( 'NONE',  ( -2.043011030001809392, 4.799950000000211325, -0.2985742711561698015 ) ) ;
#3404 = CARTESIAN_POINT ( 'NONE',  ( -0.09810783517755562733, 4.799949999999999939, 0.8610496121026193217 ) ) ;
#3405 = CARTESIAN_POINT ( 'NONE',  ( -2.041371064297627047, 4.800000000000000711, -0.5775503026718372679 ) ) ;
#3406 = CARTESIAN_POINT ( 'NONE',  ( -2.013779104317277913, 4.799999999999999822, -0.4682904426884061944 ) ) ;
#3407 = CARTESIAN_POINT ( 'NONE',  ( -2.040384062357964989, 4.800000000000002487, -0.2519512311902228352 ) ) ;
#3408 = B_SPLINE_CURVE_WITH_KNOTS ( 'NONE', 3,
 ( #2798, #1328, #963, #2456, #3947, #586, #2091, #1294, #874, #2818, #1686, #524, #3503, #120, #1638, #2015, #1987 ),
 .UNSPECIFIED., .F., .F.,
 ( 4, 1, 1, 1, 2, 2, 1, 1, 2, 2, 4 ),
 ( 0.0000000000000000000, 0.2499999999999992228, 0.3749999999999983347, 0.4374999999999980016, 0.4687499999999978351, 0.4999999999999976685, 0.6249999999999976685, 0.6874999999999978906, 0.7187499999999981126, 0.7499999999999983347, 1.000000000000000000 ),
 .UNSPECIFIED. ) ;
#3409 = VERTEX_POINT ( 'NONE', #1555 ) ;
#3410 = CARTESIAN_POINT ( 'NONE',  ( 0.02224580134016858335, 4.800000000000001599, -1.251120962211728083 ) ) ;
#3411 = ORIENTED_EDGE ( 'NONE', *, *, #346, .T. ) ;
#3412 = VECTOR ( 'NONE', #3309, 1000.000000000000000 ) ;
#3413 = PRESENTATION_STYLE_ASSIGNMENT (( #2274 ) ) ;
#3414 = ORIENTED_EDGE ( 'NONE', *, *, #757, .F. ) ;
#3415 = CARTESIAN_POINT ( 'NONE',  ( -0.4711830351775917469, 4.799949999999999939, -1.469654387897377346 ) ) ;
#3416 = CARTESIAN_POINT ( 'NONE',  ( 0.1376041648224399228, 4.799949999999999939, 0.3823104121026146274 ) ) ;
#3417 =( GEOMETRIC_REPRESENTATION_CONTEXT ( 3 ) GLOBAL_UNCERTAINTY_ASSIGNED_CONTEXT ( ( #3918 ) ) GLOBAL_UNIT_ASSIGNED_CONTEXT ( ( #1310, #3618, #3246 ) ) REPRESENTATION_CONTEXT ( 'NONE', 'WORKASPACE' ) );
#3418 = CARTESIAN_POINT ( 'NONE',  ( -0.3919350351775530150, 4.799949999999999939, 0.6480960121026247966 ) ) ;
#3419 = CARTESIAN_POINT ( 'NONE',  ( -0.4340379017020676855, 4.800000000000000711, -1.682016718601159866 ) ) ;
#3420 = CARTESIAN_POINT ( 'NONE',  ( 0.4074537648224088038, 4.799949999999999939, -1.327414387897394521 ) ) ;
#3421 = EDGE_CURVE ( 'NONE', #2345, #4595, #3235, .T. ) ;
#3422 = B_SPLINE_CURVE_WITH_KNOTS ( 'NONE', 3,
 ( #1691, #2845, #1613, #3970, #3213, #557, #1720, #3899, #4338, #2796, #934, #607, #4269, #2090 ),
 .UNSPECIFIED., .F., .F.,
 ( 4, 1, 2, 2, 1, 2, 2, 4 ),
 ( 0.0000000000000000000, 0.1249999999999979461, 0.1874999999999966416, 0.2499999999999953371, 0.3749999999999927280, 0.4374999999999945044, 0.4999999999999963363, 1.000000000000000000 ),
 .UNSPECIFIED. ) ;
#3423 = CARTESIAN_POINT ( 'NONE',  ( 0.1168777648224185450, 4.799949999999999939, -0.7946239878973861970 ) ) ;
#3424 = VERTEX_POINT ( 'NONE', #4778 ) ;
#3425 = CARTESIAN_POINT ( 'NONE',  ( 3.799999999999998934, 0.0000000000000000000, -1.123202250632464821E-17 ) ) ;
#3426 = ORIENTED_EDGE ( 'NONE', *, *, #4637, .T. ) ;
#3427 = EDGE_CURVE ( 'NONE', #3133, #4881, #2997, .T. ) ;
#3428 = VECTOR ( 'NONE', #1837, 1000.000000000000000 ) ;
#3429 = LINE ( 'NONE', #3506, #1696 ) ;
#3430 = CARTESIAN_POINT ( 'NONE',  ( -0.4691510351775996512, 4.799949999999999939, -1.538742387897376940 ) ) ;
#3431 = CARTESIAN_POINT ( 'NONE',  ( 0.09388862254726636214, 4.799999999999999822, 1.254383800518651837 ) ) ;
#3432 = MECHANICAL_DESIGN_GEOMETRIC_PRESENTATION_REPRESENTATION (  '', ( #2498 ), #2265 ) ;
#3433 = CARTESIAN_POINT ( 'NONE',  ( -1.047423278596484764, 4.799999999999998934, 0.3556920080824940156 ) ) ;
#3434 = SURFACE_SIDE_STYLE ('',( #4198 ) ) ;
#3435 = EDGE_CURVE ( 'NONE', #1738, #318, #1718, .T. ) ;
#3436 = CARTESIAN_POINT ( 'NONE',  ( -1.550593750590045783, 4.799949999999925332, 0.08308933178500671479 ) ) ;
#3437 = DIRECTION ( 'NONE',  ( 0.0000000000000000000, 1.000000000000000000, 0.0000000000000000000 ) ) ;
#3438 = VERTEX_POINT ( 'NONE', #4326 ) ;
#3439 = FACE_OUTER_BOUND ( 'NONE', #1427, .T. ) ;
#3440 =( GEOMETRIC_REPRESENTATION_CONTEXT ( 3 ) GLOBAL_UNCERTAINTY_ASSIGNED_CONTEXT ( ( #3474 ) ) GLOBAL_UNIT_ASSIGNED_CONTEXT ( ( #1156, #2288, #2581 ) ) REPRESENTATION_CONTEXT ( 'NONE', 'WORKASPACE' ) );
#3441 = ORIENTED_EDGE ( 'NONE', *, *, #137, .T. ) ;
#3442 = CARTESIAN_POINT ( 'NONE',  ( 0.1632073648224190987, 4.799949999999999939, -0.8409535878973875000 ) ) ;
#3443 = VERTEX_POINT ( 'NONE', #1778 ) ;
#3444 = PRESENTATION_STYLE_ASSIGNMENT (( #4550 ) ) ;
#3445 = CARTESIAN_POINT ( 'NONE',  ( -0.1222581313848178503, 4.800000000000001599, 0.1536163208320380225 ) ) ;
#3446 = CARTESIAN_POINT ( 'NONE',  ( -0.5728451910875963504, 4.799999999999999822, 1.595716912251334829 ) ) ;
#3447 =( LENGTH_UNIT ( ) NAMED_UNIT ( * ) SI_UNIT ( .MILLI., .METRE. ) );
#3448 = ORIENTED_EDGE ( 'NONE', *, *, #4188, .T. ) ;
#3449 = B_SPLINE_CURVE_WITH_KNOTS ( 'NONE', 3,
 ( #601, #1318, #4017, #4708 ),
 .UNSPECIFIED., .F., .F.,
 ( 4, 4 ),
 ( 0.0000000000000000000, 1.000000000000000000 ),
 .UNSPECIFIED. ) ;
#3450 = CARTESIAN_POINT ( 'NONE',  ( 0.1747707148224071638, 4.799999999999999822, -1.579956560058514814 ) ) ;
#3451 = CARTESIAN_POINT ( 'NONE',  ( -0.1602870351775382285, 4.799949999999999939, 1.776668812102623285 ) ) ;
#3452 = ORIENTED_EDGE ( 'NONE', *, *, #3068, .F. ) ;
#3453 = CARTESIAN_POINT ( 'NONE',  ( -0.3801114169903109241, 4.799999999999999822, 0.2785057670341787861 ) ) ;
#3454 = CARTESIAN_POINT ( 'NONE',  ( -0.3179702351775743341, 4.799999999999999822, -0.3287433162147888055 ) ) ;
#3455 = ORIENTED_EDGE ( 'NONE', *, *, #2125, .F. ) ;
#3456 = DIRECTION ( 'NONE',  ( 1.000000000000000000, 0.0000000000000000000, -0.0000000000000000000 ) ) ;
#3457 = DIRECTION ( 'NONE',  ( 0.0000000000000000000, 1.000000000000000000, 0.0000000000000000000 ) ) ;
#3458 = EDGE_CURVE ( 'NONE', #4461, #2519, #3700, .T. ) ;
#3459 = CARTESIAN_POINT ( 'NONE',  ( 0.07948896482245190742, 4.799949999999999939, 1.262572812102618514 ) ) ;
#3460 = B_SPLINE_CURVE_WITH_KNOTS ( 'NONE', 3,
 ( #507, #3466, #2029, #537 ),
 .UNSPECIFIED., .F., .F.,
 ( 4, 4 ),
 ( 0.0000000000000000000, 1.000000000000000000 ),
 .UNSPECIFIED. ) ;
#3461 = CARTESIAN_POINT ( 'NONE',  ( 3.799999999999998934, -0.09999999999999982514, 1.334999999999998854 ) ) ;
#3462 = CARTESIAN_POINT ( 'NONE',  ( 0.2168521648224352449, 4.799949999999999939, 0.1063648121026128657 ) ) ;
#3463 = CARTESIAN_POINT ( 'NONE',  ( 0.1367913648224021450, 4.799999999999999822, -1.675660483135484657 ) ) ;
#3464 = EDGE_CURVE ( 'NONE', #3577, #1479, #4287, .T. ) ;
#3465 = ORIENTED_EDGE ( 'NONE', *, *, #752, .T. ) ;
#3466 = CARTESIAN_POINT ( 'NONE',  ( -1.697346201570437918, 4.799999999999999822, -0.6533536829208758112 ) ) ;
#3467 = ORIENTED_EDGE ( 'NONE', *, *, #3640, .F. ) ;
#3468 = CARTESIAN_POINT ( 'NONE',  ( 0.1573545445961262723, 4.800000000000000711, -0.8478539989791515907 ) ) ;
#3469 = ORIENTED_EDGE ( 'NONE', *, *, #1869, .F. ) ;
#3470 = CARTESIAN_POINT ( 'NONE',  ( 0.1432937648224337501, 4.799949999999999939, 0.05028161210261479497 ) ) ;
#3471 = CARTESIAN_POINT ( 'NONE',  ( 0.6454509990785710638, 4.800000000000001599, -0.3297236263581518889 ) ) ;
#3472 = CARTESIAN_POINT ( 'NONE',  ( 0.07243151073258616290, 4.800000000000000711, -0.5619036066360584281 ) ) ;
#3473 = VERTEX_POINT ( 'NONE', #3593 ) ;
#3474 = UNCERTAINTY_MEASURE_WITH_UNIT (LENGTH_MEASURE( 1.000000000000000082E-05 ), #1156, 'distance_accuracy_value', 'NONE');
#3475 = CARTESIAN_POINT ( 'NONE',  ( 0.1197123194594405388, 4.800000000000000711, -1.547281050316958284 ) ) ;
#3476 = CARTESIAN_POINT ( 'NONE',  ( -0.1580523468324772085, 4.799999999999999822, 1.611134184051377538 ) ) ;
#3477 = ORIENTED_EDGE ( 'NONE', *, *, #4151, .T. ) ;
#3478 = CARTESIAN_POINT ( 'NONE',  ( -0.1610998351775933535, 4.799949999999999939, -1.570441587897383418 ) ) ;
#3479 = CARTESIAN_POINT ( 'NONE',  ( 1.650000000000001021, -0.09999999999999988065, -1.335000000000000187 ) ) ;
#3480 = EDGE_LOOP ( 'NONE', ( #522, #3530, #3976, #1438, #3021, #2929, #4112, #4567, #423, #3883, #4148, #795, #3304, #3467, #219, #94 ) ) ;
#3481 = CARTESIAN_POINT ( 'NONE',  ( 0.1909845576317370230, 4.799999999999999822, 1.495615645762561119 ) ) ;
#3482 = EDGE_CURVE ( 'NONE', #4576, #1633, #4231, .T. ) ;
#3483 = PLANE ( 'NONE',  #832 ) ;
#3484 = CARTESIAN_POINT ( 'NONE',  ( 0.06692815421550317445, 4.800000000000000711, 1.267164534633064665 ) ) ;
#3485 = CARTESIAN_POINT ( 'NONE',  ( 0.3804528582708389117, 4.800000000000000711, -1.342691216604203097 ) ) ;
#3486 = CARTESIAN_POINT ( 'NONE',  ( -0.3406966713730246732, 4.799999999999998934, -1.725861629058924596 ) ) ;
#3487 = EDGE_CURVE ( 'NONE', #91, #3765, #284, .T. ) ;
#3488 = CARTESIAN_POINT ( 'NONE',  ( 0.1823081648224429696, 4.799949999999999939, 0.3221632121026150597 ) ) ;
#3489 = ORIENTED_EDGE ( 'NONE', *, *, #4484, .F. ) ;
#3490 = CARTESIAN_POINT ( 'NONE',  ( 0.1367913648223986756, 4.799949999999999939, -2.034550387897389179 ) ) ;
#3491 = CARTESIAN_POINT ( 'NONE',  ( -1.895799020197888485, 4.799999999999999822, 0.6716309984516732889 ) ) ;
#3492 = EDGE_CURVE ( 'NONE', #1479, #1397, #4819, .T. ) ;
#3493 = CARTESIAN_POINT ( 'NONE',  ( -0.5922902351775602980, 4.799949999999999939, 0.2827424121026270720 ) ) ;
#3494 = CARTESIAN_POINT ( 'NONE',  ( 0.009541828844652395364, 4.799999999999999822, 0.2266766188207571808 ) ) ;
#3495 = CARTESIAN_POINT ( 'NONE',  ( -0.5695318351775450205, 4.799949999999999939, 1.427977612102630189 ) ) ;
#3496 = VERTEX_POINT ( 'NONE', #1680 ) ;
#3497 = CARTESIAN_POINT ( 'NONE',  ( -1.895799020197888485, 4.799999999999999822, -0.9754278250777387305 ) ) ;
#3498 = ORIENTED_EDGE ( 'NONE', *, *, #1029, .F. ) ;
#3499 = EDGE_CURVE ( 'NONE', #374, #4657, #4518, .T. ) ;
#3500 = LINE ( 'NONE', #4167, #2329 ) ;
#3501 = CARTESIAN_POINT ( 'NONE',  ( -0.07946202828064277690, 4.799999999999999822, 1.782886387665243211 ) ) ;
#3502 = ORIENTED_EDGE ( 'NONE', *, *, #4533, .T. ) ;
#3503 = CARTESIAN_POINT ( 'NONE',  ( 0.2328270637392704789, 4.800000000000000711, -1.157124342906610925 ) ) ;
#3504 = SURFACE_SIDE_STYLE ('',( #4610 ) ) ;
#3505 = ORIENTED_EDGE ( 'NONE', *, *, #4877, .T. ) ;
#3506 = CARTESIAN_POINT ( 'NONE',  ( 3.409999999999999698, 4.790000000000000036, 3.474999999999999645 ) ) ;
#3507 = PRESENTATION_LAYER_ASSIGNMENT (  '', '', ( #1235 ) ) ;
#3508 = PRESENTATION_STYLE_ASSIGNMENT (( #3160 ) ) ;
#3509 = CARTESIAN_POINT ( 'NONE',  ( 0.1294761648224125594, 4.799949999999999939, -1.237599987897385567 ) ) ;
#3510 = SURFACE_STYLE_USAGE ( .BOTH. , #883 ) ;
#3511 = DIRECTION ( 'NONE',  ( 1.624272917581280413E-16, 0.0000000000000000000, -1.000000000000000000 ) ) ;
#3512 =( GEOMETRIC_REPRESENTATION_CONTEXT ( 3 ) GLOBAL_UNCERTAINTY_ASSIGNED_CONTEXT ( ( #3624 ) ) GLOBAL_UNIT_ASSIGNED_CONTEXT ( ( #2758, #1288, #86 ) ) REPRESENTATION_CONTEXT ( 'NONE', 'WORKASPACE' ) );
#3513 = ORIENTED_EDGE ( 'NONE', *, *, #1481, .T. ) ;
#3514 = CARTESIAN_POINT ( 'NONE',  ( 0.03478496482244020083, 4.799949999999999939, 0.4900064121026175279 ) ) ;
#3515 = CARTESIAN_POINT ( 'NONE',  ( 0.1636669072265765912, 4.800000000000000711, -1.447743321360066782 ) ) ;
#3516 =( GEOMETRIC_REPRESENTATION_CONTEXT ( 3 ) GLOBAL_UNCERTAINTY_ASSIGNED_CONTEXT ( ( #3961 ) ) GLOBAL_UNIT_ASSIGNED_CONTEXT ( ( #3847, #3529, #192 ) ) REPRESENTATION_CONTEXT ( 'NONE', 'WORKASPACE' ) );
#3517 = VERTEX_POINT ( 'NONE', #3200 ) ;
#3518 = CARTESIAN_POINT ( 'NONE',  ( -2.064999999999995062, 4.799999999999999822, 2.564999999999999503 ) ) ;
#3519 = CARTESIAN_POINT ( 'NONE',  ( 0.1203698591940869644, 4.799999999999998934, 0.3330409711359776370 ) ) ;
#3520 = MECHANICAL_DESIGN_GEOMETRIC_PRESENTATION_REPRESENTATION (  '', ( #3831 ), #443 ) ;
#3521 = ORIENTED_EDGE ( 'NONE', *, *, #3808, .F. ) ;
#3522 = EDGE_CURVE ( 'NONE', #494, #4546, #2237, .T. ) ;
#3523 = PRESENTATION_STYLE_ASSIGNMENT (( #2059 ) ) ;
#3524 = ORIENTED_EDGE ( 'NONE', *, *, #4302, .T. ) ;
#3525 = CARTESIAN_POINT ( 'NONE',  ( 0.3190224027387176253, 4.800000000000000711, -1.300643888155793793 ) ) ;
#3526 = CARTESIAN_POINT ( 'NONE',  ( 0.1294761648224403150, 4.799949999999999939, 0.4526176121026172505 ) ) ;
#3527 = ORIENTED_EDGE ( 'NONE', *, *, #2207, .T. ) ;
#3528 = SURFACE_STYLE_FILL_AREA ( #3134 ) ;
#3529 =( NAMED_UNIT ( * ) PLANE_ANGLE_UNIT ( ) SI_UNIT ( $, .RADIAN. ) );
#3530 = ORIENTED_EDGE ( 'NONE', *, *, #2269, .F. ) ;
#3531 = CARTESIAN_POINT ( 'NONE',  ( 0.2168521648224352449, 4.799949999999999939, 0.1063648121026128657 ) ) ;
#3532 = CARTESIAN_POINT ( 'NONE',  ( -2.039113777248817261, 4.800000000000001599, -0.3471763944130069057 ) ) ;
#3533 = PRESENTATION_STYLE_ASSIGNMENT (( #558 ) ) ;
#3534 = CARTESIAN_POINT ( 'NONE',  ( 0.1323209648224597523, 4.799949999999999939, 1.550710412102620950 ) ) ;
#3535 = CARTESIAN_POINT ( 'NONE',  ( 0.2108584480709170261, 4.799999999999999822, -0.01245277491441111432 ) ) ;
#3536 = DIRECTION ( 'NONE',  ( -1.000000000000000000, 0.0000000000000000000, 1.248002500702738800E-16 ) ) ;
#3537 = CARTESIAN_POINT ( 'NONE',  ( 0.1080225227171843633, 4.799999999999999822, 0.8336008060875790271 ) ) ;
#3538 = ORIENTED_EDGE ( 'NONE', *, *, #3158, .T. ) ;
#3539 = CARTESIAN_POINT ( 'NONE',  ( 0.1095625648224445581, 4.799949999999999939, 0.7366912121026160110 ) ) ;
#3540 = CARTESIAN_POINT ( 'NONE',  ( 0.1404662357507216741, 4.799999999999999822, -1.484171341940023092 ) ) ;
#3541 = FACE_OUTER_BOUND ( 'NONE', #2058, .T. ) ;
#3542 = ADVANCED_FACE ( 'NONE', ( #2928 ), #1182, .T. ) ;
#3543 = CARTESIAN_POINT ( 'NONE',  ( -1.044748025327089547, 4.800000000000000711, -1.176761255093600855 ) ) ;
#3544 = CARTESIAN_POINT ( 'NONE',  ( 3.709999999999999076, 0.0000000000000000000, -3.175000000000000711 ) ) ;
#3545 = ORIENTED_EDGE ( 'NONE', *, *, #2409, .T. ) ;
#3546 = CYLINDRICAL_SURFACE ( 'NONE', #2121, 0.2999999999999999334 ) ;
#3547 = ORIENTED_EDGE ( 'NONE', *, *, #3164, .T. ) ;
#3548 = CARTESIAN_POINT ( 'NONE',  ( 3.799999999999998934, 3.299999999999999822, -1.335000000000000631 ) ) ;
#3549 = EDGE_CURVE ( 'NONE', #3000, #4474, #4060, .T. ) ;
#3550 = CARTESIAN_POINT ( 'NONE',  ( -0.09346189817823330470, 4.799999999999999822, -0.02737673863444003292 ) ) ;
#3551 = ORIENTED_EDGE ( 'NONE', *, *, #1243, .F. ) ;
#3552 = CARTESIAN_POINT ( 'NONE',  ( -0.4412967232714277155, 4.800000000000001599, 0.2581782135835339886 ) ) ;
#3553 = CARTESIAN_POINT ( 'NONE',  ( -1.066678309413574777, 4.799949999999745920, 1.047013964137947672 ) ) ;
#3554 = ORIENTED_EDGE ( 'NONE', *, *, #204, .F. ) ;
#3555 = CARTESIAN_POINT ( 'NONE',  ( -0.01154463517759503517, 4.799949999999999939, -1.615145587897386603 ) ) ;
#3556 = FILL_AREA_STYLE_COLOUR ( '', #1464 ) ;
#3557 = CARTESIAN_POINT ( 'NONE',  ( -0.5057270351775597916, 4.799949999999999939, 0.2957472121026258893 ) ) ;
#3558 =( NAMED_UNIT ( * ) SI_UNIT ( $, .STERADIAN. ) SOLID_ANGLE_UNIT ( ) );
#3559 = B_SPLINE_CURVE_WITH_KNOTS ( 'NONE', 3,
 ( #521, #733, #3132, #2331, #340, #3818, #4579, #1960, #4631 ),
 .UNSPECIFIED., .F., .F.,
 ( 4, 1, 2, 2, 4 ),
 ( 0.0000000000000000000, 0.2499999999999983347, 0.3749999999999983902, 0.4999999999999986677, 1.000000000000000000 ),
 .UNSPECIFIED. ) ;
#3560 = CARTESIAN_POINT ( 'NONE',  ( -0.05990499407385746489, 4.799999999999999822, -0.06181733912493895394 ) ) ;
#3561 = CARTESIAN_POINT ( 'NONE',  ( -0.3017142351775733977, 4.799949999999999939, -0.3841599878973788185 ) ) ;
#3562 = CARTESIAN_POINT ( 'NONE',  ( 0.1246471883576633910, 4.799999999999999822, 1.521243110477803251 ) ) ;
#3563 = ORIENTED_EDGE ( 'NONE', *, *, #877, .F. ) ;
#3564 = DIRECTION ( 'NONE',  ( -0.0000000000000000000, -1.000000000000000000, -0.0000000000000000000 ) ) ;
#3565 = ORIENTED_EDGE ( 'NONE', *, *, #21, .T. ) ;
#3566 = CARTESIAN_POINT ( 'NONE',  ( -0.4179446351775598090, 4.799949999999999939, 0.6058304121026250044 ) ) ;
#3567 = CARTESIAN_POINT ( 'NONE',  ( -0.3875408078996360750, 4.799999999999999822, -1.365332583685624934 ) ) ;
#3568 = LINE ( 'NONE', #3619, #1620 ) ;
#3569 = CARTESIAN_POINT ( 'NONE',  ( -0.1615062351775400085, 4.800000000000001599, 1.490219936909807252 ) ) ;
#3570 = ORIENTED_EDGE ( 'NONE', *, *, #4093, .F. ) ;
#3571 = CARTESIAN_POINT ( 'NONE',  ( -0.1851748026519547674, 4.799999999999998934, 0.3904465304877068332 ) ) ;
#3572 = VERTEX_POINT ( 'NONE', #447 ) ;
#3573 = UNCERTAINTY_MEASURE_WITH_UNIT (LENGTH_MEASURE( 1.000000000000000082E-05 ), #1076, 'distance_accuracy_value', 'NONE');
#3574 = SURFACE_SIDE_STYLE ('',( #2135 ) ) ;
#3575 = CARTESIAN_POINT ( 'NONE',  ( -0.5695318351775450205, 4.799949999999999939, 1.427977612102630189 ) ) ;
#3576 = CARTESIAN_POINT ( 'NONE',  ( -0.1477558760866855003, 4.800000000000001599, 1.289877229901672751 ) ) ;
#3577 = VERTEX_POINT ( 'NONE', #1449 ) ;
#3578 = EDGE_CURVE ( 'NONE', #2881, #464, #3342, .T. ) ;
#3579 = PLANE ( 'NONE',  #4439 ) ;
#3580 = STYLED_ITEM ( 'NONE', ( #2826 ), #1104 ) ;
#3581 = DIRECTION ( 'NONE',  ( 0.0000000000000000000, -0.0000000000000000000, 1.000000000000000000 ) ) ;
#3582 = EDGE_CURVE ( 'NONE', #1595, #2167, #691, .T. ) ;
#3583 = B_SPLINE_CURVE_WITH_KNOTS ( 'NONE', 3,
 ( #4173, #1940, #801, #328, #24, #2313, #3663, #4561, #3798, #48, #1566 ),
 .UNSPECIFIED., .F., .F.,
 ( 4, 2, 1, 2, 2, 4 ),
 ( 0.0000000000000000000, 0.2499999999999951150, 0.3749999999999932276, 0.4374999999999922839, 0.4999999999999913403, 1.000000000000000000 ),
 .UNSPECIFIED. ) ;
#3584 = VECTOR ( 'NONE', #3457, 1000.000000000000000 ) ;
#3585 = CARTESIAN_POINT ( 'NONE',  ( -2.042042860029837037, 4.800000000000000711, -1.152259215442318796 ) ) ;
#3586 = CARTESIAN_POINT ( 'NONE',  ( -0.1021718351775745270, 4.799949999999999939, -0.4008223878973817822 ) ) ;
#3587 = VECTOR ( 'NONE', #1436, 1000.000000000000000 ) ;
#3588 = ORIENTED_EDGE ( 'NONE', *, *, #4055, .T. ) ;
#3589 = CARTESIAN_POINT ( 'NONE',  ( 0.1977513648224078491, 4.799949999999999939, -1.639935987897390923 ) ) ;
#3590 = CARTESIAN_POINT ( 'NONE',  ( -2.019343750590045339, 4.799949999999983064, 1.029780508255594640 ) ) ;
#3591 = CARTESIAN_POINT ( 'NONE',  ( -0.006481875408066078113, 4.799999999999999822, 0.9502768527369337415 ) ) ;
#3592 = CARTESIAN_POINT ( 'NONE',  ( 0.02125193806013677550, 4.799999999999999822, -1.373501776873675029 ) ) ;
#3593 = CARTESIAN_POINT ( 'NONE',  ( 3.709999999999999964, 3.299999999999999378, 1.334999999999999298 ) ) ;
#3594 = ORIENTED_EDGE ( 'NONE', *, *, #3364, .T. ) ;
#3595 = CARTESIAN_POINT ( 'NONE',  ( -1.043027111949361929, 4.800000000000002487, 1.107323978747534632 ) ) ;
#3596 = STYLED_ITEM ( 'NONE', ( #3523 ), #4242 ) ;
#3597 = VERTEX_POINT ( 'NONE', #1542 ) ;
#3598 = SURFACE_STYLE_USAGE ( .BOTH. , #2199 ) ;
#3599 = CARTESIAN_POINT ( 'NONE',  ( -0.2929800244110762342, 4.799999999999998934, 0.4301578216595659532 ) ) ;
#3600 = CARTESIAN_POINT ( 'NONE',  ( -1.460979780001809836, 4.799949999999941319, -0.002158829979699106259 ) ) ;
#3601 = STYLED_ITEM ( 'NONE', ( #2993 ), #4699 ) ;
#3602 = CARTESIAN_POINT ( 'NONE',  ( -1.550593750590045783, 4.799949999999925332, 0.08308933178500671479 ) ) ;
#3603 = CARTESIAN_POINT ( 'NONE',  ( -0.1257430351775702670, 4.799949999999999939, -0.1208127878973811187 ) ) ;
#3604 = VERTEX_POINT ( 'NONE', #3087 ) ;
#3605 = B_SPLINE_CURVE_WITH_KNOTS ( 'NONE', 3,
 ( #1040, #2853, #2513, #3639, #4008, #1749, #2485, #640, #252, #3267, #4776, #2535, #2171, #2925 ),
 .UNSPECIFIED., .F., .F.,
 ( 4, 1, 2, 2, 1, 2, 2, 4 ),
 ( 0.0000000000000000000, 0.1249999999999943379, 0.1874999999999931166, 0.2499999999999918954, 0.3749999999999894529, 0.4374999999999896749, 0.4999999999999898970, 1.000000000000000000 ),
 .UNSPECIFIED. ) ;
#3606 = CARTESIAN_POINT ( 'NONE',  ( -2.013707040441439222, 4.800000000000001599, 1.178839601709678719 ) ) ;
#3607 = CARTESIAN_POINT ( 'NONE',  ( -0.1385298589285623716, 4.800000000000000711, 0.5309477423893090853 ) ) ;
#3608 = DIRECTION ( 'NONE',  ( 0.0000000000000000000, 1.000000000000000000, 0.0000000000000000000 ) ) ;
#3609 =( BOUNDED_CURVE ( )  B_SPLINE_CURVE ( 3, ( #799, #2312, #3797, #4172 ),
 .UNSPECIFIED., .F., .T. ) 
 B_SPLINE_CURVE_WITH_KNOTS ( ( 4, 4 ),
 ( 0.0000000000000000000, 1.570796326794896780 ),
 .UNSPECIFIED. ) 
 CURVE ( )  GEOMETRIC_REPRESENTATION_ITEM ( )  RATIONAL_B_SPLINE_CURVE ( ( 1.000000000000000000, 0.8047378541243649375, 0.8047378541243649375, 1.000000000000000000 ) ) 
 REPRESENTATION_ITEM ( '' )  );
#3610 = ORIENTED_EDGE ( 'NONE', *, *, #1631, .F. ) ;
#3611 = CARTESIAN_POINT ( 'NONE',  ( -0.2131190351775755776, 4.799949999999999939, -0.3849727878973809303 ) ) ;
#3612 = EDGE_CURVE ( 'NONE', #976, #3083, #2766, .T. ) ;
#3613 = CARTESIAN_POINT ( 'NONE',  ( 0.1067177648224112430, 4.799949999999999939, -1.400159987897387825 ) ) ;
#3614 = VERTEX_POINT ( 'NONE', #4086 ) ;
#3615 = CARTESIAN_POINT ( 'NONE',  ( 0.1848410605645599003, 4.800000000000000711, 1.130993821692957590 ) ) ;
#3616 = LINE ( 'NONE', #2557, #4143 ) ;
#3617 = B_SPLINE_CURVE_WITH_KNOTS ( 'NONE', 3,
 ( #3526, #1663, #1985, #1222 ),
 .UNSPECIFIED., .F., .F.,
 ( 4, 4 ),
 ( 0.0000000000000000000, 1.000000000000000000 ),
 .UNSPECIFIED. ) ;
#3618 =( NAMED_UNIT ( * ) PLANE_ANGLE_UNIT ( ) SI_UNIT ( $, .RADIAN. ) );
#3619 = CARTESIAN_POINT ( 'NONE',  ( 3.799999999999998934, 3.299999999999999822, -1.335000000000000631 ) ) ;
#3620 = CARTESIAN_POINT ( 'NONE',  ( -0.1657891672777710435, 4.800000000000001599, 1.480716585118470929 ) ) ;
#3621 = EDGE_LOOP ( 'NONE', ( #1459, #2273, #3779, #4868 ) ) ;
#3622 = LINE ( 'NONE', #4037, #3748 ) ;
#3623 = ORIENTED_EDGE ( 'NONE', *, *, #3036, .F. ) ;
#3624 = UNCERTAINTY_MEASURE_WITH_UNIT (LENGTH_MEASURE( 1.000000000000000082E-05 ), #2758, 'distance_accuracy_value', 'NONE');
#3625 = CARTESIAN_POINT ( 'NONE',  ( -0.1244899299996761466, 4.799999999999999822, 0.4798808133007643195 ) ) ;
#3626 = CARTESIAN_POINT ( 'NONE',  ( -2.064999999999996838, 4.790000000000000036, 2.564999999999999503 ) ) ;
#3627 = CARTESIAN_POINT ( 'NONE',  ( 0.1980222981557376027, 4.799999999999999822, -1.767274654564057412 ) ) ;
#3628 = CARTESIAN_POINT ( 'NONE',  ( -0.3287402793573357407, 4.799999999999999822, -1.439047007201575301 ) ) ;
#3629 = ORIENTED_EDGE ( 'NONE', *, *, #4667, .F. ) ;
#3630 = CARTESIAN_POINT ( 'NONE',  ( -0.4962117655274928540, 4.799999999999999822, 0.6026847642354057344 ) ) ;
#3631 = B_SPLINE_CURVE_WITH_KNOTS ( 'NONE', 3,
 ( #172, #3630, #3944, #2163 ),
 .UNSPECIFIED., .F., .F.,
 ( 4, 4 ),
 ( 0.0000000000000000000, 1.000000000000000000 ),
 .UNSPECIFIED. ) ;
#3632 = CARTESIAN_POINT ( 'NONE',  ( 2.065000000000000391, 4.799999999999999822, 2.564999999999999503 ) ) ;
#3633 = CARTESIAN_POINT ( 'NONE',  ( 0.02749822392631463483, 4.799999999999998934, 0.8227401555377850118 ) ) ;
#3634 = CARTESIAN_POINT ( 'NONE',  ( -3.710000000000000409, 0.0000000000000000000, 1.335000000000000409 ) ) ;
#3635 = ORIENTED_EDGE ( 'NONE', *, *, #1784, .T. ) ;
#3636 = CARTESIAN_POINT ( 'NONE',  ( -0.1760405376400416000, 4.800000000000000711, -0.4291998687880991259 ) ) ;
#3637 = CARTESIAN_POINT ( 'NONE',  ( -1.044183732109728702, 4.800000000000000711, 0.5565526131300148061 ) ) ;
#3638 = CARTESIAN_POINT ( 'NONE',  ( -0.1644367612320832561, 4.800000000000000711, -0.7871776999207579228 ) ) ;
#3639 = CARTESIAN_POINT ( 'NONE',  ( 0.6734285910469757219, 4.800000000000000711, 0.3741929805221310135 ) ) ;
#3640 = EDGE_CURVE ( 'NONE', #2707, #2182, #3583, .T. ) ;
#3641 = CARTESIAN_POINT ( 'NONE',  ( -0.2305942351775516486, 4.799949999999999939, 1.125209612102621159 ) ) ;
#3642 = ORIENTED_EDGE ( 'NONE', *, *, #2324, .F. ) ;
#3643 = CARTESIAN_POINT ( 'NONE',  ( -0.1548594807725308942, 4.800000000000000711, 0.4135171469141933898 ) ) ;
#3644 = EDGE_LOOP ( 'NONE', ( #824, #455, #2162, #3373 ) ) ;
#3645 = CARTESIAN_POINT ( 'NONE',  ( 0.1919056217915214024, 4.799999999999999822, -1.388955720702431451 ) ) ;
#3646 = DIRECTION ( 'NONE',  ( -0.0000000000000000000, -1.000000000000000000, -0.0000000000000000000 ) ) ;
#3647 = CARTESIAN_POINT ( 'NONE',  ( 0.1984427724729686537, 4.799999999999998046, -0.9371285429535882727 ) ) ;
#3648 = CARTESIAN_POINT ( 'NONE',  ( -0.4832040068414524825, 4.799999999999999822, 0.2031093531630012439 ) ) ;
#3649 = ORIENTED_EDGE ( 'NONE', *, *, #1600, .F. ) ;
#3650 = CARTESIAN_POINT ( 'NONE',  ( 0.2188841648224117142, 4.799949999999999939, -1.382684787897390910 ) ) ;
#3651 = CARTESIAN_POINT ( 'NONE',  ( -0.07656863517756587467, 4.799949999999999939, 0.1027072121026185308 ) ) ;
#3652 = CARTESIAN_POINT ( 'NONE',  ( -0.01846465176592480134, 4.799999999999999822, 0.8136149576077503776 ) ) ;
#3653 = VECTOR ( 'NONE', #2206, 1000.000000000000000 ) ;
#3654 = VERTEX_POINT ( 'NONE', #856 ) ;
#3655 = CARTESIAN_POINT ( 'NONE',  ( -1.054367572998756497, 4.800000000000000711, -0.4556821839938048901 ) ) ;
#3656 = CARTESIAN_POINT ( 'NONE',  ( -2.042949516527492460, 4.800000000000000711, -1.102505856334700107 ) ) ;
#3657 = CARTESIAN_POINT ( 'NONE',  ( 0.1093178573188115510, 4.799999999999999822, 1.148485330815789851 ) ) ;
#3658 = CARTESIAN_POINT ( 'NONE',  ( 0.05388576482240683974, 4.799949999999999939, -1.494851187897386691 ) ) ;
#3659 = B_SPLINE_CURVE_WITH_KNOTS ( 'NONE', 3,
 ( #1494, #2212, #4106, #2555, #3637, #1038, #2943, #4053, #1113 ),
 .UNSPECIFIED., .F., .F.,
 ( 4, 1, 2, 2, 4 ),
 ( 0.0000000000000000000, 0.2499999999999980016, 0.3749999999999988343, 0.4999999999999996669, 1.000000000000000000 ),
 .UNSPECIFIED. ) ;
#3660 = CARTESIAN_POINT ( 'NONE',  ( 0.06282656482241300022, 4.799949999999999939, -1.251417587897386996 ) ) ;
#3661 = CARTESIAN_POINT ( 'NONE',  ( -0.5057270351775597916, 4.799949999999999939, 0.2957472121026258893 ) ) ;
#3662 = VECTOR ( 'NONE', #4449, 1000.000000000000000 ) ;
#3663 = CARTESIAN_POINT ( 'NONE',  ( -1.045611464341287711, 4.800000000000000711, 0.2550507272941650583 ) ) ;
#3664 = ORIENTED_EDGE ( 'NONE', *, *, #164, .T. ) ;
#3665 = FILL_AREA_STYLE_COLOUR ( '', #1330 ) ;
#3666 = ORIENTED_EDGE ( 'NONE', *, *, #671, .F. ) ;
#3667 = CARTESIAN_POINT ( 'NONE',  ( -3.710000000000000853, 4.790000000000000036, -3.350735931288072234 ) ) ;
#3668 = CARTESIAN_POINT ( 'NONE',  ( -1.990851103531222410, 4.799950000000221983, 0.4700378611967712117 ) ) ;
#3669 = EDGE_CURVE ( 'NONE', #4036, #194, #2951, .T. ) ;
#3670 = VECTOR ( 'NONE', #1302, 1000.000000000000000 ) ;
#3671 = B_SPLINE_CURVE_WITH_KNOTS ( 'NONE', 3,
 ( #2150, #4647, #1286, #2419, #3294, #3270, #4797, #4777, #4034, #302 ),
 .UNSPECIFIED., .F., .F.,
 ( 4, 1, 1, 2, 2, 4 ),
 ( 0.0000000000000000000, 0.2500000000000001665, 0.3750000000000003886, 0.4375000000000004441, 0.5000000000000005551, 1.000000000000000000 ),
 .UNSPECIFIED. ) ;
#3672 = CARTESIAN_POINT ( 'NONE',  ( 0.1977513648224078491, 4.799949999999999939, -1.639935987897390923 ) ) ;
#3673 = CARTESIAN_POINT ( 'NONE',  ( -1.046762435299556815, 4.800000000000000711, 1.176452339894670907 ) ) ;
#3674 = ORIENTED_EDGE ( 'NONE', *, *, #4479, .T. ) ;
#3675 =( NAMED_UNIT ( * ) PLANE_ANGLE_UNIT ( ) SI_UNIT ( $, .RADIAN. ) );
#3676 = MECHANICAL_DESIGN_GEOMETRIC_PRESENTATION_REPRESENTATION (  '', ( #3745 ), #3516 ) ;
#3677 = CARTESIAN_POINT ( 'NONE',  ( -0.03214147228536179401, 4.799999999999998046, -0.4636209265375851873 ) ) ;
#3678 = EDGE_CURVE ( 'NONE', #811, #4474, #1205, .T. ) ;
#3679 = CARTESIAN_POINT ( 'NONE',  ( -1.895799020197888485, 4.799999999999999822, -0.1518984133130326653 ) ) ;
#3680 = CARTESIAN_POINT ( 'NONE',  ( 3.799999999999998934, -0.09999999999999988065, 1.334999999999999076 ) ) ;
#3681 = COLOUR_RGB ( '',1.000000000000000000, 1.000000000000000000, 1.000000000000000000 ) ;
#3682 = B_SPLINE_CURVE_WITH_KNOTS ( 'NONE', 3,
 ( #3493, #3125, #3099, #4184 ),
 .UNSPECIFIED., .F., .F.,
 ( 4, 4 ),
 ( 0.0000000000000000000, 1.000000000000000000 ),
 .UNSPECIFIED. ) ;
#3683 = CARTESIAN_POINT ( 'NONE',  ( -3.710000000000000409, 4.790000000000000036, -3.475000000000000533 ) ) ;
#3684 = DIRECTION ( 'NONE',  ( 0.0000000000000000000, -0.0000000000000000000, -1.000000000000000000 ) ) ;
#3685 = B_SPLINE_CURVE_WITH_KNOTS ( 'NONE', 3,
 ( #4399, #4031, #4299, #2127, #3615, #2852, #662, #1748 ),
 .UNSPECIFIED., .F., .F.,
 ( 4, 2, 2, 4 ),
 ( 0.0000000000000000000, 0.2500000000000000000, 0.5000000000000000000, 1.000000000000000000 ),
 .UNSPECIFIED. ) ;
#3686 = FILL_AREA_STYLE ('',( #712 ) ) ;
#3687 = CARTESIAN_POINT ( 'NONE',  ( 0.0000000000000000000, 4.490000000000000213, -3.175000000000000711 ) ) ;
#3688 = VERTEX_POINT ( 'NONE', #3063 ) ;
#3689 = CARTESIAN_POINT ( 'NONE',  ( -0.4818090228783056816, 4.800000000000001599, 1.362987220932201371 ) ) ;
#3690 = VERTEX_POINT ( 'NONE', #1067 ) ;
#3691 = CARTESIAN_POINT ( 'NONE',  ( 1.650000000000000799, 3.299999999999999822, -1.335000000000000409 ) ) ;
#3692 = B_SPLINE_CURVE_WITH_KNOTS ( 'NONE', 3,
 ( #1755, #975, #3202, #2106 ),
 .UNSPECIFIED., .F., .F.,
 ( 4, 4 ),
 ( 0.0000000000000000000, 1.000000000000000000 ),
 .UNSPECIFIED. ) ;
#3693 = CARTESIAN_POINT ( 'NONE',  ( -1.649999999999999689, -0.1000000000000000056, 1.335000000000000631 ) ) ;
#3694 = ORIENTED_EDGE ( 'NONE', *, *, #1531, .T. ) ;
#3695 = EDGE_CURVE ( 'NONE', #1270, #758, #2694, .T. ) ;
#3696 = CARTESIAN_POINT ( 'NONE',  ( 0.1949065648224595215, 4.799949999999999939, 1.506006412102618208 ) ) ;
#3697 = CARTESIAN_POINT ( 'NONE',  ( -3.410000000000000586, 4.790000000000000036, 3.474999999999999645 ) ) ;
#3698 = LINE ( 'NONE', #317, #3428 ) ;
#3699 = ORIENTED_EDGE ( 'NONE', *, *, #807, .T. ) ;
#3700 = B_SPLINE_CURVE_WITH_KNOTS ( 'NONE', 3,
 ( #2173, #4307, #3248, #3641 ),
 .UNSPECIFIED., .F., .F.,
 ( 4, 4 ),
 ( 0.0000000000000000000, 1.000000000000000000 ),
 .UNSPECIFIED. ) ;
#3701 = CARTESIAN_POINT ( 'NONE',  ( 0.1087497648224120123, 4.799949999999999939, -1.049436787897386925 ) ) ;
#3702 = CARTESIAN_POINT ( 'NONE',  ( -1.069458315378080115, 4.800000000000001599, -0.4548467779438786218 ) ) ;
#3703 = SURFACE_SIDE_STYLE ('',( #2601 ) ) ;
#3704 = CARTESIAN_POINT ( 'NONE',  ( 0.01885812719214466360, 4.800000000000000711, -1.523696481400218961 ) ) ;
#3705 =( NAMED_UNIT ( * ) SI_UNIT ( $, .STERADIAN. ) SOLID_ANGLE_UNIT ( ) );
#3706 = DIRECTION ( 'NONE',  ( 0.0000000000000000000, 0.0000000000000000000, -1.000000000000000000 ) ) ;
#3707 = VERTEX_POINT ( 'NONE', #3829 ) ;
#3708 = CARTESIAN_POINT ( 'NONE',  ( 0.3783003973540414178, 4.799999999999998934, -1.230368141686416728 ) ) ;
#3709 = VERTEX_POINT ( 'NONE', #1590 ) ;
#3710 = CARTESIAN_POINT ( 'NONE',  ( 0.1422300236625483050, 4.799999999999999822, 0.02608150071522752009 ) ) ;
#3711 = CYLINDRICAL_SURFACE ( 'NONE', #188, 0.2999999999999999334 ) ;
#3712 = PLANE ( 'NONE',  #1166 ) ;
#3713 = CARTESIAN_POINT ( 'NONE',  ( 0.1794373340714678355, 4.799999999999999822, -0.5283129052947634907 ) ) ;
#3714 = ORIENTED_EDGE ( 'NONE', *, *, #4810, .F. ) ;
#3715 = B_SPLINE_CURVE_WITH_KNOTS ( 'NONE', 3,
 ( #1888, #1132, #2339, #3828, #446, #4152, #1968, #2287, #1513 ),
 .UNSPECIFIED., .F., .F.,
 ( 4, 1, 2, 2, 4 ),
 ( 0.0000000000000000000, 0.2500000000000017208, 0.3750000000000017764, 0.5000000000000018874, 1.000000000000000000 ),
 .UNSPECIFIED. ) ;
#3716 = ORIENTED_EDGE ( 'NONE', *, *, #3333, .F. ) ;
#3717 = EDGE_CURVE ( 'NONE', #3871, #1143, #303, .T. ) ;
#3718 = DIRECTION ( 'NONE',  ( 0.0000000000000000000, -1.000000000000000000, 0.0000000000000000000 ) ) ;
#3719 = ORIENTED_EDGE ( 'NONE', *, *, #2558, .F. ) ;
#3720 = ORIENTED_EDGE ( 'NONE', *, *, #1220, .T. ) ;
#3721 = CARTESIAN_POINT ( 'NONE',  ( 0.1110552659674927389, 4.799999999999999822, -0.7008082556411239228 ) ) ;
#3722 = CARTESIAN_POINT ( 'NONE',  ( -0.2761110351775925009, 4.799949999999999939, -1.411539187897383085 ) ) ;
#3723 = EDGE_CURVE ( 'NONE', #758, #659, #880, .T. ) ;
#3724 = FACE_OUTER_BOUND ( 'NONE', #2714, .T. ) ;
#3725 = CARTESIAN_POINT ( 'NONE',  ( 0.0004025919279085666018, 4.800000000000001599, -1.533328904863525244 ) ) ;
#3726 = CIRCLE ( 'NONE', #183, 0.5000000000000000000 ) ;
#3727 = SURFACE_STYLE_FILL_AREA ( #4817 ) ;
#3728 = EDGE_CURVE ( 'NONE', #4340, #2881, #2699, .T. ) ;
#3729 = AXIS2_PLACEMENT_3D ( 'NONE', #1112, #4396, #4743 ) ;
#3730 = VERTEX_POINT ( 'NONE', #4715 ) ;
#3731 = CARTESIAN_POINT ( 'NONE',  ( 0.006260538121125037471, 4.799999999999999822, -1.259567516535348819 ) ) ;
#3732 = VERTEX_POINT ( 'NONE', #97 ) ;
#3733 = CARTESIAN_POINT ( 'NONE',  ( -0.2507952566530707306, 4.800000000000000711, -1.394991952167218274 ) ) ;
#3734 = COLOUR_RGB ( '',0.8274509803921568096, 0.8392156862745098200, 0.8274509803921568096 ) ;
#3735 = CARTESIAN_POINT ( 'NONE',  ( -0.1021504101570688272, 4.800000000000000711, 1.048259546264509012 ) ) ;
#3736 = CARTESIAN_POINT ( 'NONE',  ( -0.2549576115008767019, 4.800000000000000711, -1.471926422665134515 ) ) ;
#3737 = PRESENTATION_STYLE_ASSIGNMENT (( #742 ) ) ;
#3738 = CARTESIAN_POINT ( 'NONE',  ( -1.069458315378083890, 4.800000000000000711, 1.192212045585532509 ) ) ;
#3739 = COLOUR_RGB ( '',0.8274509803921568096, 0.8392156862745098200, 0.8274509803921568096 ) ;
#3740 = CARTESIAN_POINT ( 'NONE',  ( -1.052842866023041779, 4.800000000000000711, -0.3717244533894737968 ) ) ;
#3741 = COLOUR_RGB ( '',0.0000000000000000000, 0.0000000000000000000, 0.0000000000000000000 ) ;
#3742 = VERTEX_POINT ( 'NONE', #2406 ) ;
#3743 = SURFACE_STYLE_USAGE ( .BOTH. , #1963 ) ;
#3744 = VERTEX_POINT ( 'NONE', #3946 ) ;
#3745 = STYLED_ITEM ( 'NONE', ( #3870 ), #4062 ) ;
#3746 = CARTESIAN_POINT ( 'NONE',  ( -0.2407542351775763256, 4.799949999999999939, -0.9084159878973813163 ) ) ;
#3747 = EDGE_CURVE ( 'NONE', #1716, #1272, #2305, .T. ) ;
#3748 = VECTOR ( 'NONE', #212, 1000.000000000000000 ) ;
#3749 = SURFACE_STYLE_USAGE ( .BOTH. , #4129 ) ;
#3750 =( NAMED_UNIT ( * ) SI_UNIT ( $, .STERADIAN. ) SOLID_ANGLE_UNIT ( ) );
#3751 = ADVANCED_FACE ( 'NONE', ( #3925 ), #1721, .T. ) ;
#3752 = CARTESIAN_POINT ( 'NONE',  ( -2.042392860579933966, 4.799999999999999822, -0.5038884160722407746 ) ) ;
#3753 = CARTESIAN_POINT ( 'NONE',  ( -0.1875158351775998988, 4.799949999999999939, -1.853295987897385810 ) ) ;
#3754 = ORIENTED_EDGE ( 'NONE', *, *, #257, .F. ) ;
#3755 = CARTESIAN_POINT ( 'NONE',  ( 0.009596994693692599207, 4.800000000000000711, -1.284199091307766771 ) ) ;
#3756 = ORIENTED_EDGE ( 'NONE', *, *, #1417, .T. ) ;
#3757 =( NAMED_UNIT ( * ) SI_UNIT ( $, .STERADIAN. ) SOLID_ANGLE_UNIT ( ) );
#3758 = ORIENTED_EDGE ( 'NONE', *, *, #2023, .F. ) ;
#3759 = EDGE_CURVE ( 'NONE', #1209, #2096, #1644, .T. ) ;
#3760 = B_SPLINE_CURVE_WITH_KNOTS ( 'NONE', 3,
 ( #1351, #4741, #1374, #2433 ),
 .UNSPECIFIED., .F., .F.,
 ( 4, 4 ),
 ( 0.0000000000000000000, 1.000000000000000000 ),
 .UNSPECIFIED. ) ;
#3761 = CARTESIAN_POINT ( 'NONE',  ( -0.4772790351775940687, 4.799949999999999939, -1.444457587897379325 ) ) ;
#3762 = CARTESIAN_POINT ( 'NONE',  ( -0.3464182351775400015, 4.799949999999999939, 1.573468812102625458 ) ) ;
#3763 = CARTESIAN_POINT ( 'NONE',  ( -0.01723423517757324830, 4.799949999999999939, -0.3861919878973834042 ) ) ;
#3764 = CARTESIAN_POINT ( 'NONE',  ( 0.1431037150887558007, 4.800000000000000711, -0.5850955477545947137 ) ) ;
#3765 = VERTEX_POINT ( 'NONE', #935 ) ;
#3766 = CARTESIAN_POINT ( 'NONE',  ( -1.075878859319848502, 4.800000000000000711, -0.3739477697801036338 ) ) ;
#3767 = CARTESIAN_POINT ( 'NONE',  ( 0.09655776482242819925, 4.799949999999999939, -0.4081375878973846905 ) ) ;
#3768 = ORIENTED_EDGE ( 'NONE', *, *, #940, .F. ) ;
#3769 = DIRECTION ( 'NONE',  ( 0.0000000000000000000, 0.0000000000000000000, -1.000000000000000000 ) ) ;
#3770 = ORIENTED_EDGE ( 'NONE', *, *, #475, .T. ) ;
#3771 = B_SPLINE_CURVE_WITH_KNOTS ( 'NONE', 3,
 ( #617, #1379, #2877, #663, #3952, #968, #4696, #180, #3982, #4400, #1799, #2099, #4748, #3590 ),
 .UNSPECIFIED., .F., .F.,
 ( 4, 1, 1, 2, 2, 2, 2, 4 ),
 ( 0.0000000000000000000, 0.2500000000000109357, 0.3750000000000160427, 0.4375000000000149880, 0.5000000000000138778, 0.6250000000000104361, 0.7500000000000069944, 1.000000000000000000 ),
 .UNSPECIFIED. ) ;
#3772 = CARTESIAN_POINT ( 'NONE',  ( -0.1493142351775486598, 4.799949999999999939, 1.167881612102623645 ) ) ;
#3773 = CARTESIAN_POINT ( 'NONE',  ( -0.4463637849648531830, 4.799999999999999822, 1.748276284415697601 ) ) ;
#3774 = EDGE_CURVE ( 'NONE', #1196, #4435, #1251, .T. ) ;
#3775 = CARTESIAN_POINT ( 'NONE',  ( -0.07453663517759458179, 4.799949999999999939, -1.557030387897384127 ) ) ;
#3776 = B_SPLINE_CURVE_WITH_KNOTS ( 'NONE', 3,
 ( #1993, #4224, #2362, #4127 ),
 .UNSPECIFIED., .F., .F.,
 ( 4, 4 ),
 ( 0.0000000000000000000, 1.000000000000000000 ),
 .UNSPECIFIED. ) ;
#3777 = CARTESIAN_POINT ( 'NONE',  ( -1.996920277693531975, 4.799999999999999822, -0.4759711481340844763 ) ) ;
#3778 = CARTESIAN_POINT ( 'NONE',  ( -2.019343750590045339, 4.799950000000171357, -0.2232066240973464011 ) ) ;
#3779 = ORIENTED_EDGE ( 'NONE', *, *, #1279, .F. ) ;
#3780 = EDGE_CURVE ( 'NONE', #4474, #3473, #2824, .T. ) ;
#3781 = CARTESIAN_POINT ( 'NONE',  ( 1.607957069164088981, 4.800000000000000711, -0.3536597475672715873 ) ) ;
#3782 = ORIENTED_EDGE ( 'NONE', *, *, #4658, .T. ) ;
#3783 = CARTESIAN_POINT ( 'NONE',  ( 0.09818808799689503208, 4.799999999999999822, -0.07137139192835345591 ) ) ;
#3784 = ORIENTED_EDGE ( 'NONE', *, *, #610, .T. ) ;
#3785 = DIRECTION ( 'NONE',  ( 4.824525314449293484E-13, 1.000000000000000000, 8.792748708719533714E-13 ) ) ;
#3786 = CARTESIAN_POINT ( 'NONE',  ( 0.08158027402912887416, 4.799999999999999822, 0.2824473348347657509 ) ) ;
#3787 = EDGE_CURVE ( 'NONE', #4204, #910, #531, .T. ) ;
#3788 = CARTESIAN_POINT ( 'NONE',  ( 0.1278505648224202706, 4.799949999999999939, -0.6113375878973860145 ) ) ;
#3789 = ORIENTED_EDGE ( 'NONE', *, *, #3817, .T. ) ;
#3790 = CARTESIAN_POINT ( 'NONE',  ( 0.06409400978509642577, 4.799999999999999822, -0.8597789355215810225 ) ) ;
#3791 = ORIENTED_EDGE ( 'NONE', *, *, #3717, .F. ) ;
#3792 = EDGE_CURVE ( 'NONE', #1397, #4123, #223, .T. ) ;
#3793 = DIRECTION ( 'NONE',  ( 0.0000000000000000000, 0.0000000000000000000, -1.000000000000000000 ) ) ;
#3794 = ORIENTED_EDGE ( 'NONE', *, *, #1622, .F. ) ;
#3795 = B_SPLINE_CURVE_WITH_KNOTS ( 'NONE', 3,
 ( #1717, #2503, #629, #4789 ),
 .UNSPECIFIED., .F., .F.,
 ( 4, 4 ),
 ( 0.0000000000000000000, 1.000000000000000000 ),
 .UNSPECIFIED. ) ;
#3796 = CARTESIAN_POINT ( 'NONE',  ( -3.710000000000000409, 0.0000000000000000000, -1.334999999999999520 ) ) ;
#3797 = CARTESIAN_POINT ( 'NONE',  ( -3.585735931288072553, 0.1242640687119285492, -3.475000000000000977 ) ) ;
#3798 = CARTESIAN_POINT ( 'NONE',  ( -1.043661130444979213, 4.800000000000002487, 0.2690072267859270339 ) ) ;
#3799 = CARTESIAN_POINT ( 'NONE',  ( -1.043075769856496304, 4.799999999999998934, 0.3176482835532711824 ) ) ;
#3800 = CARTESIAN_POINT ( 'NONE',  ( 0.03748040795998703462, 4.799999999999999822, 0.7504534289991480200 ) ) ;
#3801 = CARTESIAN_POINT ( 'NONE',  ( -2.042949516527491127, 4.799999999999999822, -0.2789764445699846607 ) ) ;
#3802 = ORIENTED_EDGE ( 'NONE', *, *, #2169, .F. ) ;
#3803 = ORIENTED_EDGE ( 'NONE', *, *, #3269, .F. ) ;
#3804 = VECTOR ( 'NONE', #3456, 1000.000000000000000 ) ;
#3805 =( LENGTH_UNIT ( ) NAMED_UNIT ( * ) SI_UNIT ( .MILLI., .METRE. ) );
#3806 = ORIENTED_EDGE ( 'NONE', *, *, #444, .T. ) ;
#3807 = CARTESIAN_POINT ( 'NONE',  ( 0.1912801033671191475, 4.799999999999999822, 0.6977935816451452666 ) ) ;
#3808 = EDGE_CURVE ( 'NONE', #774, #716, #3401, .T. ) ;
#3809 = CARTESIAN_POINT ( 'NONE',  ( -0.1793878351775933522, 4.799949999999999939, -1.502166387897384325 ) ) ;
#3810 = PRESENTATION_LAYER_ASSIGNMENT (  '', '', ( #3580 ) ) ;
#3811 = CARTESIAN_POINT ( 'NONE',  ( -1.066678309413574777, 4.799949999999745920, -0.6000448593914643469 ) ) ;
#3812 = CARTESIAN_POINT ( 'NONE',  ( -0.1413196237029401281, 4.800000000000000711, -0.6777475828532504298 ) ) ;
#3813 = VERTEX_POINT ( 'NONE', #4048 ) ;
#3814 = CARTESIAN_POINT ( 'NONE',  ( -1.043116903076245716, 4.799999999999999822, -0.3344732067629945238 ) ) ;
#3815 = VECTOR ( 'NONE', #3511, 1000.000000000000000 ) ;
#3816 = CARTESIAN_POINT ( 'NONE',  ( -0.4463926351776018042, 4.799949999999999939, -1.690735987897379333 ) ) ;
#3817 = EDGE_CURVE ( 'NONE', #2618, #4204, #4581, .T. ) ;
#3818 = CARTESIAN_POINT ( 'NONE',  ( -0.1055772916905170639, 4.799999999999999822, -1.637242831809193611 ) ) ;
#3819 = ORIENTED_EDGE ( 'NONE', *, *, #3464, .T. ) ;
#3820 = STYLED_ITEM ( 'NONE', ( #4842 ), #2769 ) ;
#3821 = CARTESIAN_POINT ( 'NONE',  ( 0.1367913648223986756, 4.799949999999999939, -2.034550387897389179 ) ) ;
#3822 =( NAMED_UNIT ( * ) SI_UNIT ( $, .STERADIAN. ) SOLID_ANGLE_UNIT ( ) );
#3823 = ORIENTED_EDGE ( 'NONE', *, *, #814, .T. ) ;
#3824 = PRESENTATION_LAYER_ASSIGNMENT (  '', '', ( #41 ) ) ;
#3825 = CARTESIAN_POINT ( 'NONE',  ( -0.5922902351775602980, 4.799949999999999939, 0.2827424121026270720 ) ) ;
#3826 = EDGE_CURVE ( 'NONE', #2906, #2621, #4119, .T. ) ;
#3827 = B_SPLINE_CURVE_WITH_KNOTS ( 'NONE', 3,
 ( #68, #1585, #3846, #469 ),
 .UNSPECIFIED., .F., .F.,
 ( 4, 4 ),
 ( 0.0000000000000000000, 1.000000000000000000 ),
 .UNSPECIFIED. ) ;
#3828 = CARTESIAN_POINT ( 'NONE',  ( 1.640073983260118551, 4.800000000000000711, -0.2529107435485396516 ) ) ;
#3829 = CARTESIAN_POINT ( 'NONE',  ( 1.617157619070361596, 4.799949999999942207, -0.2052163960021610167 ) ) ;
#3830 = CARTESIAN_POINT ( 'NONE',  ( 1.485723795540949688, 4.799999999999999822, -0.1307678665903963533 ) ) ;
#3831 = STYLED_ITEM ( 'NONE', ( #368 ), #4759 ) ;
#3832 = ORIENTED_EDGE ( 'NONE', *, *, #3028, .F. ) ;
#3833 = DIRECTION ( 'NONE',  ( 0.0000000000000000000, -0.0000000000000000000, 1.000000000000000000 ) ) ;
#3834 = ORIENTED_EDGE ( 'NONE', *, *, #2238, .F. ) ;
#3835 = B_SPLINE_CURVE_WITH_KNOTS ( 'NONE', 3,
 ( #3836, #3857, #945, #886 ),
 .UNSPECIFIED., .F., .F.,
 ( 4, 4 ),
 ( 0.0000000000000000000, 1.000000000000000000 ),
 .UNSPECIFIED. ) ;
#3836 = CARTESIAN_POINT ( 'NONE',  ( 0.1367913648223986756, 4.799949999999999939, -2.034550387897389179 ) ) ;
#3837 = VERTEX_POINT ( 'NONE', #3972 ) ;
#3838 = CARTESIAN_POINT ( 'NONE',  ( 0.6409906986713062027, 4.800000000000000711, -0.2916708836124543569 ) ) ;
#3839 = CARTESIAN_POINT ( 'NONE',  ( -1.329545956472398149, 4.799999999999999822, -0.7504737809600918741 ) ) ;
#3840 = ORIENTED_EDGE ( 'NONE', *, *, #4147, .T. ) ;
#3841 = ORIENTED_EDGE ( 'NONE', *, *, #1295, .T. ) ;
#3842 = EDGE_CURVE ( 'NONE', #3194, #982, #3698, .T. ) ;
#3843 = CARTESIAN_POINT ( 'NONE',  ( 0.1276703743685236314, 4.800000000000001599, -1.551072620316571671 ) ) ;
#3844 = CARTESIAN_POINT ( 'NONE',  ( -0.5658742351775589707, 4.799949999999999939, 0.3428896121026269728 ) ) ;
#3845 = ORIENTED_EDGE ( 'NONE', *, *, #717, .T. ) ;
#3846 = CARTESIAN_POINT ( 'NONE',  ( 0.2043053349852421985, 4.799999999999999822, -0.3522127467144849922 ) ) ;
#3847 =( LENGTH_UNIT ( ) NAMED_UNIT ( * ) SI_UNIT ( .MILLI., .METRE. ) );
#3848 = ORIENTED_EDGE ( 'NONE', *, *, #1790, .T. ) ;
#3849 = EDGE_CURVE ( 'NONE', #4156, #134, #599, .T. ) ;
#3850 = CARTESIAN_POINT ( 'NONE',  ( 0.1481673820016739529, 4.799999999999998934, 1.421223957965067841 ) ) ;
#3851 = CARTESIAN_POINT ( 'NONE',  ( 0.2034409648224537737, 4.799949999999999939, 1.245504012102615965 ) ) ;
#3852 = B_SPLINE_CURVE_WITH_KNOTS ( 'NONE', 3,
 ( #3611, #1771, #4369, #2900, #3289, #4052, #2144, #1015, #3636, #249, #4105, #2510 ),
 .UNSPECIFIED., .F., .F.,
 ( 4, 2, 2, 2, 2, 4 ),
 ( 0.0000000000000000000, 0.1249999999999998890, 0.2499999999999997780, 0.3749999999999996669, 0.4999999999999995559, 1.000000000000000000 ),
 .UNSPECIFIED. ) ;
#3853 = CARTESIAN_POINT ( 'NONE',  ( 1.222856148482126315, 4.799949999999941319, 0.01812919223313297704 ) ) ;
#3854 = CARTESIAN_POINT ( 'NONE',  ( -2.043011030001809392, 4.799950000000211325, -0.2985742711561698015 ) ) ;
#3855 = CARTESIAN_POINT ( 'NONE',  ( 0.1151248578159848046, 4.799999999999999822, 0.7149769277179386373 ) ) ;
#3856 = ORIENTED_EDGE ( 'NONE', *, *, #1654, .F. ) ;
#3857 = CARTESIAN_POINT ( 'NONE',  ( 0.1573822981557314871, 4.799999999999999822, -2.030350921230722694 ) ) ;
#3858 = VERTEX_POINT ( 'NONE', #3680 ) ;
#3859 = CARTESIAN_POINT ( 'NONE',  ( 0.1027179323969799607, 4.800000000000001599, 0.5818204024418417442 ) ) ;
#3860 = CARTESIAN_POINT ( 'NONE',  ( 0.6520217460830299849, 4.799999999999999822, -0.3420878193856016769 ) ) ;
#3861 = CARTESIAN_POINT ( 'NONE',  ( -0.5643126502286873736, 4.800000000000000711, 1.612346212201767326 ) ) ;
#3862 = CARTESIAN_POINT ( 'NONE',  ( -1.648709559413574777, 4.799949999999987504, -0.8328114035091112033 ) ) ;
#3863 = VERTEX_POINT ( 'NONE', #4833 ) ;
#3864 = UNCERTAINTY_MEASURE_WITH_UNIT (LENGTH_MEASURE( 1.000000000000000082E-05 ), #4133, 'distance_accuracy_value', 'NONE');
#3865 = CARTESIAN_POINT ( 'NONE',  ( 0.1636471023224066734, 4.799999999999998934, -1.570741067491378429 ) ) ;
#3866 = CARTESIAN_POINT ( 'NONE',  ( -0.1661634134991433476, 4.800000000000000711, 1.619262184051378117 ) ) ;
#3867 = B_SPLINE_CURVE_WITH_KNOTS ( 'NONE', 3,
 ( #3168, #4007, #230, #3981 ),
 .UNSPECIFIED., .F., .F.,
 ( 4, 4 ),
 ( 0.0000000000000000000, 1.000000000000000000 ),
 .UNSPECIFIED. ) ;
#3868 = VERTEX_POINT ( 'NONE', #222 ) ;
#3869 = CARTESIAN_POINT ( 'NONE',  ( 0.04461280608719587343, 4.799999999999998934, 1.395258975391906020 ) ) ;
#3870 = PRESENTATION_STYLE_ASSIGNMENT (( #471 ) ) ;
#3871 = VERTEX_POINT ( 'NONE', #4417 ) ;
#3872 = CARTESIAN_POINT ( 'NONE',  ( -0.2253874472040186261, 4.800000000000000711, -1.514488104274400726 ) ) ;
#3873 = CARTESIAN_POINT ( 'NONE',  ( -2.025686270443897818, 4.800000000000001599, -0.3641314104915523986 ) ) ;
#3874 = DIRECTION ( 'NONE',  ( 0.0000000000000000000, 0.0000000000000000000, -1.000000000000000000 ) ) ;
#3875 = CARTESIAN_POINT ( 'NONE',  ( -0.1413870609852357074, 4.800000000000000711, 1.186988134514860960 ) ) ;
#3876 = CARTESIAN_POINT ( 'NONE',  ( 0.04917399889121570888, 4.800000000000001599, 0.7517709643008828602 ) ) ;
#3877 = CARTESIAN_POINT ( 'NONE',  ( 0.1867785648224478123, 4.799949999999999939, 0.7915552121026149246 ) ) ;
#3878 = ADVANCED_FACE ( 'NONE', ( #1465 ), #3260, .F. ) ;
#3879 = CARTESIAN_POINT ( 'NONE',  ( -1.066678309413574999, 4.799949999999942207, -0.2255044182149935350 ) ) ;
#3880 = ORIENTED_EDGE ( 'NONE', *, *, #191, .T. ) ;
#3881 = DIRECTION ( 'NONE',  ( 0.0000000000000000000, 1.000000000000000000, 0.0000000000000000000 ) ) ;
#3882 = CARTESIAN_POINT ( 'NONE',  ( 0.03695875395589675455, 4.799999999999999822, -0.9608552711742744945 ) ) ;
#3883 = ORIENTED_EDGE ( 'NONE', *, *, #3421, .F. ) ;
#3884 = CARTESIAN_POINT ( 'NONE',  ( -0.5097780172183923320, 4.800000000000001599, 1.543337071493242840 ) ) ;
#3885 = CARTESIAN_POINT ( 'NONE',  ( -0.1661928795788607527, 4.799999999999998934, -1.564163574796248790 ) ) ;
#3886 = B_SPLINE_CURVE_WITH_KNOTS ( 'NONE', 3,
 ( #1506, #1831, #357, #4827 ),
 .UNSPECIFIED., .F., .F.,
 ( 4, 4 ),
 ( 0.0000000000000000000, 1.000000000000000000 ),
 .UNSPECIFIED. ) ;
#3887 = LINE ( 'NONE', #1578, #4066 ) ;
#3888 = EDGE_LOOP ( 'NONE', ( #61, #2851, #3524, #2347, #1949 ) ) ;
#3889 = DIRECTION ( 'NONE',  ( -1.000000000000000000, 0.0000000000000000000, 0.0000000000000000000 ) ) ;
#3890 = ORIENTED_EDGE ( 'NONE', *, *, #3186, .F. ) ;
#3891 = VECTOR ( 'NONE', #95, 1000.000000000000000 ) ;
#3892 = CARTESIAN_POINT ( 'NONE',  ( -0.1842287981843763467, 4.799999999999999822, 0.6775676960450029984 ) ) ;
#3893 = CARTESIAN_POINT ( 'NONE',  ( -2.019343750590045339, 4.799949999999983064, 0.2062510964908889910 ) ) ;
#3894 = ORIENTED_EDGE ( 'NONE', *, *, #2360, .F. ) ;
#3895 = CARTESIAN_POINT ( 'NONE',  ( -1.047904396754344436, 4.799899999999998279, 0.4610965103225843631 ) ) ;
#3896 = CARTESIAN_POINT ( 'NONE',  ( -0.01178304736204999030, 4.800000000000000711, -0.2646547331682366777 ) ) ;
#3897 = VERTEX_POINT ( 'NONE', #2476 ) ;
#3898 = CARTESIAN_POINT ( 'NONE',  ( -0.2159638351775655940, 4.799949999999999939, -0.1008991878973789641 ) ) ;
#3899 = CARTESIAN_POINT ( 'NONE',  ( -1.057605873917352612, 4.799999999999998934, 0.4471084528464552288 ) ) ;
#3900 = CARTESIAN_POINT ( 'NONE',  ( -0.1978657955685283465, 4.799999999999999822, -1.039657722399109030 ) ) ;
#3901 = FILL_AREA_STYLE ('',( #4414 ) ) ;
#3902 = FILL_AREA_STYLE_COLOUR ( '', #2643 ) ;
#3903 = CARTESIAN_POINT ( 'NONE',  ( -0.08770609267672671572, 4.800000000000000711, -0.4084711279889664537 ) ) ;
#3904 = VECTOR ( 'NONE', #514, 1000.000000000000000 ) ;
#3905 = B_SPLINE_CURVE_WITH_KNOTS ( 'NONE', 3,
 ( #454, #480, #3044, #6 ),
 .UNSPECIFIED., .F., .F.,
 ( 4, 4 ),
 ( 0.0000000000000000000, 1.000000000000000000 ),
 .UNSPECIFIED. ) ;
#3906 = VERTEX_POINT ( 'NONE', #2185 ) ;
#3907 = CARTESIAN_POINT ( 'NONE',  ( -0.2407542351775763256, 4.799949999999999939, -0.9084159878973813163 ) ) ;
#3908 = CARTESIAN_POINT ( 'NONE',  ( -0.4990618143797540540, 4.799999999999999822, 1.470615767663043139 ) ) ;
#3909 = ADVANCED_FACE ( 'NONE', ( #1394 ), #2896, .T. ) ;
#3910 = PRESENTATION_LAYER_ASSIGNMENT (  '', '', ( #3284 ) ) ;
#3911 = CARTESIAN_POINT ( 'NONE',  ( -0.3454318587687972286, 4.800000000000000711, -1.344182400678896494 ) ) ;
#3912 = CARTESIAN_POINT ( 'NONE',  ( 3.709999999999999520, 4.790000000000000036, -3.475000000000000533 ) ) ;
#3913 = COLOUR_RGB ( '',0.1882352941176470562, 0.2039215686274509776, 0.2039215686274509776 ) ;
#3914 = CARTESIAN_POINT ( 'NONE',  ( -0.5885249844224157423, 4.800000000000000711, 1.544940259910940306 ) ) ;
#3915 = ORIENTED_EDGE ( 'NONE', *, *, #436, .F. ) ;
#3916 = CARTESIAN_POINT ( 'NONE',  ( 0.1210009047815627375, 4.800000000000001599, 0.1949715244625173372 ) ) ;
#3917 = ORIENTED_EDGE ( 'NONE', *, *, #1387, .F. ) ;
#3918 = UNCERTAINTY_MEASURE_WITH_UNIT (LENGTH_MEASURE( 1.000000000000000082E-05 ), #1310, 'distance_accuracy_value', 'NONE');
#3919 = CARTESIAN_POINT ( 'NONE',  ( -1.044183732109728480, 4.799999999999998934, -1.090506210399386777 ) ) ;
#3920 = ORIENTED_EDGE ( 'NONE', *, *, #1622, .T. ) ;
#3921 = B_SPLINE_CURVE_WITH_KNOTS ( 'NONE', 3,
 ( #3668, #1454, #3301, #1408 ),
 .UNSPECIFIED., .F., .F.,
 ( 4, 4 ),
 ( 0.0000000000000000000, 1.000000000000000000 ),
 .UNSPECIFIED. ) ;
#3922 = ORIENTED_EDGE ( 'NONE', *, *, #3826, .F. ) ;
#3923 =( NAMED_UNIT ( * ) SI_UNIT ( $, .STERADIAN. ) SOLID_ANGLE_UNIT ( ) );
#3924 = CARTESIAN_POINT ( 'NONE',  ( -1.990851103531222410, 4.799949999999915562, 1.167877934726182954 ) ) ;
#3925 = FACE_OUTER_BOUND ( 'NONE', #4367, .T. ) ;
#3926 = CARTESIAN_POINT ( 'NONE',  ( -0.3050770219747824807, 4.799999999999999822, 1.750260575516967565 ) ) ;
#3927 = CARTESIAN_POINT ( 'NONE',  ( 0.1661735690159715506, 4.800000000000000711, 0.5229040312746967567 ) ) ;
#3928 = CARTESIAN_POINT ( 'NONE',  ( 0.1424809648224237280, 4.799949999999999939, -0.4662527878973858342 ) ) ;
#3929 = CARTESIAN_POINT ( 'NONE',  ( -0.07304182601005992925, 4.799999999999999822, -0.4091823279889666987 ) ) ;
#3930 = CARTESIAN_POINT ( 'NONE',  ( -0.1814526424564126550, 4.799999999999999822, -0.8539878758740058196 ) ) ;
#3931 = FACE_OUTER_BOUND ( 'NONE', #4158, .T. ) ;
#3932 = CARTESIAN_POINT ( 'NONE',  ( -0.3627546509750962378, 4.800000000000001599, -1.352577770904109578 ) ) ;
#3933 = CARTESIAN_POINT ( 'NONE',  ( 0.6666712215296729527, 4.800000000000001599, -0.3438439751072634998 ) ) ;
#3934 = EDGE_CURVE ( 'NONE', #4629, #4087, #4054, .T. ) ;
#3935 = CARTESIAN_POINT ( 'NONE',  ( -0.3464182351775400015, 4.799949999999999939, 1.573468812102625458 ) ) ;
#3936 = ORIENTED_EDGE ( 'NONE', *, *, #4033, .T. ) ;
#3937 = VERTEX_POINT ( 'NONE', #3058 ) ;
#3938 = CARTESIAN_POINT ( 'NONE',  ( 0.3932297648224120090, 4.799949999999999939, -1.260764787897391770 ) ) ;
#3939 = ADVANCED_FACE ( 'NONE', ( #4534 ), #388, .F. ) ;
#3940 = ORIENTED_EDGE ( 'NONE', *, *, #3398, .T. ) ;
#3941 = CARTESIAN_POINT ( 'NONE',  ( -0.2704214351775969249, 4.799949999999999939, -1.699270387897382495 ) ) ;
#3942 = CARTESIAN_POINT ( 'NONE',  ( 3.409999999999999698, 4.490000000000000213, 3.474999999999999645 ) ) ;
#3943 = ORIENTED_EDGE ( 'NONE', *, *, #610, .F. ) ;
#3944 = CARTESIAN_POINT ( 'NONE',  ( -0.4901157655274934744, 4.799999999999999822, 0.5941503642354056813 ) ) ;
#3945 = EDGE_CURVE ( 'NONE', #3871, #3121, #1109, .T. ) ;
#3946 = CARTESIAN_POINT ( 'NONE',  ( -0.1009526351775612424, 4.799949999999999939, 0.4733440121026204483 ) ) ;
#3947 = CARTESIAN_POINT ( 'NONE',  ( 0.3272038965495500107, 4.799999999999998934, -1.152988532745552464 ) ) ;
#3948 = FACE_OUTER_BOUND ( 'NONE', #2593, .T. ) ;
#3949 = CARTESIAN_POINT ( 'NONE',  ( -1.053995868477901610, 4.799999999999999822, -0.2319950492389657448 ) ) ;
#3950 = ORIENTED_EDGE ( 'NONE', *, *, #3849, .T. ) ;
#3951 = CARTESIAN_POINT ( 'NONE',  ( 0.1286586511018411594, 4.800000000000000711, -1.010327929646727352 ) ) ;
#3952 = CARTESIAN_POINT ( 'NONE',  ( -2.041643208561764844, 4.800000000000000711, 1.072321416524176341 ) ) ;
#3953 = B_SPLINE_CURVE_WITH_KNOTS ( 'NONE', 3,
 ( #4362, #679, #245, #2164, #3259, #2574, #4392, #2918 ),
 .UNSPECIFIED., .F., .F.,
 ( 4, 2, 2, 4 ),
 ( 0.0000000000000000000, 0.2500000000000000000, 0.5000000000000000000, 1.000000000000000000 ),
 .UNSPECIFIED. ) ;
#3954 = CARTESIAN_POINT ( 'NONE',  ( -0.04206090413888480262, 4.800000000000000711, 0.8330055823774545898 ) ) ;
#3955 = CARTESIAN_POINT ( 'NONE',  ( -1.050071015405039221, 4.800000000000001599, -1.191257277303860773 ) ) ;
#3956 = CARTESIAN_POINT ( 'NONE',  ( -0.2962991901117460469, 4.799999999999999822, -0.3879462267061709602 ) ) ;
#3957 = ORIENTED_EDGE ( 'NONE', *, *, #2801, .F. ) ;
#3958 = CARTESIAN_POINT ( 'NONE',  ( 0.06282656482241300022, 4.799949999999999939, -1.251417587897386996 ) ) ;
#3959 = ORIENTED_EDGE ( 'NONE', *, *, #4390, .F. ) ;
#3960 = CARTESIAN_POINT ( 'NONE',  ( 0.2065455069392946041, 4.800000000000000711, -1.384612703191626881 ) ) ;
#3961 = UNCERTAINTY_MEASURE_WITH_UNIT (LENGTH_MEASURE( 1.000000000000000082E-05 ), #3847, 'distance_accuracy_value', 'NONE');
#3962 = ADVANCED_FACE ( 'NONE', ( #823 ), #2333, .T. ) ;
#3963 = CARTESIAN_POINT ( 'NONE',  ( -0.1792184633330094201, 4.800000000000000711, 0.4686540133007652820 ) ) ;
#3964 = LINE ( 'NONE', #602, #2488 ) ;
#3965 = B_SPLINE_CURVE_WITH_KNOTS ( 'NONE', 3,
 ( #2610, #1830, #3323, #4478, #741, #2248, #3736, #355, #1577, #2683, #3074, #4209 ),
 .UNSPECIFIED., .F., .F.,
 ( 4, 1, 1, 1, 1, 2, 2, 4 ),
 ( 0.0000000000000000000, 0.2500000000000028311, 0.3750000000000046629, 0.4375000000000056621, 0.4687500000000065503, 0.4843750000000067724, 0.5000000000000069944, 1.000000000000000000 ),
 .UNSPECIFIED. ) ;
#3966 = CARTESIAN_POINT ( 'NONE',  ( -0.02969175055340486299, 4.800000000000000711, 1.347265239665371261 ) ) ;
#3967 = ORIENTED_EDGE ( 'NONE', *, *, #4147, .F. ) ;
#3968 = ADVANCED_FACE ( 'NONE', ( #412 ), #2231, .T. ) ;
#3969 = SURFACE_SIDE_STYLE ('',( #2844 ) ) ;
#3970 = CARTESIAN_POINT ( 'NONE',  ( -1.075878859319850500, 4.800000000000000711, 0.4495816419846035972 ) ) ;
#3971 = MECHANICAL_DESIGN_GEOMETRIC_PRESENTATION_REPRESENTATION (  '', ( #918 ), #2950 ) ;
#3972 = CARTESIAN_POINT ( 'NONE',  ( -1.095170956472398149, 4.799949999999693517, 0.3567566111967712672 ) ) ;
#3973 = CARTESIAN_POINT ( 'NONE',  ( -0.07656863517756587467, 4.799949999999999939, 0.1027072121026185308 ) ) ;
#3974 = EDGE_CURVE ( 'NONE', #1907, #3438, #936, .T. ) ;
#3975 = VECTOR ( 'NONE', #347, 1000.000000000000000 ) ;
#3976 = ORIENTED_EDGE ( 'NONE', *, *, #1335, .F. ) ;
#3977 = DIRECTION ( 'NONE',  ( -0.0000000000000000000, -1.000000000000000000, 0.0000000000000000000 ) ) ;
#3978 = CARTESIAN_POINT ( 'NONE',  ( -0.4171318351775410438, 4.799949999999999939, 1.354012812102628471 ) ) ;
#3979 = VECTOR ( 'NONE', #1463, 1000.000000000000000 ) ;
#3980 = ORIENTED_EDGE ( 'NONE', *, *, #191, .F. ) ;
#3981 = CARTESIAN_POINT ( 'NONE',  ( -0.3179702351775378633, 4.799949999999999939, 1.443014412102624711 ) ) ;
#3982 = CARTESIAN_POINT ( 'NONE',  ( -2.039687259769466188, 4.800000000000000711, 1.057478928885467795 ) ) ;
#3983 = B_SPLINE_CURVE_WITH_KNOTS ( 'NONE', 3,
 ( #4668, #639, #251, #3266, #4775, #2805 ),
 .UNSPECIFIED., .F., .F.,
 ( 4, 2, 4 ),
 ( 0.0000000000000000000, 0.5000000000000000000, 1.000000000000000000 ),
 .UNSPECIFIED. ) ;
#3984 = STYLED_ITEM ( 'NONE', ( #929 ), #3008 ) ;
#3985 = CARTESIAN_POINT ( 'NONE',  ( 2.065000000000000391, 4.799999999999999822, 2.064999999999999059 ) ) ;
#3986 = CARTESIAN_POINT ( 'NONE',  ( -0.06275103517758633120, 4.799949999999999939, -1.320911987897387174 ) ) ;
#3987 = CARTESIAN_POINT ( 'NONE',  ( 1.435785070050754175, 4.799999999999999822, -0.2536998518845140493 ) ) ;
#3988 = EDGE_LOOP ( 'NONE', ( #3006, #3802, #3917, #4861, #2243, #535, #1756, #1520, #2010, #3791, #3365, #4643 ) ) ;
#3989 = DIRECTION ( 'NONE',  ( 0.0000000000000000000, 1.000000000000000000, -1.314184451497581259E-16 ) ) ;
#3990 = AXIS2_PLACEMENT_3D ( 'NONE', #4020, #4807, #2570 ) ;
#3991 = ORIENTED_EDGE ( 'NONE', *, *, #1249, .T. ) ;
#3992 = CARTESIAN_POINT ( 'NONE',  ( 0.1845960607999452829, 4.799999999999998934, -1.395271866301056374 ) ) ;
#3993 = CARTESIAN_POINT ( 'NONE',  ( -0.4789046351775551602, 4.799949999999999939, 0.6712608121026232277 ) ) ;
#3994 = CARTESIAN_POINT ( 'NONE',  ( 0.0000000000000000000, 0.0000000000000000000, -1.334999999999998854 ) ) ;
#3995 = CIRCLE ( 'NONE', #1875, 0.5000000000000000000 ) ;
#3996 = B_SPLINE_CURVE_WITH_KNOTS ( 'NONE', 3,
 ( #3862, #4674, #3497, #4261 ),
 .UNSPECIFIED., .F., .F.,
 ( 4, 4 ),
 ( 0.0000000000000000000, 1.000000000000000000 ),
 .UNSPECIFIED. ) ;
#3997 = CARTESIAN_POINT ( 'NONE',  ( 1.640760158627440513, 4.799999999999998934, 0.3379363057660979552 ) ) ;
#3998 = CARTESIAN_POINT ( 'NONE',  ( -0.3339098333635094895, 4.800000000000000711, 0.2335403365875914350 ) ) ;
#3999 = EDGE_LOOP ( 'NONE', ( #1538, #229, #1128, #3077, #3823, #3320 ) ) ;
#4000 = CARTESIAN_POINT ( 'NONE',  ( -0.5532758351775926009, 4.799949999999999939, -1.502979187897377944 ) ) ;
#4001 = EDGE_CURVE ( 'NONE', #3299, #4264, #1477, .T. ) ;
#4002 = CARTESIAN_POINT ( 'NONE',  ( -0.03106305176592504685, 4.800000000000000711, 0.8117522909410836984 ) ) ;
#4003 = CARTESIAN_POINT ( 'NONE',  ( -0.06153059407385610968, 4.799999999999999822, -0.05206373912493867523 ) ) ;
#4004 = B_SPLINE_CURVE_WITH_KNOTS ( 'NONE', 3,
 ( #4258, #3861, #3446, #488, #3914, #2007, #430, #3495 ),
 .UNSPECIFIED., .F., .F.,
 ( 4, 2, 2, 4 ),
 ( 0.0000000000000000000, 0.2500000000000000555, 0.5000000000000001110, 1.000000000000000000 ),
 .UNSPECIFIED. ) ;
#4005 = CARTESIAN_POINT ( 'NONE',  ( 0.1083433648224121915, 4.799949999999999939, -1.162822387897387788 ) ) ;
#4006 = CARTESIAN_POINT ( 'NONE',  ( -2.038190923256018028, 4.799999999999999822, -1.065775836162420998 ) ) ;
#4007 = CARTESIAN_POINT ( 'NONE',  ( -0.2406693848009778813, 4.799999999999999822, 1.497501297819756383 ) ) ;
#4008 = CARTESIAN_POINT ( 'NONE',  ( 0.6700568241666617908, 4.800000000000001599, 0.3755269912891310846 ) ) ;
#4009 = CARTESIAN_POINT ( 'NONE',  ( -2.039113777248817261, 4.800000000000000711, 0.4763530173516986599 ) ) ;
#4010 = CARTESIAN_POINT ( 'NONE',  ( 0.09805333974773489114, 4.799999999999999822, -1.397147663764630954 ) ) ;
#4011 = CARTESIAN_POINT ( 'NONE',  ( -0.3295427644907734099, 4.799999999999999822, 1.812530038233278962 ) ) ;
#4012 = VERTEX_POINT ( 'NONE', #2791 ) ;
#4013 = CARTESIAN_POINT ( 'NONE',  ( -1.043011030001810280, 4.799949999999705064, 1.127666537667359581 ) ) ;
#4014 = VERTEX_POINT ( 'NONE', #1271 ) ;
#4015 = DIRECTION ( 'NONE',  ( 0.0000000000000000000, 1.000000000000000000, 0.0000000000000000000 ) ) ;
#4016 = UNCERTAINTY_MEASURE_WITH_UNIT (LENGTH_MEASURE( 1.000000000000000082E-05 ), #3214, 'distance_accuracy_value', 'NONE');
#4017 = CARTESIAN_POINT ( 'NONE',  ( -0.2102563628462482126, 4.799999999999999822, -0.9673104881393422838 ) ) ;
#4018 = CARTESIAN_POINT ( 'NONE',  ( -1.248050858433182864, 4.799999999999999822, -0.2739878740973465954 ) ) ;
#4019 = CARTESIAN_POINT ( 'NONE',  ( 0.001764020498941424025, 4.800000000000001599, 1.363532082851370175 ) ) ;
#4020 = CARTESIAN_POINT ( 'NONE',  ( 2.064999999999996838, 4.799999999999999822, -2.564999999999999059 ) ) ;
#4021 = ORIENTED_EDGE ( 'NONE', *, *, #2050, .T. ) ;
#4022 = B_SPLINE_CURVE_WITH_KNOTS ( 'NONE', 3,
 ( #3218, #3166, #3537, #534 ),
 .UNSPECIFIED., .F., .F.,
 ( 4, 4 ),
 ( 0.0000000000000000000, 1.000000000000000000 ),
 .UNSPECIFIED. ) ;
#4023 = CARTESIAN_POINT ( 'NONE',  ( -0.2328459415712878233, 4.800000000000000711, -1.534776686269635260 ) ) ;
#4024 = CARTESIAN_POINT ( 'NONE',  ( 0.1294761648224125594, 4.799949999999999939, -1.237599987897385567 ) ) ;
#4025 = CARTESIAN_POINT ( 'NONE',  ( 0.03559776482244501883, 4.799949999999999939, 0.8232544121026184047 ) ) ;
#4026 = B_SPLINE_CURVE_WITH_KNOTS ( 'NONE', 3,
 ( #4796, #642, #2216, #3336, #4009, #1446, #689, #1403, #3293, #1019, #2948, #4401, #2926, #1041, #4084 ),
 .UNSPECIFIED., .F., .F.,
 ( 4, 1, 1, 2, 2, 1, 2, 2, 4 ),
 ( 0.0000000000000000000, 0.2500000000000137668, 0.3750000000000215383, 0.4375000000000268674, 0.5000000000000321965, 0.6250000000000393019, 0.6875000000000428546, 0.7500000000000464073, 1.000000000000000000 ),
 .UNSPECIFIED. ) ;
#4027 = VERTEX_POINT ( 'NONE', #3942 ) ;
#4028 = EDGE_CURVE ( 'NONE', #3095, #1209, #2602, .T. ) ;
#4029 = CARTESIAN_POINT ( 'NONE',  ( -1.047516427547809270, 4.800000000000000711, -0.4678024808148585900 ) ) ;
#4030 = CARTESIAN_POINT ( 'NONE',  ( 0.6424499739396433151, 4.799999999999998934, 0.2662342074160787275 ) ) ;
#4031 = CARTESIAN_POINT ( 'NONE',  ( 0.1543360231418522410, 4.799999999999998934, 1.079762270422017334 ) ) ;
#4032 = CARTESIAN_POINT ( 'NONE',  ( -0.4772790351775940687, 4.799949999999999939, -1.444457587897379325 ) ) ;
#4033 = EDGE_CURVE ( 'NONE', #3496, #3937, #4681, .T. ) ;
#4034 = CARTESIAN_POINT ( 'NONE',  ( -0.5332791317830873901, 4.799999999999999822, -1.386485767718776962 ) ) ;
#4035 = CARTESIAN_POINT ( 'NONE',  ( -0.2757551232120609708, 4.800000000000001599, -0.3932109912594685119 ) ) ;
#4036 = VERTEX_POINT ( 'NONE', #3479 ) ;
#4037 = CARTESIAN_POINT ( 'NONE',  ( -3.800000000000000266, -0.1000000000000000056, 0.0000000000000000000 ) ) ;
#4038 = ORIENTED_EDGE ( 'NONE', *, *, #4425, .T. ) ;
#4039 = CARTESIAN_POINT ( 'NONE',  ( -0.06157002644659745338, 4.799999999999998934, 0.1095954620383227662 ) ) ;
#4040 = EDGE_CURVE ( 'NONE', #2572, #2474, #2011, .T. ) ;
#4041 = CARTESIAN_POINT ( 'NONE',  ( -0.1998274983029214302, 4.799999999999999822, -1.498758123366537909 ) ) ;
#4042 = CARTESIAN_POINT ( 'NONE',  ( 0.02717250515509989084, 4.799999999999999822, 1.381230387235697243 ) ) ;
#4043 = CARTESIAN_POINT ( 'NONE',  ( -1.043791413056446293, 4.799999999999999822, 1.158057366646395137 ) ) ;
#4044 = VERTEX_POINT ( 'NONE', #850 ) ;
#4045 = B_SPLINE_CURVE_WITH_KNOTS ( 'NONE', 3,
 ( #2907, #2492, #4429, #3298, #2153, #236, #4753, #1023, #2518, #3595, #4013 ),
 .UNSPECIFIED., .F., .F.,
 ( 4, 2, 1, 2, 2, 4 ),
 ( 0.0000000000000000000, 0.2499999999999900080, 0.3749999999999896749, 0.4374999999999885647, 0.4999999999999874545, 1.000000000000000000 ),
 .UNSPECIFIED. ) ;
#4046 = FILL_AREA_STYLE_COLOUR ( '', #2559 ) ;
#4047 = CARTESIAN_POINT ( 'NONE',  ( -2.043011030001809392, 4.799950000000211325, 0.5249551406085357641 ) ) ;
#4048 = CARTESIAN_POINT ( 'NONE',  ( 0.2050665648224425652, 4.799949999999999939, 0.4761888121026139342 ) ) ;
#4049 = MECHANICAL_DESIGN_GEOMETRIC_PRESENTATION_REPRESENTATION (  '', ( #912 ), #1929 ) ;
#4050 = ORIENTED_EDGE ( 'NONE', *, *, #319, .T. ) ;
#4051 = COLOUR_RGB ( '',0.0000000000000000000, 0.0000000000000000000, 0.0000000000000000000 ) ;
#4052 = CARTESIAN_POINT ( 'NONE',  ( -0.1903994889411562697, 4.800000000000000711, -0.4073991478117951481 ) ) ;
#4053 = CARTESIAN_POINT ( 'NONE',  ( -1.053995868477902276, 4.800000000000000711, 0.5915343625257397653 ) ) ;
#4054 = B_SPLINE_CURVE_WITH_KNOTS ( 'NONE', 3,
 ( #441, #3034, #3454, #4860 ),
 .UNSPECIFIED., .F., .F.,
 ( 4, 4 ),
 ( 0.0000000000000000000, 1.000000000000000000 ),
 .UNSPECIFIED. ) ;
#4055 = EDGE_CURVE ( 'NONE', #982, #1534, #4073, .T. ) ;
#4056 = CARTESIAN_POINT ( 'NONE',  ( -0.1243412496703232145, 4.799999999999999822, -0.3686519994915892773 ) ) ;
#4057 = VECTOR ( 'NONE', #4726, 1000.000000000000000 ) ;
#4058 = DIRECTION ( 'NONE',  ( -1.624272917581280413E-16, 0.0000000000000000000, 1.000000000000000000 ) ) ;
#4059 = COLOUR_RGB ( '',0.8274509803921568096, 0.8392156862745098200, 0.8274509803921568096 ) ;
#4060 = LINE ( 'NONE', #2717, #275 ) ;
#4061 = ORIENTED_EDGE ( 'NONE', *, *, #3097, .T. ) ;
#4062 = ADVANCED_FACE ( 'NONE', ( #4245 ), #2016, .F. ) ;
#4063 = DIRECTION ( 'NONE',  ( 0.0000000000000000000, -0.0000000000000000000, 1.000000000000000000 ) ) ;
#4064 = VERTEX_POINT ( 'NONE', #3553 ) ;
#4065 =( NAMED_UNIT ( * ) PLANE_ANGLE_UNIT ( ) SI_UNIT ( $, .RADIAN. ) );
#4066 = VECTOR ( 'NONE', #3075, 1000.000000000000000 ) ;
#4067 =( LENGTH_UNIT ( ) NAMED_UNIT ( * ) SI_UNIT ( .MILLI., .METRE. ) );
#4068 = COLOUR_RGB ( '',1.000000000000000000, 1.000000000000000000, 1.000000000000000000 ) ;
#4069 = CARTESIAN_POINT ( 'NONE',  ( 0.08093512785283478450, 4.800000000000001599, -0.3438099433607073596 ) ) ;
#4070 = ADVANCED_FACE ( 'NONE', ( #169 ), #1687, .F. ) ;
#4071 = SURFACE_STYLE_USAGE ( .BOTH. , #3504 ) ;
#4072 = EDGE_LOOP ( 'NONE', ( #3339, #496, #3455, #4611 ) ) ;
#4073 = CIRCLE ( 'NONE', #1554, 0.5000000000000000000 ) ;
#4074 = CARTESIAN_POINT ( 'NONE',  ( -1.648709559413574777, 4.799949999999987504, 0.8142474200203005941 ) ) ;
#4075 = CARTESIAN_POINT ( 'NONE',  ( -0.1241174351775779783, 4.799949999999999939, -0.4825087878973826072 ) ) ;
#4076 = CARTESIAN_POINT ( 'NONE',  ( -0.2543602170551034769, 4.800000000000001599, 1.555811888074089211 ) ) ;
#4077 = PRESENTATION_LAYER_ASSIGNMENT (  '', '', ( #4385 ) ) ;
#4078 = ORIENTED_EDGE ( 'NONE', *, *, #2898, .T. ) ;
#4079 = LINE ( 'NONE', #732, #593 ) ;
#4080 = CARTESIAN_POINT ( 'NONE',  ( -1.046762435299557703, 4.800000000000001599, -0.4706064836347413904 ) ) ;
#4081 = CARTESIAN_POINT ( 'NONE',  ( -0.2337542324470847921, 4.799999999999999822, 1.553365893332685044 ) ) ;
#4082 = CARTESIAN_POINT ( 'NONE',  ( -0.3439947675750586464, 4.799999999999998934, 1.432223752328044331 ) ) ;
#4083 = CARTESIAN_POINT ( 'NONE',  ( -0.1988543673286634894, 4.799999999999999822, 1.027386259044964278 ) ) ;
#4084 = CARTESIAN_POINT ( 'NONE',  ( -1.990851103531222410, 4.799950000000221983, 0.4700378611967712117 ) ) ;
#4085 = FACE_OUTER_BOUND ( 'NONE', #3888, .T. ) ;
#4086 = CARTESIAN_POINT ( 'NONE',  ( 0.1814953648224086336, 4.799949999999999939, -1.313596787897388651 ) ) ;
#4087 = VERTEX_POINT ( 'NONE', #2203 ) ;
#4088 = CARTESIAN_POINT ( 'NONE',  ( 1.640824898482126537, 4.799949999999973294, -0.2858689695315729251 ) ) ;
#4089 = VERTEX_POINT ( 'NONE', #2113 ) ;
#4090 = B_SPLINE_CURVE_WITH_KNOTS ( 'NONE', 3,
 ( #2970, #3310, #1037, #2532, #4080, #4029, #2168, #707, #3655, #271, #4443, #3702, #4813, #1440, #1840 ),
 .UNSPECIFIED., .F., .F.,
 ( 4, 1, 1, 2, 2, 1, 2, 2, 4 ),
 ( 0.0000000000000000000, 0.2500000000000021094, 0.3750000000000049405, 0.4375000000000066058, 0.5000000000000082157, 0.6250000000000134337, 0.6875000000000129896, 0.7500000000000126565, 1.000000000000000000 ),
 .UNSPECIFIED. ) ;
#4091 = DIRECTION ( 'NONE',  ( -2.027096662965171211E-32, -1.000000000000000000, -1.624272917581280166E-16 ) ) ;
#4092 = DIRECTION ( 'NONE',  ( 0.0000000000000000000, 0.0000000000000000000, -1.000000000000000000 ) ) ;
#4093 = EDGE_CURVE ( 'NONE', #3121, #440, #2890, .T. ) ;
#4094 = CARTESIAN_POINT ( 'NONE',  ( -0.09810783517755562733, 4.799949999999999939, 0.8610496121026193217 ) ) ;
#4095 = B_SPLINE_CURVE_WITH_KNOTS ( 'NONE', 3,
 ( #4355, #1003, #2496, #3993 ),
 .UNSPECIFIED., .F., .F.,
 ( 4, 4 ),
 ( 0.0000000000000000000, 1.000000000000000000 ),
 .UNSPECIFIED. ) ;
#4096 = CARTESIAN_POINT ( 'NONE',  ( -1.095170956472398149, 4.799949999999693517, -0.4667728005679347980 ) ) ;
#4097 = CARTESIAN_POINT ( 'NONE',  ( 0.1783345901187619598, 4.800000000000000711, -0.5300817967898614480 ) ) ;
#4098 = ORIENTED_EDGE ( 'NONE', *, *, #2809, .F. ) ;
#4099 = PLANE ( 'NONE',  #34 ) ;
#4100 = CARTESIAN_POINT ( 'NONE',  ( -1.697346201570437918, 4.799999999999999822, 0.9937051406085359861 ) ) ;
#4101 = CARTESIAN_POINT ( 'NONE',  ( -1.649999999999999245, -0.1000000000000000056, -1.334999999999999298 ) ) ;
#4102 = VERTEX_POINT ( 'NONE', #1030 ) ;
#4103 = ORIENTED_EDGE ( 'NONE', *, *, #2672, .F. ) ;
#4104 = EDGE_CURVE ( 'NONE', #424, #4102, #4761, .T. ) ;
#4105 = CARTESIAN_POINT ( 'NONE',  ( -0.1411642253277200498, 4.799999999999999822, -0.4752724643345130895 ) ) ;
#4106 = CARTESIAN_POINT ( 'NONE',  ( -1.043233290708466487, 4.799999999999999822, 0.5401009889270400599 ) ) ;
#4107 = CARTESIAN_POINT ( 'NONE',  ( -3.799999999999999822, -0.09999999999999988065, -1.334999999999999298 ) ) ;
#4108 =( LENGTH_UNIT ( ) NAMED_UNIT ( * ) SI_UNIT ( .MILLI., .METRE. ) );
#4109 = CARTESIAN_POINT ( 'NONE',  ( -0.1363094351775860635, 4.799949999999999939, -1.294495987897384515 ) ) ;
#4110 = ORIENTED_EDGE ( 'NONE', *, *, #575, .F. ) ;
#4111 = CARTESIAN_POINT ( 'NONE',  ( -0.4171318351775410438, 4.799949999999999939, 1.354012812102628471 ) ) ;
#4112 = ORIENTED_EDGE ( 'NONE', *, *, #2201, .F. ) ;
#4113 = CARTESIAN_POINT ( 'NONE',  ( 0.1432937648224337501, 4.799949999999999939, 0.05028161210261479497 ) ) ;
#4114 = CARTESIAN_POINT ( 'NONE',  ( -0.06034201015706915777, 4.800000000000000711, 1.050037546264508181 ) ) ;
#4115 = CARTESIAN_POINT ( 'NONE',  ( -0.2895222351775618153, 4.799949999999999939, 0.2599840121026226747 ) ) ;
#4116 = SURFACE_SIDE_STYLE ('',( #2611 ) ) ;
#4117 = FILL_AREA_STYLE ('',( #3325 ) ) ;
#4118 = ORIENTED_EDGE ( 'NONE', *, *, #144, .T. ) ;
#4119 = B_SPLINE_CURVE_WITH_KNOTS ( 'NONE', 3,
 ( #2869, #2920, #2505, #2575 ),
 .UNSPECIFIED., .F., .F.,
 ( 4, 4 ),
 ( 0.0000000000000000000, 1.000000000000000000 ),
 .UNSPECIFIED. ) ;
#4120 = DIRECTION ( 'NONE',  ( -1.000000000000000000, -0.0000000000000000000, 0.0000000000000000000 ) ) ;
#4121 = VERTEX_POINT ( 'NONE', #1715 ) ;
#4122 = CARTESIAN_POINT ( 'NONE',  ( -0.1257430351775737365, 4.799949999999999939, -0.3504287878973799675 ) ) ;
#4123 = VERTEX_POINT ( 'NONE', #2525 ) ;
#4124 = EDGE_CURVE ( 'NONE', #1911, #547, #2290, .T. ) ;
#4125 = CARTESIAN_POINT ( 'NONE',  ( -0.2103902573834042500, 4.800000000000000711, -1.239503822436379687 ) ) ;
#4126 = B_SPLINE_CURVE_WITH_KNOTS ( 'NONE', 3,
 ( #4096, #1141, #3324, #767 ),
 .UNSPECIFIED., .F., .F.,
 ( 4, 4 ),
 ( 0.0000000000000000000, 1.000000000000000000 ),
 .UNSPECIFIED. ) ;
#4127 = CARTESIAN_POINT ( 'NONE',  ( -0.1448438351775507837, 4.799949999999999939, 0.9740288121026211554 ) ) ;
#4128 = EDGE_CURVE ( 'NONE', #1947, #2752, #3162, .T. ) ;
#4129 = SURFACE_SIDE_STYLE ('',( #2623 ) ) ;
#4130 = SURFACE_STYLE_FILL_AREA ( #1915 ) ;
#4131 = VECTOR ( 'NONE', #2910, 1000.000000000000000 ) ;
#4132 = CARTESIAN_POINT ( 'NONE',  ( -2.036654245681403630, 4.800000000000000711, -0.4739135316118222030 ) ) ;
#4133 =( LENGTH_UNIT ( ) NAMED_UNIT ( * ) SI_UNIT ( .MILLI., .METRE. ) );
#4134 = VECTOR ( 'NONE', #994, 1000.000000000000000 ) ;
#4135 = ORIENTED_EDGE ( 'NONE', *, *, #2056, .T. ) ;
#4136 = CARTESIAN_POINT ( 'NONE',  ( 1.619651350770352050, 4.800000000000000711, -0.3569343134940672901 ) ) ;
#4137 = ORIENTED_EDGE ( 'NONE', *, *, #4788, .T. ) ;
#4138 = CARTESIAN_POINT ( 'NONE',  ( -0.1572132920242617915, 4.800000000000001599, -1.321560506227316134 ) ) ;
#4139 = CARTESIAN_POINT ( 'NONE',  ( 0.1050748723220381736, 4.800000000000000711, 0.5854206640707916298 ) ) ;
#4140 = DIRECTION ( 'NONE',  ( 0.0000000000000000000, 0.0000000000000000000, -1.000000000000000000 ) ) ;
#4141 = ORIENTED_EDGE ( 'NONE', *, *, #2157, .T. ) ;
#4142 = CARTESIAN_POINT ( 'NONE',  ( -0.2465204525465734819, 4.799999999999999822, -1.601609500048831292 ) ) ;
#4143 = VECTOR ( 'NONE', #4373, 1000.000000000000000 ) ;
#4144 = ORIENTED_EDGE ( 'NONE', *, *, #17, .F. ) ;
#4145 =( NAMED_UNIT ( * ) PLANE_ANGLE_UNIT ( ) SI_UNIT ( $, .RADIAN. ) );
#4146 = CARTESIAN_POINT ( 'NONE',  ( -0.2488822351775308306, 4.799949999999999939, 1.838848012102624718 ) ) ;
#4147 = EDGE_CURVE ( 'NONE', #3375, #1502, #4755, .T. ) ;
#4148 = ORIENTED_EDGE ( 'NONE', *, *, #1750, .F. ) ;
#4149 = EDGE_LOOP ( 'NONE', ( #3348, #2723, #3768 ) ) ;
#4150 = ORIENTED_EDGE ( 'NONE', *, *, #946, .T. ) ;
#4151 = EDGE_CURVE ( 'NONE', #4721, #3121, #627, .T. ) ;
#4152 = CARTESIAN_POINT ( 'NONE',  ( 1.639617234208267105, 4.799999999999998934, -0.2457653778719728066 ) ) ;
#4153 = CARTESIAN_POINT ( 'NONE',  ( 0.1265459915513146294, 4.800000000000000711, -1.128093906670449398 ) ) ;
#4154 = CARTESIAN_POINT ( 'NONE',  ( -2.565000000000000391, 4.799999999999999822, -2.064999999999995062 ) ) ;
#4155 = CARTESIAN_POINT ( 'NONE',  ( -2.042319464233487647, 4.799999999999999822, -0.2650032793326703162 ) ) ;
#4156 = VERTEX_POINT ( 'NONE', #2914 ) ;
#4157 = CARTESIAN_POINT ( 'NONE',  ( -0.2895222351775618153, 4.799949999999999939, 0.2599840121026226747 ) ) ;
#4158 = EDGE_LOOP ( 'NONE', ( #4098, #426, #4451, #1024 ) ) ;
#4159 = B_SPLINE_CURVE_WITH_KNOTS ( 'NONE', 3,
 ( #4747, #2875, #2512, #4322 ),
 .UNSPECIFIED., .F., .F.,
 ( 4, 4 ),
 ( 0.0000000000000000000, 1.000000000000000000 ),
 .UNSPECIFIED. ) ;
#4160 = EDGE_LOOP ( 'NONE', ( #1961, #1982, #1370, #459 ) ) ;
#4161 = CARTESIAN_POINT ( 'NONE',  ( 0.1778123189847681251, 4.799999999999999822, -1.059772989890475303 ) ) ;
#4162 = CARTESIAN_POINT ( 'NONE',  ( 0.04162775018539185967, 4.800000000000000711, 0.2472495418934703149 ) ) ;
#4163 = CYLINDRICAL_SURFACE ( 'NONE', #2186, 0.2999999999999999334 ) ;
#4164 = CARTESIAN_POINT ( 'NONE',  ( -1.083457895233556956, 4.799999999999999822, 1.186870037478892748 ) ) ;
#4165 = ORIENTED_EDGE ( 'NONE', *, *, #1863, .T. ) ;
#4166 = DIRECTION ( 'NONE',  ( -1.248002500702738800E-16, 1.314184451497581259E-16, -1.000000000000000000 ) ) ;
#4167 = CARTESIAN_POINT ( 'NONE',  ( 0.0000000000000000000, 0.0000000000000000000, 1.334999999999998854 ) ) ;
#4168 = B_SPLINE_CURVE_WITH_KNOTS ( 'NONE', 3,
 ( #483, #4591, #1975, #2724 ),
 .UNSPECIFIED., .F., .F.,
 ( 4, 4 ),
 ( 0.0000000000000000000, 1.000000000000000000 ),
 .UNSPECIFIED. ) ;
#4169 = VERTEX_POINT ( 'NONE', #1052 ) ;
#4170 =( BOUNDED_CURVE ( )  B_SPLINE_CURVE ( 3, ( #260, #1781, #2134, #1407 ),
 .UNSPECIFIED., .F., .T. ) 
 B_SPLINE_CURVE_WITH_KNOTS ( ( 4, 4 ),
 ( 0.0000000000000000000, 1.570796326794896780 ),
 .UNSPECIFIED. ) 
 CURVE ( )  GEOMETRIC_REPRESENTATION_ITEM ( )  RATIONAL_B_SPLINE_CURVE ( ( 1.000000000000000000, 0.8047378541243649375, 0.8047378541243649375, 1.000000000000000000 ) ) 
 REPRESENTATION_ITEM ( '' )  );
#4171 = CARTESIAN_POINT ( 'NONE',  ( -3.800000000000000266, 3.299999999999999822, 1.335000000000000187 ) ) ;
#4172 = CARTESIAN_POINT ( 'NONE',  ( -3.410000000000000586, 0.2999999999999999334, -3.475000000000000533 ) ) ;
#4173 = CARTESIAN_POINT ( 'NONE',  ( -1.066678309413574777, 4.799949999999745920, 0.2234845523732418571 ) ) ;
#4174 = CARTESIAN_POINT ( 'NONE',  ( 1.640824898482126537, 4.799949999999973294, -0.2858689695315729251 ) ) ;
#4175 = PRESENTATION_STYLE_ASSIGNMENT (( #3163 ) ) ;
#4176 = CARTESIAN_POINT ( 'NONE',  ( 0.6408248984821263150, 4.799950000000211325, -0.2782862489433373110 ) ) ;
#4177 = CARTESIAN_POINT ( 'NONE',  ( -0.1774893067734372998, 4.799999999999999822, -1.798098250812607102 ) ) ;
#4178 = PRODUCT_DEFINITION_SHAPE ( 'NONE', 'NONE',  #1958 ) ;
#4179 = DIRECTION ( 'NONE',  ( 0.0000000000000000000, -0.0000000000000000000, 1.000000000000000000 ) ) ;
#4180 = ORIENTED_EDGE ( 'NONE', *, *, #845, .T. ) ;
#4181 = FILL_AREA_STYLE_COLOUR ( '', #4371 ) ;
#4182 = EDGE_CURVE ( 'NONE', #1261, #3690, #3391, .T. ) ;
#4183 = ORIENTED_EDGE ( 'NONE', *, *, #2867, .F. ) ;
#4184 = CARTESIAN_POINT ( 'NONE',  ( -0.5776598351775620310, 4.799949999999999939, 0.2282848121026260779 ) ) ;
#4185 = CARTESIAN_POINT ( 'NONE',  ( -0.07509355709642198673, 4.800000000000000711, 0.1800662673632455191 ) ) ;
#4186 = ORIENTED_EDGE ( 'NONE', *, *, #2898, .F. ) ;
#4187 = CARTESIAN_POINT ( 'NONE',  ( -0.03470943517757188457, 4.799949999999999939, -0.2012799878973835221 ) ) ;
#4188 = EDGE_CURVE ( 'NONE', #623, #494, #1178, .T. ) ;
#4189 = CARTESIAN_POINT ( 'NONE',  ( 2.565000000000000391, 4.799999999999999822, -2.064999999999997282 ) ) ;
#4190 = CARTESIAN_POINT ( 'NONE',  ( -3.710000000000000409, 4.790000000000000036, 3.174999999999999822 ) ) ;
#4191 = ORIENTED_EDGE ( 'NONE', *, *, #232, .T. ) ;
#4192 =( NAMED_UNIT ( * ) SI_UNIT ( $, .STERADIAN. ) SOLID_ANGLE_UNIT ( ) );
#4193 = B_SPLINE_CURVE_WITH_KNOTS ( 'NONE', 3,
 ( #3236, #1415, #1033, #2895, #4739, #1372, #1816, #1057, #1791, #2550, #4047 ),
 .UNSPECIFIED., .F., .F.,
 ( 4, 2, 1, 2, 2, 4 ),
 ( 0.0000000000000000000, 0.2499999999999794609, 0.3749999999999764078, 0.4374999999999770184, 0.4999999999999776845, 1.000000000000000000 ),
 .UNSPECIFIED. ) ;
#4194 = CARTESIAN_POINT ( 'NONE',  ( 0.1424809648224237280, 4.799949999999999939, -0.4662527878973858342 ) ) ;
#4195 = CARTESIAN_POINT ( 'NONE',  ( -1.553810662354751404, 4.799950000000002603, -0.09292169762675818456 ) ) ;
#4196 = CARTESIAN_POINT ( 'NONE',  ( 3.409999999999998810, 4.790000000000000036, -3.475000000000000533 ) ) ;
#4197 = CARTESIAN_POINT ( 'NONE',  ( -1.083457895233560730, 4.799999999999999822, 0.3633406257141851281 ) ) ;
#4198 = SURFACE_STYLE_FILL_AREA ( #532 ) ;
#4199 = CARTESIAN_POINT ( 'NONE',  ( 0.6510171679549918711, 4.799999999999999822, -0.2128233398336351889 ) ) ;
#4200 = CARTESIAN_POINT ( 'NONE',  ( -1.329545956472398149, 4.799999999999999822, 0.8965850425693202563 ) ) ;
#4201 = B_SPLINE_CURVE_WITH_KNOTS ( 'NONE', 3,
 ( #2911, #379, #4500, #1853, #1140, #309, #2632, #2590, #4094 ),
 .UNSPECIFIED., .F., .F.,
 ( 4, 1, 2, 2, 4 ),
 ( 0.0000000000000000000, 0.2500000000000007216, 0.3750000000000011102, 0.5000000000000014433, 1.000000000000000000 ),
 .UNSPECIFIED. ) ;
#4202 = EDGE_CURVE ( 'NONE', #1282, #3688, #2754, .T. ) ;
#4203 = ORIENTED_EDGE ( 'NONE', *, *, #908, .F. ) ;
#4204 = VERTEX_POINT ( 'NONE', #4460 ) ;
#4205 = COLOUR_RGB ( '',0.0000000000000000000, 0.0000000000000000000, 0.0000000000000000000 ) ;
#4206 = CARTESIAN_POINT ( 'NONE',  ( 0.04695313167252729986, 4.799999999999998934, -0.9587754003550519322 ) ) ;
#4207 = VERTEX_POINT ( 'NONE', #4502 ) ;
#4208 = CARTESIAN_POINT ( 'NONE',  ( 0.09614033375878988652, 4.799999999999999822, 0.5709482129506813219 ) ) ;
#4209 = CARTESIAN_POINT ( 'NONE',  ( -0.06275103517758633120, 4.799949999999999939, -1.320911987897387174 ) ) ;
#4210 = ADVANCED_FACE ( 'NONE', ( #3368 ), #815, .T. ) ;
#4211 = ORIENTED_EDGE ( 'NONE', *, *, #4302, .F. ) ;
#4212 = B_SPLINE_CURVE_WITH_KNOTS ( 'NONE', 3,
 ( #1587, #3085, #4584, #1227 ),
 .UNSPECIFIED., .F., .F.,
 ( 4, 4 ),
 ( 0.0000000000000000000, 1.000000000000000000 ),
 .UNSPECIFIED. ) ;
#4213 = CARTESIAN_POINT ( 'NONE',  ( 0.008835968528106677780, 4.800000000000001599, -0.6016238254653463180 ) ) ;
#4214 = ORIENTED_EDGE ( 'NONE', *, *, #4420, .T. ) ;
#4215 = UNCERTAINTY_MEASURE_WITH_UNIT (LENGTH_MEASURE( 1.000000000000000082E-05 ), #4382, 'distance_accuracy_value', 'NONE');
#4216 = STYLED_ITEM ( 'NONE', ( #3508 ), #2119 ) ;
#4217 = CARTESIAN_POINT ( 'NONE',  ( 0.1510455300494827624, 4.800000000000000711, -1.562500024819483135 ) ) ;
#4218 = CARTESIAN_POINT ( 'NONE',  ( 0.1067177648224112430, 4.799949999999999939, -1.400159987897387825 ) ) ;
#4219 = ORIENTED_EDGE ( 'NONE', *, *, #4001, .F. ) ;
#4220 = PRESENTATION_LAYER_ASSIGNMENT (  '', '', ( #3820 ) ) ;
#4221 =( NAMED_UNIT ( * ) PLANE_ANGLE_UNIT ( ) SI_UNIT ( $, .RADIAN. ) );
#4222 = CARTESIAN_POINT ( 'NONE',  ( 0.1632073648224312556, 4.799949999999999939, -0.1008991878973875267 ) ) ;
#4223 = CARTESIAN_POINT ( 'NONE',  ( 0.1274441648224551582, 4.799949999999999939, 1.392214412102615873 ) ) ;
#4224 = CARTESIAN_POINT ( 'NONE',  ( -0.1867762966766929322, 4.799999999999999822, 0.9894791456113839478 ) ) ;
#4225 = CARTESIAN_POINT ( 'NONE',  ( 0.1236772404309735701, 4.800000000000000711, 1.226524823686583332 ) ) ;
#4226 = PRESENTATION_LAYER_ASSIGNMENT (  '', '', ( #3596 ) ) ;
#4227 = CARTESIAN_POINT ( 'NONE',  ( 0.3141970183881603318, 4.799999999999998934, -1.363628390938439239 ) ) ;
#4228 = CARTESIAN_POINT ( 'NONE',  ( -0.3075209574035976390, 4.799999999999999822, -1.707016441988524091 ) ) ;
#4229 = SURFACE_STYLE_USAGE ( .BOTH. , #2721 ) ;
#4230 = CARTESIAN_POINT ( 'NONE',  ( -0.1752673538746648829, 4.800000000000000711, -1.771311709971145953 ) ) ;
#4231 = B_SPLINE_CURVE_WITH_KNOTS ( 'NONE', 3,
 ( #620, #950, #3225, #159 ),
 .UNSPECIFIED., .F., .F.,
 ( 4, 4 ),
 ( 0.0000000000000000000, 1.000000000000000000 ),
 .UNSPECIFIED. ) ;
#4232 = VERTEX_POINT ( 'NONE', #1172 ) ;
#4233 = CARTESIAN_POINT ( 'NONE',  ( -0.1875158351775998988, 4.799949999999999939, -1.853295987897385810 ) ) ;
#4234 = ORIENTED_EDGE ( 'NONE', *, *, #4692, .T. ) ;
#4235 = CARTESIAN_POINT ( 'NONE',  ( 0.08284577602330210622, 4.800000000000001599, -0.9563471446270979115 ) ) ;
#4236 = VERTEX_POINT ( 'NONE', #1832 ) ;
#4237 = CARTESIAN_POINT ( 'NONE',  ( 0.1315064214682612476, 4.800000000000001599, 0.6193414477810770258 ) ) ;
#4238 = CARTESIAN_POINT ( 'NONE',  ( 0.1323171044633812965, 4.800000000000000711, 0.3618458422645364214 ) ) ;
#4239 = CARTESIAN_POINT ( 'NONE',  ( -0.1493142351775486598, 4.799949999999999939, 1.167881612102623645 ) ) ;
#4240 = ORIENTED_EDGE ( 'NONE', *, *, #807, .F. ) ;
#4241 = B_SPLINE_CURVE_WITH_KNOTS ( 'NONE', 3,
 ( #2420, #2732, #1980, #840 ),
 .UNSPECIFIED., .F., .F.,
 ( 4, 4 ),
 ( 0.0000000000000000000, 1.000000000000000000 ),
 .UNSPECIFIED. ) ;
#4242 = ADVANCED_FACE ( 'NONE', ( #2662 ), #2612, .F. ) ;
#4243 = CARTESIAN_POINT ( 'NONE',  ( -0.2719460931125900482, 4.799999999999999822, 0.6892111518372595613 ) ) ;
#4244 = ORIENTED_EDGE ( 'NONE', *, *, #4454, .T. ) ;
#4245 = FACE_OUTER_BOUND ( 'NONE', #2063, .T. ) ;
#4246 = ORIENTED_EDGE ( 'NONE', *, *, #1329, .F. ) ;
#4247 = EDGE_CURVE ( 'NONE', #1097, #3868, #4635, .T. ) ;
#4248 = CARTESIAN_POINT ( 'NONE',  ( 0.1826194978620202802, 4.800000000000000711, 1.473453681936144344 ) ) ;
#4249 = PLANE ( 'NONE',  #196 ) ;
#4250 = CARTESIAN_POINT ( 'NONE',  ( -1.043011030001810280, 4.799949999999705064, 0.3041371259026536267 ) ) ;
#4251 = CARTESIAN_POINT ( 'NONE',  ( -1.400930760393967134, 4.799999999999999822, 0.6400746259026535157 ) ) ;
#4252 = VERTEX_POINT ( 'NONE', #4239 ) ;
#4253 =( NAMED_UNIT ( * ) PLANE_ANGLE_UNIT ( ) SI_UNIT ( $, .RADIAN. ) );
#4254 = CARTESIAN_POINT ( 'NONE',  ( -0.5113892810464217842, 4.799999999999999822, 1.495541634329710101 ) ) ;
#4255 = B_SPLINE_CURVE_WITH_KNOTS ( 'NONE', 3,
 ( #1698, #2775, #4641, #1353 ),
 .UNSPECIFIED., .F., .F.,
 ( 4, 4 ),
 ( 0.0000000000000000000, 1.000000000000000000 ),
 .UNSPECIFIED. ) ;
#4256 = ORIENTED_EDGE ( 'NONE', *, *, #1299, .F. ) ;
#4257 = CARTESIAN_POINT ( 'NONE',  ( -0.02943114289688497989, 4.799999999999999822, 0.2043723524345971987 ) ) ;
#4258 = CARTESIAN_POINT ( 'NONE',  ( -0.5532758351775372008, 4.799949999999999939, 1.629145612102631091 ) ) ;
#4259 = ORIENTED_EDGE ( 'NONE', *, *, #4321, .T. ) ;
#4260 = B_SPLINE_CURVE_WITH_KNOTS ( 'NONE', 3,
 ( #4698, #540, #3954, #2780, #2418, #4279, #2101, #4749, #3591, #208 ),
 .UNSPECIFIED., .F., .F.,
 ( 4, 1, 1, 2, 2, 4 ),
 ( 0.0000000000000000000, 0.2500000000000021649, 0.3750000000000032196, 0.4375000000000030531, 0.5000000000000028866, 1.000000000000000000 ),
 .UNSPECIFIED. ) ;
#4261 = CARTESIAN_POINT ( 'NONE',  ( -2.019343750590045339, 4.799950000000171357, -1.046736035862052328 ) ) ;
#4262 = DIRECTION ( 'NONE',  ( 0.0000000000000000000, 0.0000000000000000000, -1.000000000000000000 ) ) ;
#4263 = CARTESIAN_POINT ( 'NONE',  ( -1.043011030001810280, 4.799949999999705064, 1.127666537667359581 ) ) ;
#4264 = VERTEX_POINT ( 'NONE', #2397 ) ;
#4265 =( NAMED_UNIT ( * ) SI_UNIT ( $, .STERADIAN. ) SOLID_ANGLE_UNIT ( ) );
#4266 = CARTESIAN_POINT ( 'NONE',  ( -3.710000000000000853, 4.790000000000000036, 3.350735931288071789 ) ) ;
#4267 = ORIENTED_EDGE ( 'NONE', *, *, #1279, .T. ) ;
#4268 = DIRECTION ( 'NONE',  ( 0.0000000000000000000, -1.000000000000000000, 0.0000000000000000000 ) ) ;
#4269 = CARTESIAN_POINT ( 'NONE',  ( -1.043116903076245938, 4.799999999999999822, 0.4890562050017130402 ) ) ;
#4270 = EDGE_CURVE ( 'NONE', #2621, #1189, #3996, .T. ) ;
#4271 = DIRECTION ( 'NONE',  ( -0.0000000000000000000, -1.000000000000000000, -0.0000000000000000000 ) ) ;
#4272 = CARTESIAN_POINT ( 'NONE',  ( 0.2034543079181881653, 4.799999999999999822, -0.03025548154505498799 ) ) ;
#4273 = CARTESIAN_POINT ( 'NONE',  ( -1.248050858433182864, 4.799999999999999822, 0.5495415376673593588 ) ) ;
#4274 = CARTESIAN_POINT ( 'NONE',  ( 0.08558496482246116810, 4.799949999999999939, 1.450736012102620043 ) ) ;
#4275 = ADVANCED_FACE ( 'NONE', ( #2422 ), #3546, .T. ) ;
#4276 = ORIENTED_EDGE ( 'NONE', *, *, #2927, .F. ) ;
#4277 = CARTESIAN_POINT ( 'NONE',  ( -0.1313088594202036774, 4.800000000000000711, 0.3598869177301702305 ) ) ;
#4278 = CARTESIAN_POINT ( 'NONE',  ( 0.05170872798317064506, 4.800000000000000711, -0.9578947709179812531 ) ) ;
#4279 = CARTESIAN_POINT ( 'NONE',  ( -0.02608572031600376803, 4.799999999999999822, 0.8826485618786161780 ) ) ;
#4280 = CARTESIAN_POINT ( 'NONE',  ( -1.043011030001810058, 4.799949999999973294, -1.129686403509111203 ) ) ;
#4281 = COLOUR_RGB ( '',0.8274509803921568096, 0.8392156862745098200, 0.8274509803921568096 ) ;
#4282 = ORIENTED_EDGE ( 'NONE', *, *, #4724, .T. ) ;
#4283 = CARTESIAN_POINT ( 'NONE',  ( 0.1424809648224237280, 4.799949999999999939, -0.4662527878973858342 ) ) ;
#4284 = EDGE_LOOP ( 'NONE', ( #4509, #4879, #2553, #1173, #1708, #926, #213, #4555 ) ) ;
#4285 = DIRECTION ( 'NONE',  ( -1.000000000000000000, -0.0000000000000000000, 0.0000000000000000000 ) ) ;
#4286 = ORIENTED_EDGE ( 'NONE', *, *, #4398, .T. ) ;
#4287 = B_SPLINE_CURVE_WITH_KNOTS ( 'NONE', 3,
 ( #2104, #2465, #2078, #2857 ),
 .UNSPECIFIED., .F., .F.,
 ( 4, 4 ),
 ( 0.0000000000000000000, 1.000000000000000000 ),
 .UNSPECIFIED. ) ;
#4288 = CARTESIAN_POINT ( 'NONE',  ( -0.3537714533648171900, 4.799999999999999822, 0.2909668571710664620 ) ) ;
#4289 = DIRECTION ( 'NONE',  ( -0.0000000000000000000, 0.0000000000000000000, -1.000000000000000000 ) ) ;
#4290 =( GEOMETRIC_REPRESENTATION_CONTEXT ( 3 ) GLOBAL_UNCERTAINTY_ASSIGNED_CONTEXT ( ( #3175 ) ) GLOBAL_UNIT_ASSIGNED_CONTEXT ( ( #2975, #1042, #1498 ) ) REPRESENTATION_CONTEXT ( 'NONE', 'WORKASPACE' ) );
#4291 = CARTESIAN_POINT ( 'NONE',  ( -2.021133575161536022, 4.799999999999999822, -0.3645632373869799325 ) ) ;
#4292 = CARTESIAN_POINT ( 'NONE',  ( -0.5011310207449940490, 4.799999999999999822, 0.3054595444884266042 ) ) ;
#4293 = PRESENTATION_LAYER_ASSIGNMENT (  '', '', ( #1009 ) ) ;
#4294 = EDGE_CURVE ( 'NONE', #131, #4703, #754, .T. ) ;
#4295 = CARTESIAN_POINT ( 'NONE',  ( 0.07490393918141464991, 4.799999999999999822, 0.4900064121026175279 ) ) ;
#4296 = CARTESIAN_POINT ( 'NONE',  ( 0.09668962132479655414, 4.800000000000001599, -1.433564718803557181 ) ) ;
#4297 = AXIS2_PLACEMENT_3D ( 'NONE', #3895, #1962, #1252 ) ;
#4298 = ORIENTED_EDGE ( 'NONE', *, *, #3612, .F. ) ;
#4299 = CARTESIAN_POINT ( 'NONE',  ( 0.1629051523015534186, 4.799999999999999822, 1.091006866248385165 ) ) ;
#4300 = CARTESIAN_POINT ( 'NONE',  ( 3.709999999999999076, 4.790000000000000924, -3.175000000000000711 ) ) ;
#4301 = PRESENTATION_LAYER_ASSIGNMENT (  '', '', ( #356 ) ) ;
#4302 = EDGE_CURVE ( 'NONE', #3744, #517, #2412, .T. ) ;
#4303 = LINE ( 'NONE', #3518, #1934 ) ;
#4304 = CARTESIAN_POINT ( 'NONE',  ( -2.064999999999996838, 4.799999999999999822, -2.564999999999998614 ) ) ;
#4305 =( GEOMETRIC_REPRESENTATION_CONTEXT ( 3 ) GLOBAL_UNCERTAINTY_ASSIGNED_CONTEXT ( ( #1758 ) ) GLOBAL_UNIT_ASSIGNED_CONTEXT ( ( #2443, #596, #1733 ) ) REPRESENTATION_CONTEXT ( 'NONE', 'WORKASPACE' ) );
#4306 = B_SPLINE_CURVE_WITH_KNOTS ( 'NONE', 3,
 ( #779, #4083, #4542, #299 ),
 .UNSPECIFIED., .F., .F.,
 ( 4, 4 ),
 ( 0.0000000000000000000, 1.000000000000000000 ),
 .UNSPECIFIED. ) ;
#4307 = CARTESIAN_POINT ( 'NONE',  ( -0.2384108757054730909, 4.799999999999999822, 1.159053676988464288 ) ) ;
#4308 = VERTEX_POINT ( 'NONE', #3958 ) ;
#4309 = CARTESIAN_POINT ( 'NONE',  ( 0.1616057966542963076, 4.799999999999999822, 0.1709204205936094845 ) ) ;
#4310 = ORIENTED_EDGE ( 'NONE', *, *, #3421, .T. ) ;
#4311 = UNCERTAINTY_MEASURE_WITH_UNIT (LENGTH_MEASURE( 1.000000000000000082E-05 ), #2315, 'distance_accuracy_value', 'NONE');
#4312 = CARTESIAN_POINT ( 'NONE',  ( -1.053995868477907605, 4.799999999999999822, -1.055524461003669145 ) ) ;
#4313 = ORIENTED_EDGE ( 'NONE', *, *, #3787, .T. ) ;
#4314 = CARTESIAN_POINT ( 'NONE',  ( 1.629468355485184761, 4.799999999999998046, 0.3881352499837332770 ) ) ;
#4315 = DIRECTION ( 'NONE',  ( 1.000000000000000000, 0.0000000000000000000, 0.0000000000000000000 ) ) ;
#4316 = CARTESIAN_POINT ( 'NONE',  ( -2.035838701458312361, 4.800000000000002487, -0.3572967870553820924 ) ) ;
#4317 = DIRECTION ( 'NONE',  ( 1.248002500702738800E-16, 0.0000000000000000000, 1.000000000000000000 ) ) ;
#4318 = CARTESIAN_POINT ( 'NONE',  ( -0.1318498055879292752, 4.799999999999999822, 1.866553648495266504 ) ) ;
#4319 = CARTESIAN_POINT ( 'NONE',  ( -1.044183732109728480, 4.799999999999999822, -0.2669767986346917032 ) ) ;
#4320 = ORIENTED_EDGE ( 'NONE', *, *, #1473, .T. ) ;
#4321 = EDGE_CURVE ( 'NONE', #4721, #3181, #3622, .T. ) ;
#4322 = CARTESIAN_POINT ( 'NONE',  ( -0.3009014351775391449, 4.799949999999999939, 1.621830412102625685 ) ) ;
#4323 = CARTESIAN_POINT ( 'NONE',  ( -0.3729996465246191995, 4.799999999999999822, 1.355107006207222575 ) ) ;
#4324 = CARTESIAN_POINT ( 'NONE',  ( -0.5034122312805697774, 4.800000000000000711, 1.562265611570722967 ) ) ;
#4325 = CARTESIAN_POINT ( 'NONE',  ( 0.07816267684389102688, 4.800000000000001599, -1.391911208322188509 ) ) ;
#4326 = CARTESIAN_POINT ( 'NONE',  ( -2.564999999999999503, 4.799999999999999822, 2.064999999999997726 ) ) ;
#4327 = ORIENTED_EDGE ( 'NONE', *, *, #1588, .T. ) ;
#4328 = ADVANCED_FACE ( 'NONE', ( #571 ), #2835, .F. ) ;
#4329 = ORIENTED_EDGE ( 'NONE', *, *, #4505, .F. ) ;
#4330 = CARTESIAN_POINT ( 'NONE',  ( 0.1294761648224403150, 4.799949999999999939, 0.4526176121026172505 ) ) ;
#4331 = FILL_AREA_STYLE_COLOUR ( '', #4281 ) ;
#4332 = CARTESIAN_POINT ( 'NONE',  ( -1.095170956472398593, 4.799950000000012373, -0.3645209623326407522 ) ) ;
#4333 = CARTESIAN_POINT ( 'NONE',  ( 0.1087497648224120123, 4.799949999999999939, -1.049436787897386925 ) ) ;
#4334 = EDGE_CURVE ( 'NONE', #2562, #797, #3692, .T. ) ;
#4335 = CARTESIAN_POINT ( 'NONE',  ( -0.09523638923293291370, 4.799999999999999822, -0.1138398402528924130 ) ) ;
#4336 = EDGE_LOOP ( 'NONE', ( #4882, #2804, #2033, #2403, #2177, #2657, #1876, #1187, #3210, #401, #2702, #4203, #2725, #2635, #42, #4754 ) ) ;
#4337 = CARTESIAN_POINT ( 'NONE',  ( 3.710000000000000409, 4.790000000000000036, 3.174999999999999822 ) ) ;
#4338 = CARTESIAN_POINT ( 'NONE',  ( -1.052842866023042001, 4.800000000000001599, 0.4518049583752307696 ) ) ;
#4339 = CARTESIAN_POINT ( 'NONE',  ( 0.09766200419298776136, 4.800000000000000711, 0.5533062998976734370 ) ) ;
#4340 = VERTEX_POINT ( 'NONE', #1340 ) ;
#4341 = CARTESIAN_POINT ( 'NONE',  ( -2.010739916746147049, 4.799999999999999822, -1.186437601146474119 ) ) ;
#4342 = CARTESIAN_POINT ( 'NONE',  ( 0.07000832449714949890, 4.799999999999999822, -1.475504116287699174 ) ) ;
#4343 = ORIENTED_EDGE ( 'NONE', *, *, #405, .T. ) ;
#4344 = CARTESIAN_POINT ( 'NONE',  ( -0.2394056663863666223, 4.799999999999998934, -1.850955383592767900 ) ) ;
#4345 = CARTESIAN_POINT ( 'NONE',  ( -0.3059160020311314510, 4.800000000000000711, 1.370810317630599684 ) ) ;
#4346 = LINE ( 'NONE', #3146, #4134 ) ;
#4347 = EDGE_CURVE ( 'NONE', #4064, #1261, #4045, .T. ) ;
#4348 = CARTESIAN_POINT ( 'NONE',  ( 0.05800387636537256142, 4.799999999999998046, -1.386229416246987700 ) ) ;
#4349 = CARTESIAN_POINT ( 'NONE',  ( -0.1806175232443617273, 4.800000000000000711, 1.454876283002076498 ) ) ;
#4350 = VERTEX_POINT ( 'NONE', #2467 ) ;
#4351 = SURFACE_STYLE_FILL_AREA ( #647 ) ;
#4352 = VERTEX_POINT ( 'NONE', #669 ) ;
#4353 = CARTESIAN_POINT ( 'NONE',  ( 0.1831209648224096376, 4.799949999999999939, -1.398127987897389568 ) ) ;
#4354 = B_SPLINE_CURVE_WITH_KNOTS ( 'NONE', 3,
 ( #2902, #1334, #4323, #2460, #4345, #1727, #1402, #4723 ),
 .UNSPECIFIED., .F., .F.,
 ( 4, 2, 2, 4 ),
 ( 0.0000000000000000000, 0.2500000000000004441, 0.5000000000000008882, 1.000000000000000000 ),
 .UNSPECIFIED. ) ;
#4355 = CARTESIAN_POINT ( 'NONE',  ( -0.4179446351775545354, 4.799949999999999939, 0.6846720121026256267 ) ) ;
#4356 = ADVANCED_FACE ( 'NONE', ( #999 ), #1709, .F. ) ;
#4357 = CARTESIAN_POINT ( 'NONE',  ( 0.1351657648224167951, 4.799949999999999939, -0.8811871878973897010 ) ) ;
#4358 = CARTESIAN_POINT ( 'NONE',  ( -1.398786152550829831, 4.799999999999999822, 0.1743117582555949452 ) ) ;
#4359 = CARTESIAN_POINT ( 'NONE',  ( -0.4621956371995876722, 4.800000000000001599, 0.2044393134985807992 ) ) ;
#4360 = ORIENTED_EDGE ( 'NONE', *, *, #2596, .T. ) ;
#4361 = AXIS2_PLACEMENT_3D ( 'NONE', #695, #3646, #3003 ) ;
#4362 = CARTESIAN_POINT ( 'NONE',  ( -0.07453663517759458179, 4.799949999999999939, -1.557030387897384127 ) ) ;
#4363 = COLOUR_RGB ( '',0.8274509803921568096, 0.8392156862745098200, 0.8274509803921568096 ) ;
#4364 = CARTESIAN_POINT ( 'NONE',  ( -0.3411130152382400027, 4.799999999999999822, 0.4848769993588032956 ) ) ;
#4365 = B_SPLINE_CURVE_WITH_KNOTS ( 'NONE', 3,
 ( #4187, #2281, #384, #794 ),
 .UNSPECIFIED., .F., .F.,
 ( 4, 4 ),
 ( 0.0000000000000000000, 1.000000000000000000 ),
 .UNSPECIFIED. ) ;
#4366 = CARTESIAN_POINT ( 'NONE',  ( 0.1577684154919802573, 4.800000000000000711, 0.5281229935377528273 ) ) ;
#4367 = EDGE_LOOP ( 'NONE', ( #3782, #1898, #82, #4021 ) ) ;
#4368 = ADVANCED_FACE ( 'NONE', ( #622, #2132 ), #330, .T. ) ;
#4369 = CARTESIAN_POINT ( 'NONE',  ( -0.2048152153390336294, 4.800000000000000711, -0.3910166401500884681 ) ) ;
#4370 = CARTESIAN_POINT ( 'NONE',  ( -2.043011030001809836, 4.799949999999952865, 0.2885121259026536267 ) ) ;
#4371 = COLOUR_RGB ( '',0.8274509803921568096, 0.8392156862745098200, 0.8274509803921568096 ) ;
#4372 = CARTESIAN_POINT ( 'NONE',  ( -0.2046183826405396089, 4.799999999999999822, -1.865168426050206607 ) ) ;
#4373 = DIRECTION ( 'NONE',  ( -1.000000000000000000, -0.0000000000000000000, 0.0000000000000000000 ) ) ;
#4374 = PRESENTATION_LAYER_ASSIGNMENT (  '', '', ( #2498 ) ) ;
#4375 = FILL_AREA_STYLE_COLOUR ( '', #4363 ) ;
#4376 = CARTESIAN_POINT ( 'NONE',  ( -0.3923414351775545983, 4.799949999999999939, 0.6554112121026254290 ) ) ;
#4377 = CARTESIAN_POINT ( 'NONE',  ( -0.1419990351775416992, 4.799999999999998934, 1.553293495821585379 ) ) ;
#4378 = ORIENTED_EDGE ( 'NONE', *, *, #3127, .F. ) ;
#4379 = CARTESIAN_POINT ( 'NONE',  ( -0.1726077299648033636, 4.800000000000001599, 0.3998417118624417177 ) ) ;
#4380 = PRESENTATION_LAYER_ASSIGNMENT (  '', '', ( #3745 ) ) ;
#4381 = VERTEX_POINT ( 'NONE', #1118 ) ;
#4382 =( LENGTH_UNIT ( ) NAMED_UNIT ( * ) SI_UNIT ( .MILLI., .METRE. ) );
#4383 = DIRECTION ( 'NONE',  ( 1.248002500702738800E-16, -1.314184451497581259E-16, 1.000000000000000000 ) ) ;
#4384 = CARTESIAN_POINT ( 'NONE',  ( -1.066678309413574999, 4.799949999999942207, -1.049033829979699517 ) ) ;
#4385 = STYLED_ITEM ( 'NONE', ( #1259 ), #4539 ) ;
#4386 = CARTESIAN_POINT ( 'NONE',  ( 1.600378033250371868, 4.800000000000000711, 0.3836286479270161753 ) ) ;
#4387 = CARTESIAN_POINT ( 'NONE',  ( -0.5281572085071922773, 4.800000000000000711, 0.2054151668497942729 ) ) ;
#4388 = ORIENTED_EDGE ( 'NONE', *, *, #4515, .T. ) ;
#4389 = CARTESIAN_POINT ( 'NONE',  ( -0.02170463517754683824, 4.799949999999999939, 1.266636812102618359 ) ) ;
#4390 = EDGE_CURVE ( 'NONE', #1392, #1779, #4569, .T. ) ;
#4391 = CARTESIAN_POINT ( 'NONE',  ( -2.564999999999998614, 4.790000000000000036, 0.0000000000000000000 ) ) ;
#4392 = CARTESIAN_POINT ( 'NONE',  ( -0.1499115995126460987, 4.800000000000000711, -1.571218548707450147 ) ) ;
#4393 = CARTESIAN_POINT ( 'NONE',  ( 0.07955518915260267887, 4.800000000000000711, 0.6476309466075788057 ) ) ;
#4394 = EDGE_CURVE ( 'NONE', #1117, #101, #651, .T. ) ;
#4395 = EDGE_LOOP ( 'NONE', ( #769, #335, #3032, #2275 ) ) ;
#4396 = DIRECTION ( 'NONE',  ( -0.0000000000000000000, -1.000000000000000000, -0.0000000000000000000 ) ) ;
#4397 = CARTESIAN_POINT ( 'NONE',  ( 0.6459088968812128906, 4.799999999999998934, 0.2469455454027715546 ) ) ;
#4398 = EDGE_CURVE ( 'NONE', #1167, #3897, #2062, .T. ) ;
#4399 = CARTESIAN_POINT ( 'NONE',  ( 0.1449193648224503250, 4.799949999999999939, 1.070345612102616029 ) ) ;
#4400 = CARTESIAN_POINT ( 'NONE',  ( -2.037927031602716710, 4.800000000000002487, 1.050186934954628892 ) ) ;
#4401 = CARTESIAN_POINT ( 'NONE',  ( -2.017164706954263753, 4.799999999999999822, 0.4593974144446101304 ) ) ;
#4402 = SURFACE_STYLE_FILL_AREA ( #1448 ) ;
#4403 = CARTESIAN_POINT ( 'NONE',  ( -2.038500738447612370, 4.800000000000000711, 0.3454326981404504671 ) ) ;
#4404 = ORIENTED_EDGE ( 'NONE', *, *, #4843, .T. ) ;
#4405 = CARTESIAN_POINT ( 'NONE',  ( -3.800000000000000266, 3.299999999999999822, 1.335000000000000187 ) ) ;
#4406 = EDGE_LOOP ( 'NONE', ( #2198, #1910, #3943, #2688 ) ) ;
#4407 = CARTESIAN_POINT ( 'NONE',  ( 0.1997833648224155989, 4.799949999999999939, -0.9445855878973886677 ) ) ;
#4408 = UNCERTAINTY_MEASURE_WITH_UNIT (LENGTH_MEASURE( 1.000000000000000082E-05 ), #362, 'distance_accuracy_value', 'NONE');
#4409 = CARTESIAN_POINT ( 'NONE',  ( -0.5075817075667228284, 4.799999999999999822, -1.535667934106247579 ) ) ;
#4410 = CARTESIAN_POINT ( 'NONE',  ( -2.043011030001809836, 4.799949999999952865, 1.112041537667359359 ) ) ;
#4411 = CARTESIAN_POINT ( 'NONE',  ( -0.3608797607562306831, 4.800000000000001599, -1.454257852592965694 ) ) ;
#4412 = VERTEX_POINT ( 'NONE', #305 ) ;
#4413 = B_SPLINE_CURVE_WITH_KNOTS ( 'NONE', 3,
 ( #478, #502, #2720, #4272, #858, #3535, #3089, #2022, #2408, #3462 ),
 .UNSPECIFIED., .F., .F.,
 ( 4, 1, 1, 2, 2, 4 ),
 ( 0.0000000000000000000, 0.2499999999999996114, 0.3749999999999994449, 0.4374999999999994449, 0.4999999999999994449, 1.000000000000000000 ),
 .UNSPECIFIED. ) ;
#4414 = FILL_AREA_STYLE_COLOUR ( '', #3913 ) ;
#4415 = FILL_AREA_STYLE ('',( #4046 ) ) ;
#4416 = LINE ( 'NONE', #703, #3587 ) ;
#4417 = CARTESIAN_POINT ( 'NONE',  ( -1.649999999999999245, 0.0000000000000000000, -1.334999999999999298 ) ) ;
#4418 = VERTEX_POINT ( 'NONE', #1826 ) ;
#4419 = B_SPLINE_CURVE_WITH_KNOTS ( 'NONE', 3,
 ( #2370, #4594, #2346, #1260 ),
 .UNSPECIFIED., .F., .F.,
 ( 4, 4 ),
 ( 0.0000000000000000000, 1.000000000000000000 ),
 .UNSPECIFIED. ) ;
#4420 = EDGE_CURVE ( 'NONE', #3863, #4654, #398, .T. ) ;
#4421 = CARTESIAN_POINT ( 'NONE',  ( 0.6433939522394931387, 4.799999999999998934, 0.2586039552162601729 ) ) ;
#4422 = CARTESIAN_POINT ( 'NONE',  ( -0.1866446430863961947, 4.799999999999998934, -0.2925620305683978017 ) ) ;
#4423 = CARTESIAN_POINT ( 'NONE',  ( -1.198112132942986463, 4.799999999999999822, 0.6724735229614769993 ) ) ;
#4424 = CARTESIAN_POINT ( 'NONE',  ( -1.398786152550829831, 4.799999999999999822, 0.9978411700203004830 ) ) ;
#4425 = EDGE_CURVE ( 'NONE', #3897, #4308, #1645, .T. ) ;
#4426 = PLANE ( 'NONE',  #1860 ) ;
#4427 = DIRECTION ( 'NONE',  ( 0.0000000000000000000, 1.000000000000000000, -0.0000000000000000000 ) ) ;
#4428 = VERTEX_POINT ( 'NONE', #2999 ) ;
#4429 = CARTESIAN_POINT ( 'NONE',  ( -1.053041085711720060, 4.800000000000000711, 1.057413871569621300 ) ) ;
#4430 = ORIENTED_EDGE ( 'NONE', *, *, #2233, .T. ) ;
#4431 = CARTESIAN_POINT ( 'NONE',  ( 0.08761696482245326378, 4.799949999999999939, 1.119926412102618452 ) ) ;
#4432 = CARTESIAN_POINT ( 'NONE',  ( -0.004229435177551671421, 4.799949999999999939, 0.9719968121026187902 ) ) ;
#4433 = CARTESIAN_POINT ( 'NONE',  ( 0.08774937163564543174, 4.799999999999999822, -0.3418752198534107944 ) ) ;
#4434 =( NAMED_UNIT ( * ) PLANE_ANGLE_UNIT ( ) SI_UNIT ( $, .RADIAN. ) );
#4435 = VERTEX_POINT ( 'NONE', #1096 ) ;
#4436 = CARTESIAN_POINT ( 'NONE',  ( 2.065000000000000391, 4.799999999999999822, -2.564999999999999503 ) ) ;
#4437 = CARTESIAN_POINT ( 'NONE',  ( -0.1934774039621123820, 4.799999999999999822, -0.1213035421484412735 ) ) ;
#4438 = CARTESIAN_POINT ( 'NONE',  ( 0.9115816386782046310, 4.799999999999999822, -0.06030218031588641808 ) ) ;
#4439 = AXIS2_PLACEMENT_3D ( 'NONE', #2429, #220, #195 ) ;
#4440 = ORIENTED_EDGE ( 'NONE', *, *, #1784, .F. ) ;
#4441 = ORIENTED_EDGE ( 'NONE', *, *, #4765, .F. ) ;
#4442 = STYLED_ITEM ( 'NONE', ( #3444 ), #788 ) ;
#4443 = CARTESIAN_POINT ( 'NONE',  ( -1.065278824519022338, 4.800000000000000711, -0.4541256313595191663 ) ) ;
#4444 = CARTESIAN_POINT ( 'NONE',  ( -2.037927031602717154, 4.800000000000001599, 0.2266575231899279619 ) ) ;
#4445 = DIRECTION ( 'NONE',  ( 0.0000000000000000000, -1.000000000000000000, 0.0000000000000000000 ) ) ;
#4446 = MECHANICAL_DESIGN_GEOMETRIC_PRESENTATION_REPRESENTATION (  '', ( #2257 ), #2027 ) ;
#4447 = CARTESIAN_POINT ( 'NONE',  ( -2.041643208561765732, 4.799999999999999822, -0.5747374070051981532 ) ) ;
#4448 = EDGE_CURVE ( 'NONE', #4881, #4762, #1522, .T. ) ;
#4449 = DIRECTION ( 'NONE',  ( -0.0000000000000000000, -1.000000000000000000, -1.314184451497581259E-16 ) ) ;
#4450 = CARTESIAN_POINT ( 'NONE',  ( -0.2159638351775534093, 4.799949999999999939, 0.7431936121026214703 ) ) ;
#4451 = ORIENTED_EDGE ( 'NONE', *, *, #3723, .F. ) ;
#4452 = CARTESIAN_POINT ( 'NONE',  ( -0.5156433804494533479, 4.800000000000000711, 1.377663341761445226 ) ) ;
#4453 = ORIENTED_EDGE ( 'NONE', *, *, #71, .F. ) ;
#4454 = EDGE_CURVE ( 'NONE', #1770, #4121, #392, .T. ) ;
#4455 =( GEOMETRIC_REPRESENTATION_CONTEXT ( 3 ) GLOBAL_UNCERTAINTY_ASSIGNED_CONTEXT ( ( #4311 ) ) GLOBAL_UNIT_ASSIGNED_CONTEXT ( ( #2315, #449, #2847 ) ) REPRESENTATION_CONTEXT ( 'NONE', 'WORKASPACE' ) );
#4456 = FACE_OUTER_BOUND ( 'NONE', #1885, .T. ) ;
#4457 = SURFACE_SIDE_STYLE ('',( #1101 ) ) ;
#4458 =( GEOMETRIC_REPRESENTATION_CONTEXT ( 3 ) GLOBAL_UNCERTAINTY_ASSIGNED_CONTEXT ( ( #3573 ) ) GLOBAL_UNIT_ASSIGNED_CONTEXT ( ( #1076, #4434, #2138 ) ) REPRESENTATION_CONTEXT ( 'NONE', 'WORKASPACE' ) );
#4459 = CARTESIAN_POINT ( 'NONE',  ( 3.409999999999999698, 4.790000000000000036, 3.174999999999999822 ) ) ;
#4460 = CARTESIAN_POINT ( 'NONE',  ( -0.2358774351775561051, 4.799949999999999939, 0.5135776121026210950 ) ) ;
#4461 = VERTEX_POINT ( 'NONE', #373 ) ;
#4462 = EDGE_CURVE ( 'NONE', #1502, #4544, #4510, .T. ) ;
#4463 = VECTOR ( 'NONE', #2341, 1000.000000000000000 ) ;
#4464 = LINE ( 'NONE', #4436, #23 ) ;
#4465 = ORIENTED_EDGE ( 'NONE', *, *, #3678, .T. ) ;
#4466 = CARTESIAN_POINT ( 'NONE',  ( -0.02223117437453361184, 4.799999999999998934, -1.182177454033698449 ) ) ;
#4467 = CARTESIAN_POINT ( 'NONE',  ( 0.6929848249527145176, 4.799950000000221983, -0.3332035283551021410 ) ) ;
#4468 = CARTESIAN_POINT ( 'NONE',  ( 0.6475124989420233401, 4.800000000000000711, 0.2428537514271001674 ) ) ;
#4469 = B_SPLINE_CURVE_WITH_KNOTS ( 'NONE', 3,
 ( #1103, #2633, #1925, #3418 ),
 .UNSPECIFIED., .F., .F.,
 ( 4, 4 ),
 ( 0.0000000000000000000, 1.000000000000000000 ),
 .UNSPECIFIED. ) ;
#4470 = CARTESIAN_POINT ( 'NONE',  ( -0.2042364292564683437, 4.799999999999999822, -0.9461419025371489155 ) ) ;
#4471 = CARTESIAN_POINT ( 'NONE',  ( 0.2034409648224537737, 4.799949999999999939, 1.245504012102615965 ) ) ;
#4472 = PRESENTATION_STYLE_ASSIGNMENT (( #1802 ) ) ;
#4473 = EDGE_CURVE ( 'NONE', #1534, #377, #3144, .T. ) ;
#4474 = VERTEX_POINT ( 'NONE', #2778 ) ;
#4475 = DIRECTION ( 'NONE',  ( 0.0000000000000000000, 1.000000000000000000, 0.0000000000000000000 ) ) ;
#4476 = ORIENTED_EDGE ( 'NONE', *, *, #2729, .T. ) ;
#4477 = CARTESIAN_POINT ( 'NONE',  ( 1.650000000000000133, -0.1000000000000000056, 1.335000000000001075 ) ) ;
#4478 = CARTESIAN_POINT ( 'NONE',  ( -0.3099767448462573127, 4.800000000000001599, -1.501210382726080983 ) ) ;
#4479 = EDGE_CURVE ( 'NONE', #3409, #1452, #4168, .T. ) ;
#4480 = CARTESIAN_POINT ( 'NONE',  ( 0.1551304880070385195, 4.799999999999999822, -0.3365540133093392061 ) ) ;
#4481 = ORIENTED_EDGE ( 'NONE', *, *, #3826, .T. ) ;
#4482 = CARTESIAN_POINT ( 'NONE',  ( -1.048298943182750742, 4.800000000000000711, -0.3635830337062744833 ) ) ;
#4483 = CARTESIAN_POINT ( 'NONE',  ( -1.844098652550830275, 4.799999999999999822, 1.080791537667359359 ) ) ;
#4484 = EDGE_CURVE ( 'NONE', #4412, #2618, #3049, .T. ) ;
#4485 = DIRECTION ( 'NONE',  ( -0.0000000000000000000, -1.000000000000000000, -0.0000000000000000000 ) ) ;
#4486 = ORIENTED_EDGE ( 'NONE', *, *, #4247, .F. ) ;
#4487 = CARTESIAN_POINT ( 'NONE',  ( -0.1658056605253249716, 4.800000000000000711, -1.230278871193038803 ) ) ;
#4488 = CARTESIAN_POINT ( 'NONE',  ( 3.709999999999997744, 5.421010862427522170E-17, -3.350735931288072234 ) ) ;
#4489 = CARTESIAN_POINT ( 'NONE',  ( -0.2476630351775990779, 4.799949999999999939, -1.700895987897382611 ) ) ;
#4490 = CARTESIAN_POINT ( 'NONE',  ( -0.4740278351775401577, 4.799949999999999939, 1.450329612102629007 ) ) ;
#4491 = SURFACE_STYLE_USAGE ( .BOTH. , #1496 ) ;
#4492 = CARTESIAN_POINT ( 'NONE',  ( -2.013707040441439666, 4.799999999999999822, -0.4682192218197315792 ) ) ;
#4493 = CARTESIAN_POINT ( 'NONE',  ( 3.799999999999998934, 3.299999999999999822, -1.335000000000000631 ) ) ;
#4494 = B_SPLINE_CURVE_WITH_KNOTS ( 'NONE', 3,
 ( #1352, #2849, #4620, #3118, #2480, #3488 ),
 .UNSPECIFIED., .F., .F.,
 ( 4, 2, 4 ),
 ( 0.0000000000000000000, 0.5000000000000001110, 1.000000000000000000 ),
 .UNSPECIFIED. ) ;
#4495 = ORIENTED_EDGE ( 'NONE', *, *, #2745, .T. ) ;
#4496 = ORIENTED_EDGE ( 'NONE', *, *, #1481, .F. ) ;
#4497 = CARTESIAN_POINT ( 'NONE',  ( 0.02381216482242112797, 4.799949999999999939, -0.6869279878973855169 ) ) ;
#4498 = ORIENTED_EDGE ( 'NONE', *, *, #2450, .T. ) ;
#4499 = LINE ( 'NONE', #3691, #2249 ) ;
#4500 = CARTESIAN_POINT ( 'NONE',  ( -0.07188755432680704605, 4.800000000000000711, 0.9432602090903977610 ) ) ;
#4501 = DIRECTION ( 'NONE',  ( 0.0000000000000000000, 1.000000000000000000, 0.0000000000000000000 ) ) ;
#4502 = CARTESIAN_POINT ( 'NONE',  ( -1.460979780001809836, 4.799949999999941319, -0.8256882417444055822 ) ) ;
#4503 = EDGE_LOOP ( 'NONE', ( #304, #2143, #1130, #1780 ) ) ;
#4504 = FILL_AREA_STYLE ('',( #1174 ) ) ;
#4505 = EDGE_CURVE ( 'NONE', #3868, #79, #1065, .T. ) ;
#4506 = CARTESIAN_POINT ( 'NONE',  ( -0.02483478492543761407, 4.800000000000000711, -0.4598691341660850473 ) ) ;
#4507 = ORIENTED_EDGE ( 'NONE', *, *, #2919, .T. ) ;
#4508 =( NAMED_UNIT ( * ) PLANE_ANGLE_UNIT ( ) SI_UNIT ( $, .RADIAN. ) );
#4509 = ORIENTED_EDGE ( 'NONE', *, *, #1064, .F. ) ;
#4510 = B_SPLINE_CURVE_WITH_KNOTS ( 'NONE', 3,
 ( #4157, #8, #2653, #2677, #808, #4623, #4277, #4545, #2052, #1283 ),
 .UNSPECIFIED., .F., .F.,
 ( 4, 1, 1, 2, 2, 4 ),
 ( 0.0000000000000000000, 0.2499999999999990563, 0.3749999999999987788, 0.4374999999999987232, 0.4999999999999986677, 1.000000000000000000 ),
 .UNSPECIFIED. ) ;
#4511 = CARTESIAN_POINT ( 'NONE',  ( -0.1562914533680204998, 4.800000000000000711, -1.228066187684371702 ) ) ;
#4512 = CARTESIAN_POINT ( 'NONE',  ( -1.699490809413575221, 4.799999999999999822, -0.1797783152738169632 ) ) ;
#4513 = FILL_AREA_STYLE_COLOUR ( '', #127 ) ;
#4514 = CARTESIAN_POINT ( 'NONE',  ( -2.029242686074886670, 4.800000000000000711, -0.6091724086675065486 ) ) ;
#4515 = EDGE_CURVE ( 'NONE', #3330, #67, #78, .T. ) ;
#4516 = PLANE ( 'NONE',  #1308 ) ;
#4517 = CARTESIAN_POINT ( 'NONE',  ( -1.990851103531222410, 4.799949999999915562, 0.3443485229614772214 ) ) ;
#4518 = B_SPLINE_CURVE_WITH_KNOTS ( 'NONE', 3,
 ( #2516, #4702, #4011, #1338 ),
 .UNSPECIFIED., .F., .F.,
 ( 4, 4 ),
 ( 0.0000000000000000000, 1.000000000000000000 ),
 .UNSPECIFIED. ) ;
#4519 = STYLED_ITEM ( 'NONE', ( #4725 ), #881 ) ;
#4520 = EDGE_LOOP ( 'NONE', ( #242, #2814, #1210, #2452 ) ) ;
#4521 = CARTESIAN_POINT ( 'NONE',  ( 1.639087903156845938, 4.799999999999999822, -0.3329438211160526961 ) ) ;
#4522 = VERTEX_POINT ( 'NONE', #4233 ) ;
#4523 = CARTESIAN_POINT ( 'NONE',  ( -2.564999999999998614, 4.790000000000000036, 2.064999999999997726 ) ) ;
#4524 = VERTEX_POINT ( 'NONE', #3490 ) ;
#4525 = CARTESIAN_POINT ( 'NONE',  ( 0.1603625648224134836, 4.799949999999999939, -1.086012787897390419 ) ) ;
#4526 = CARTESIAN_POINT ( 'NONE',  ( -0.1099011117734910031, 4.799999999999998934, 0.1609510718453379674 ) ) ;
#4527 = DIRECTION ( 'NONE',  ( -0.0000000000000000000, -1.000000000000000000, -0.0000000000000000000 ) ) ;
#4528 = ORIENTED_EDGE ( 'NONE', *, *, #2385, .T. ) ;
#4529 = CARTESIAN_POINT ( 'NONE',  ( 0.1580769208273589965, 4.800000000000000711, -0.6320537729078267164 ) ) ;
#4530 = CARTESIAN_POINT ( 'NONE',  ( -1.043011030001810280, 4.799949999999705064, -0.5193922858620523275 ) ) ;
#4531 = STYLED_ITEM ( 'NONE', ( #1201 ), #3909 ) ;
#4532 = ORIENTED_EDGE ( 'NONE', *, *, #725, .T. ) ;
#4533 = EDGE_CURVE ( 'NONE', #3473, #544, #2415, .T. ) ;
#4534 = FACE_OUTER_BOUND ( 'NONE', #835, .T. ) ;
#4535 = ORIENTED_EDGE ( 'NONE', *, *, #552, .T. ) ;
#4536 = ORIENTED_EDGE ( 'NONE', *, *, #1014, .T. ) ;
#4537 = PRESENTATION_LAYER_ASSIGNMENT (  '', '', ( #1800 ) ) ;
#4538 = B_SPLINE_CURVE_WITH_KNOTS ( 'NONE', 3,
 ( #2189, #4081, #685, #2971 ),
 .UNSPECIFIED., .F., .F.,
 ( 4, 4 ),
 ( 0.0000000000000000000, 1.000000000000000000 ),
 .UNSPECIFIED. ) ;
#4539 = ADVANCED_FACE ( 'NONE', ( #3439 ), #3094, .T. ) ;
#4540 = DIRECTION ( 'NONE',  ( -1.000000000000000000, -1.640105481853638670E-32, 1.248002500702738800E-16 ) ) ;
#4541 =( NAMED_UNIT ( * ) PLANE_ANGLE_UNIT ( ) SI_UNIT ( $, .RADIAN. ) );
#4542 = CARTESIAN_POINT ( 'NONE',  ( -0.2002090339953294940, 4.799999999999999822, 1.016142525711631439 ) ) ;
#4543 = EDGE_CURVE ( 'NONE', #876, #4169, #3460, .T. ) ;
#4544 = VERTEX_POINT ( 'NONE', #3514 ) ;
#4545 = CARTESIAN_POINT ( 'NONE',  ( -0.07252964123641733596, 4.799999999999999822, 0.4067075670822153932 ) ) ;
#4546 = VERTEX_POINT ( 'NONE', #456 ) ;
#4547 = CARTESIAN_POINT ( 'NONE',  ( 0.09160657163154767302, 4.800000000000001599, -0.08007651736500832895 ) ) ;
#4548 = B_SPLINE_CURVE_WITH_KNOTS ( 'NONE', 3,
 ( #3600, #3230, #4734, #2861 ),
 .UNSPECIFIED., .F., .F.,
 ( 4, 4 ),
 ( 0.0000000000000000000, 1.000000000000000000 ),
 .UNSPECIFIED. ) ;
#4549 = ORIENTED_EDGE ( 'NONE', *, *, #1071, .T. ) ;
#4550 = SURFACE_STYLE_USAGE ( .BOTH. , #2372 ) ;
#4551 = CARTESIAN_POINT ( 'NONE',  ( -0.2078358351775833335, 4.799949999999999939, -0.9421471878973820546 ) ) ;
#4552 = CARTESIAN_POINT ( 'NONE',  ( -1.075274779118121415, 4.799999999999998934, 1.190747759265581518 ) ) ;
#4553 = ORIENTED_EDGE ( 'NONE', *, *, #1693, .F. ) ;
#4554 = CARTESIAN_POINT ( 'NONE',  ( -1.045069579869119858, 4.800000000000000711, -0.5649083216369749083 ) ) ;
#4555 = ORIENTED_EDGE ( 'NONE', *, *, #2169, .T. ) ;
#4556 = ORIENTED_EDGE ( 'NONE', *, *, #1765, .F. ) ;
#4557 = CARTESIAN_POINT ( 'NONE',  ( -1.845170956472398816, 4.799999999999999822, -1.090164344685581765 ) ) ;
#4558 = PRODUCT_RELATED_PRODUCT_CATEGORY ( 'part', '', ( #1547 ) ) ;
#4559 = CARTESIAN_POINT ( 'NONE',  ( -0.2467784049242308653, 4.800000000000000711, -1.825786631201685717 ) ) ;
#4560 = B_SPLINE_CURVE_WITH_KNOTS ( 'NONE', 3,
 ( #2534, #2146, #3930, #1773, #3638, #1307 ),
 .UNSPECIFIED., .F., .F.,
 ( 4, 2, 4 ),
 ( 0.0000000000000000000, 0.5000000000000000000, 1.000000000000000000 ),
 .UNSPECIFIED. ) ;
#4561 = CARTESIAN_POINT ( 'NONE',  ( -1.045069579869120302, 4.800000000000001599, 0.2586210901277268825 ) ) ;
#4562 = CARTESIAN_POINT ( 'NONE',  ( -1.060634814482640298, 4.800000000000000711, 0.3692487664663461344 ) ) ;
#4563 = CARTESIAN_POINT ( 'NONE',  ( -0.4748406351775969481, 4.799949999999999939, -1.767545587897377368 ) ) ;
#4564 = EDGE_CURVE ( 'NONE', #482, #3614, #2355, .T. ) ;
#4565 = CARTESIAN_POINT ( 'NONE',  ( -2.004675335295997396, 4.800000000000000711, -0.4720944020814404340 ) ) ;
#4566 = CARTESIAN_POINT ( 'NONE',  ( -1.697346201570437918, 4.799999999999999822, 0.1701757288438302262 ) ) ;
#4567 = ORIENTED_EDGE ( 'NONE', *, *, #49, .F. ) ;
#4568 = CARTESIAN_POINT ( 'NONE',  ( 0.1351657648224167951, 4.799949999999999939, -0.8811871878973897010 ) ) ;
#4569 = B_SPLINE_CURVE_WITH_KNOTS ( 'NONE', 3,
 ( #2606, #1874, #3361, #1163, #4452, #1451, #3689, #693, #4111 ),
 .UNSPECIFIED., .F., .F.,
 ( 4, 1, 2, 2, 4 ),
 ( 0.0000000000000000000, 0.2499999999999993894, 0.3749999999999986122, 0.4999999999999977796, 1.000000000000000000 ),
 .UNSPECIFIED. ) ;
#4570 = ORIENTED_EDGE ( 'NONE', *, *, #1869, .T. ) ;
#4571 = EDGE_CURVE ( 'NONE', #3103, #806, #3867, .T. ) ;
#4572 = CARTESIAN_POINT ( 'NONE',  ( 0.1197658747951790281, 4.800000000000000711, 0.6050107459385524189 ) ) ;
#4573 = CARTESIAN_POINT ( 'NONE',  ( -0.03915035598900330760, 4.799999999999998046, 0.1991790544963358833 ) ) ;
#4574 = CARTESIAN_POINT ( 'NONE',  ( -0.5042562830662780105, 4.799999999999999822, 0.6385792264096300519 ) ) ;
#4575 = ORIENTED_EDGE ( 'NONE', *, *, #4564, .F. ) ;
#4576 = VERTEX_POINT ( 'NONE', #132 ) ;
#4577 = CARTESIAN_POINT ( 'NONE',  ( -0.06844063517756626691, 4.799949999999999939, -0.04156478789738200785 ) ) ;
#4578 = CARTESIAN_POINT ( 'NONE',  ( 0.1977513648224079046, 4.800000000000000711, -1.623172814305867240 ) ) ;
#4579 = CARTESIAN_POINT ( 'NONE',  ( -0.06772200912592264699, 4.800000000000000711, -1.625562612250151862 ) ) ;
#4580 = VERTEX_POINT ( 'NONE', #616 ) ;
#4581 = B_SPLINE_CURVE_WITH_KNOTS ( 'NONE', 3,
 ( #3329, #4393, #2165, #2208, #704, #681, #1792, #1035, #3287, #1416, #1083, #1011, #1373, #3607, #2120, #2530, #1437 ),
 .UNSPECIFIED., .F., .F.,
 ( 4, 1, 1, 2, 2, 1, 1, 1, 2, 2, 4 ),
 ( 0.0000000000000000000, 0.2500000000000001110, 0.3750000000000001665, 0.4374999999999999445, 0.4999999999999997780, 0.6249999999999997780, 0.6874999999999996669, 0.7187499999999995559, 0.7343749999999995559, 0.7499999999999995559, 1.000000000000000000 ),
 .UNSPECIFIED. ) ;
#4582 = CARTESIAN_POINT ( 'NONE',  ( 0.1367913648224021450, 4.799949999999999939, -1.717151987897389098 ) ) ;
#4583 = ORIENTED_EDGE ( 'NONE', *, *, #2856, .F. ) ;
#4584 = CARTESIAN_POINT ( 'NONE',  ( 0.9115816386782046310, 4.799999999999999822, 0.08285039321352530295 ) ) ;
#4585 = CARTESIAN_POINT ( 'NONE',  ( -0.1029670987364476598, 4.799999999999998934, 0.8385755181427424487 ) ) ;
#4586 = CARTESIAN_POINT ( 'NONE',  ( 0.1010281648224607698, 4.799949999999999939, 1.341008012102617331 ) ) ;
#4587 = CARTESIAN_POINT ( 'NONE',  ( 1.617157619070361596, 4.799949999999942207, -0.2052163960021610167 ) ) ;
#4588 = CARTESIAN_POINT ( 'NONE',  ( 0.1267668314890712522, 4.799999999999999822, -1.647754349802150076 ) ) ;
#4589 = ORIENTED_EDGE ( 'NONE', *, *, #4658, .F. ) ;
#4590 = EDGE_CURVE ( 'NONE', #4847, #349, #4560, .T. ) ;
#4591 = CARTESIAN_POINT ( 'NONE',  ( 0.1326934981557530424, 4.799999999999999822, -0.7581292678973885479 ) ) ;
#4592 = EDGE_LOOP ( 'NONE', ( #2755, #31, #1902, #2302, #2891, #3369, #4836, #2666 ) ) ;
#4593 =( GEOMETRIC_REPRESENTATION_CONTEXT ( 3 ) GLOBAL_UNCERTAINTY_ASSIGNED_CONTEXT ( ( #163 ) ) GLOBAL_UNIT_ASSIGNED_CONTEXT ( ( #1386, #1661, #3152 ) ) REPRESENTATION_CONTEXT ( 'NONE', 'WORKASPACE' ) );
#4594 = CARTESIAN_POINT ( 'NONE',  ( -0.04387660024921663515, 4.799999999999999822, 0.8128737986361888046 ) ) ;
#4595 = VERTEX_POINT ( 'NONE', #4722 ) ;
#4596 = CARTESIAN_POINT ( 'NONE',  ( 1.635931531729592159, 4.799899999999998279, -0.3421448792292890451 ) ) ;
#4597 = CARTESIAN_POINT ( 'NONE',  ( -0.1428118351775482797, 4.799949999999999939, 1.057747212102621903 ) ) ;
#4598 =( GEOMETRIC_REPRESENTATION_CONTEXT ( 3 ) GLOBAL_UNCERTAINTY_ASSIGNED_CONTEXT ( ( #870 ) ) GLOBAL_UNIT_ASSIGNED_CONTEXT ( ( #4866, #75, #1185 ) ) REPRESENTATION_CONTEXT ( 'NONE', 'WORKASPACE' ) );
#4599 = B_SPLINE_CURVE_WITH_KNOTS ( 'NONE', 3,
 ( #4024, #4809, #656, #2184 ),
 .UNSPECIFIED., .F., .F.,
 ( 4, 4 ),
 ( 0.0000000000000000000, 1.000000000000000000 ),
 .UNSPECIFIED. ) ;
#4600 = CARTESIAN_POINT ( 'NONE',  ( -0.4988182351775560797, 4.799949999999999939, 0.6159904121026270607 ) ) ;
#4601 = EDGE_CURVE ( 'NONE', #3906, #959, #3685, .T. ) ;
#4602 = ORIENTED_EDGE ( 'NONE', *, *, #4571, .T. ) ;
#4603 = UNCERTAINTY_MEASURE_WITH_UNIT (LENGTH_MEASURE( 1.000000000000000082E-05 ), #2284, 'distance_accuracy_value', 'NONE');
#4604 = MECHANICAL_DESIGN_GEOMETRIC_PRESENTATION_REPRESENTATION (  '', ( #2880 ), #1082 ) ;
#4605 = CARTESIAN_POINT ( 'NONE',  ( -0.1248281898655961980, 4.799999999999999822, 0.9689685978377431397 ) ) ;
#4606 = CARTESIAN_POINT ( 'NONE',  ( 0.06814106367734770742, 4.799999999999999822, -0.6826997201536464388 ) ) ;
#4607 = ORIENTED_EDGE ( 'NONE', *, *, #606, .T. ) ;
#4608 = CARTESIAN_POINT ( 'NONE',  ( 0.06576964761988808583, 4.800000000000000711, 1.416282856210558050 ) ) ;
#4609 = EDGE_CURVE ( 'NONE', #3178, #4522, #1287, .T. ) ;
#4610 = SURFACE_STYLE_FILL_AREA ( #3109 ) ;
#4611 = ORIENTED_EDGE ( 'NONE', *, *, #2233, .F. ) ;
#4612 = VECTOR ( 'NONE', #3581, 1000.000000000000000 ) ;
#4613 = B_SPLINE_CURVE_WITH_KNOTS ( 'NONE', 3,
 ( #2840, #3647, #3254, #166, #2888, #4758, #2425, #1388, #1783 ),
 .UNSPECIFIED., .F., .F.,
 ( 4, 1, 2, 2, 4 ),
 ( 0.0000000000000000000, 0.2499999999999983347, 0.3749999999999990008, 0.4999999999999996669, 1.000000000000000000 ),
 .UNSPECIFIED. ) ;
#4614 = CARTESIAN_POINT ( 'NONE',  ( 0.1949065648224595215, 4.799949999999999939, 1.506006412102618208 ) ) ;
#4615 = CARTESIAN_POINT ( 'NONE',  ( -2.028957175318584660, 4.799999999999999822, 1.180979702347728422 ) ) ;
#4616 = CARTESIAN_POINT ( 'NONE',  ( -0.4655095519625487288, 4.800000000000000711, 0.3453625684367053750 ) ) ;
#4617 = AXIS2_PLACEMENT_3D ( 'NONE', #2358, #93, #553 ) ;
#4618 = CARTESIAN_POINT ( 'NONE',  ( -1.069458315378081892, 4.799999999999999822, 0.3686826338208271103 ) ) ;
#4619 = AXIS2_PLACEMENT_3D ( 'NONE', #4405, #1046, #3989 ) ;
#4620 = CARTESIAN_POINT ( 'NONE',  ( 0.1230431457597162825, 4.800000000000000711, 0.2389397231784897713 ) ) ;
#4621 = B_SPLINE_CURVE_WITH_KNOTS ( 'NONE', 3,
 ( #825, #4557, #497, #4659 ),
 .UNSPECIFIED., .F., .F.,
 ( 4, 4 ),
 ( 0.0000000000000000000, 1.000000000000000000 ),
 .UNSPECIFIED. ) ;
#4622 = ORIENTED_EDGE ( 'NONE', *, *, #2941, .F. ) ;
#4623 = CARTESIAN_POINT ( 'NONE',  ( -0.1402563454025565204, 4.800000000000000711, 0.3528958409181702227 ) ) ;
#4624 = CARTESIAN_POINT ( 'NONE',  ( -0.2305942351775516486, 4.799949999999999939, 1.125209612102621159 ) ) ;
#4625 = ORIENTED_EDGE ( 'NONE', *, *, #2507, .F. ) ;
#4626 = CARTESIAN_POINT ( 'NONE',  ( -0.09553693484770944822, 4.800000000000000711, 0.1690036490864702812 ) ) ;
#4627 = CARTESIAN_POINT ( 'NONE',  ( -0.4976184163996110188, 4.799999999999999822, 0.6570026930762955519 ) ) ;
#4628 = VERTEX_POINT ( 'NONE', #1726 ) ;
#4629 = VERTEX_POINT ( 'NONE', #3220 ) ;
#4630 = EDGE_CURVE ( 'NONE', #464, #1754, #1928, .T. ) ;
#4631 = CARTESIAN_POINT ( 'NONE',  ( -0.01154463517759503517, 4.799949999999999939, -1.615145587897386603 ) ) ;
#4632 = ORIENTED_EDGE ( 'NONE', *, *, #4040, .T. ) ;
#4633 = SURFACE_SIDE_STYLE ('',( #3528 ) ) ;
#4634 = CARTESIAN_POINT ( 'NONE',  ( 0.007638896309069283241, 4.800000000000000711, -0.2501256291421902755 ) ) ;
#4635 = B_SPLINE_CURVE_WITH_KNOTS ( 'NONE', 3,
 ( #4283, #1682, #463, #3129, #1981, #1218, #3472, #62, #87, #4213, #1604, #2009, #546, #3173, #4649, #3812, #3102, #1244, #2735, #1266, #2760 ),
 .UNSPECIFIED., .F., .F.,
 ( 4, 1, 1, 2, 2, 2, 2, 1, 1, 1, 2, 2, 4 ),
 ( 0.0000000000000000000, 0.1249999999999980571, 0.1874999999999973632, 0.2187499999999970024, 0.2499999999999966693, 0.3749999999999965028, 0.4999999999999963363, 0.6249999999999961142, 0.6874999999999958922, 0.7187499999999957812, 0.7343749999999960032, 0.7499999999999962252, 1.000000000000000000 ),
 .UNSPECIFIED. ) ;
#4636 = CARTESIAN_POINT ( 'NONE',  ( 0.1083433648224121915, 4.799949999999999939, -1.162822387897387788 ) ) ;
#4637 = EDGE_CURVE ( 'NONE', #4705, #3577, #4159, .T. ) ;
#4638 =( LENGTH_UNIT ( ) NAMED_UNIT ( * ) SI_UNIT ( .MILLI., .METRE. ) );
#4639 = CARTESIAN_POINT ( 'NONE',  ( 0.02381216482242112797, 4.799949999999999939, -0.6869279878973855169 ) ) ;
#4640 = CARTESIAN_POINT ( 'NONE',  ( 1.354289972011538223, 4.799999999999999822, -0.05631933717863164129 ) ) ;
#4641 = CARTESIAN_POINT ( 'NONE',  ( -0.1991418783516870072, 4.799999999999999822, 1.112545875817565699 ) ) ;
#4642 = B_SPLINE_CURVE_WITH_KNOTS ( 'NONE', 3,
 ( #495, #2741, #4288, #3453, #2064, #3552, #3082, #168 ),
 .UNSPECIFIED., .F., .F.,
 ( 4, 2, 2, 4 ),
 ( 0.0000000000000000000, 0.2500000000000002220, 0.5000000000000004441, 1.000000000000000000 ),
 .UNSPECIFIED. ) ;
#4643 = ORIENTED_EDGE ( 'NONE', *, *, #1413, .F. ) ;
#4644 = CARTESIAN_POINT ( 'NONE',  ( 0.09493216482244458410, 4.799949999999999939, 0.6749184121026150507 ) ) ;
#4645 = DIRECTION ( 'NONE',  ( 1.000000000000000000, 0.0000000000000000000, -0.0000000000000000000 ) ) ;
#4646 = CARTESIAN_POINT ( 'NONE',  ( -0.4772790351775385576, 4.799949999999999939, 1.607200012102629527 ) ) ;
#4647 = CARTESIAN_POINT ( 'NONE',  ( -0.3117881133963699147, 4.799999999999998934, -1.262331876260882613 ) ) ;
#4648 = ORIENTED_EDGE ( 'NONE', *, *, #1777, .F. ) ;
#4649 = CARTESIAN_POINT ( 'NONE',  ( -0.1368370805777541777, 4.800000000000000711, -0.6749295454088243273 ) ) ;
#4650 = EDGE_CURVE ( 'NONE', #2899, #3143, #3983, .T. ) ;
#4651 = B_SPLINE_CURVE_WITH_KNOTS ( 'NONE', 3,
 ( #836, #2031, #1624, #3540, #1651, #3169, #1211, #3515, #539, #1575 ),
 .UNSPECIFIED., .F., .F.,
 ( 4, 1, 1, 2, 2, 4 ),
 ( 0.0000000000000000000, 0.2499999999999982236, 0.3749999999999988898, 0.4374999999999992228, 0.4999999999999995559, 1.000000000000000000 ),
 .UNSPECIFIED. ) ;
#4652 = PLANE ( 'NONE',  #1381 ) ;
#4653 = CARTESIAN_POINT ( 'NONE',  ( -0.2685594264459232328, 4.799999999999999822, 0.7022159518372590448 ) ) ;
#4654 = VERTEX_POINT ( 'NONE', #1401 ) ;
#4655 =( LENGTH_UNIT ( ) NAMED_UNIT ( * ) SI_UNIT ( .MILLI., .METRE. ) );
#4656 = SURFACE_STYLE_FILL_AREA ( #3156 ) ;
#4657 = VERTEX_POINT ( 'NONE', #2901 ) ;
#4658 = EDGE_CURVE ( 'NONE', #2327, #462, #3995, .T. ) ;
#4659 = CARTESIAN_POINT ( 'NONE',  ( -1.553810662354751848, 4.799950000000002603, -0.9164511093914639028 ) ) ;
#4660 =( NAMED_UNIT ( * ) PLANE_ANGLE_UNIT ( ) SI_UNIT ( $, .RADIAN. ) );
#4661 = EDGE_CURVE ( 'NONE', #1556, #3201, #3038, .T. ) ;
#4662 = DIRECTION ( 'NONE',  ( 0.0000000000000000000, 0.0000000000000000000, 1.000000000000000000 ) ) ;
#4663 = CARTESIAN_POINT ( 'NONE',  ( -0.1610998351775673743, 4.799949999999999939, -0.03140478789737978504 ) ) ;
#4664 = CARTESIAN_POINT ( 'NONE',  ( -2.002397034952340782, 4.800000000000000711, -1.182972372758309021 ) ) ;
#4665 = CARTESIAN_POINT ( 'NONE',  ( -2.019343750590045339, 4.799950000000171357, -1.046736035862052328 ) ) ;
#4666 = VERTEX_POINT ( 'NONE', #3589 ) ;
#4667 = EDGE_CURVE ( 'NONE', #1150, #2392, #1059, .T. ) ;
#4668 = CARTESIAN_POINT ( 'NONE',  ( 0.1632073648224190987, 4.799949999999999939, -0.8409535878973875000 ) ) ;
#4669 = CARTESIAN_POINT ( 'NONE',  ( -1.043011030001810502, 4.799949999999973294, -0.3061569917444053601 ) ) ;
#4670 = FILL_AREA_STYLE_COLOUR ( '', #1617 ) ;
#4671 = CARTESIAN_POINT ( 'NONE',  ( -0.4179446351775545354, 4.799949999999999939, 0.6846720121026256267 ) ) ;
#4672 = CARTESIAN_POINT ( 'NONE',  ( -0.2619116249294561882, 4.799999999999999822, -0.3931962176494327443 ) ) ;
#4673 = VERTEX_POINT ( 'NONE', #1495 ) ;
#4674 = CARTESIAN_POINT ( 'NONE',  ( -1.772254289805731631, 4.799999999999999822, -0.9041196142934249114 ) ) ;
#4675 = ORIENTED_EDGE ( 'NONE', *, *, #1669, .T. ) ;
#4676 = MECHANICAL_DESIGN_GEOMETRIC_PRESENTATION_REPRESENTATION (  '', ( #4519 ), #3417 ) ;
#4677 = CARTESIAN_POINT ( 'NONE',  ( -0.4037206351775595725, 4.799949999999999939, 0.3867808121026256041 ) ) ;
#4678 = CARTESIAN_POINT ( 'NONE',  ( -1.043233290708466265, 4.799999999999999822, -1.106957834602350532 ) ) ;
#4679 = VERTEX_POINT ( 'NONE', #2556 ) ;
#4680 = CARTESIAN_POINT ( 'NONE',  ( -0.2159638351775534093, 4.799949999999999939, 0.7431936121026214703 ) ) ;
#4681 = LINE ( 'NONE', #2065, #45 ) ;
#4682 = STYLED_ITEM ( 'NONE', ( #4472 ), #1719 ) ;
#4683 = ORIENTED_EDGE ( 'NONE', *, *, #4686, .F. ) ;
#4684 = PRESENTATION_STYLE_ASSIGNMENT (( #1032 ) ) ;
#4685 =( GEOMETRIC_REPRESENTATION_CONTEXT ( 3 ) GLOBAL_UNCERTAINTY_ASSIGNED_CONTEXT ( ( #2786 ) ) GLOBAL_UNIT_ASSIGNED_CONTEXT ( ( #770, #4145, #39 ) ) REPRESENTATION_CONTEXT ( 'NONE', 'WORKASPACE' ) );
#4686 = EDGE_CURVE ( 'NONE', #605, #3299, #641, .T. ) ;
#4687 = SURFACE_STYLE_FILL_AREA ( #2019 ) ;
#4688 = CARTESIAN_POINT ( 'NONE',  ( -0.01552916645315705405, 4.800000000000000711, -0.9721468108587579815 ) ) ;
#4689 = MECHANICAL_DESIGN_GEOMETRIC_PRESENTATION_REPRESENTATION (  '', ( #3984 ), #2111 ) ;
#4690 = CARTESIAN_POINT ( 'NONE',  ( -0.2488822351775308306, 4.799949999999999939, 1.838848012102624718 ) ) ;
#4691 = CARTESIAN_POINT ( 'NONE',  ( 0.03478496482244020083, 4.799949999999999939, 0.4900064121026175279 ) ) ;
#4692 = EDGE_CURVE ( 'NONE', #2332, #4629, #581, .T. ) ;
#4693 = CARTESIAN_POINT ( 'NONE',  ( 0.2244301711678510225, 4.799999999999999822, 0.4348360256700455340 ) ) ;
#4694 = ORIENTED_EDGE ( 'NONE', *, *, #1662, .T. ) ;
#4695 = CARTESIAN_POINT ( 'NONE',  ( 0.1058634717476732989, 4.800000000000000711, -0.9645344279943590671 ) ) ;
#4696 = CARTESIAN_POINT ( 'NONE',  ( -2.041385954544294279, 4.799999999999998934, 1.069475596967957021 ) ) ;
#4697 = PRESENTATION_LAYER_ASSIGNMENT (  '', '', ( #3831 ) ) ;
#4698 = CARTESIAN_POINT ( 'NONE',  ( -0.04649503517755241427, 4.799949999999999939, 0.8179712121026199156 ) ) ;
#4699 = ADVANCED_FACE ( 'NONE', ( #324 ), #1821, .F. ) ;
#4700 = CARTESIAN_POINT ( 'NONE',  ( -1.095170956472398593, 4.799950000000012373, -1.188050374097346484 ) ) ;
#4701 = AXIS2_PLACEMENT_3D ( 'NONE', #2191, #4445, #3684 ) ;
#4702 = CARTESIAN_POINT ( 'NONE',  ( -0.2918830311574377445, 4.799999999999999822, 1.826754038233277866 ) ) ;
#4703 = VERTEX_POINT ( 'NONE', #3314 ) ;
#4704 = CARTESIAN_POINT ( 'NONE',  ( -0.2900592151497357607, 4.800000000000001599, 0.3203908364111844875 ) ) ;
#4705 = VERTEX_POINT ( 'NONE', #4816 ) ;
#4706 = CARTESIAN_POINT ( 'NONE',  ( 0.1950288738027536883, 4.799999999999999822, -1.387386581500597904 ) ) ;
#4707 = UNCERTAINTY_MEASURE_WITH_UNIT (LENGTH_MEASURE( 1.000000000000000082E-05 ), #3070, 'distance_accuracy_value', 'NONE');
#4708 = CARTESIAN_POINT ( 'NONE',  ( -0.2196214351775846452, 4.799949999999999939, -0.9730335878973803698 ) ) ;
#4709 = CARTESIAN_POINT ( 'NONE',  ( -0.2383169486022242434, 4.799999999999999822, 0.03926167712544577360 ) ) ;
#4710 = CARTESIAN_POINT ( 'NONE',  ( -0.2440054351775955976, 4.799949999999999939, -1.841103987897381833 ) ) ;
#4711 = CARTESIAN_POINT ( 'NONE',  ( -0.2996208032803029386, 4.799999999999998934, -1.423995856071207156 ) ) ;
#4712 = ORIENTED_EDGE ( 'NONE', *, *, #3435, .F. ) ;
#4713 = CARTESIAN_POINT ( 'NONE',  ( -0.2390063530605675557, 4.799999999999999822, -1.581513079597640203 ) ) ;
#4714 = FACE_OUTER_BOUND ( 'NONE', #943, .T. ) ;
#4715 = CARTESIAN_POINT ( 'NONE',  ( -0.06275103517758633120, 4.799949999999999939, -1.320911987897387174 ) ) ;
#4716 = CARTESIAN_POINT ( 'NONE',  ( -0.1664825167676837470, 4.800000000000000711, 0.01548982267770175961 ) ) ;
#4717 = EDGE_LOOP ( 'NONE', ( #3441, #1630, #489, #4259 ) ) ;
#4718 = B_SPLINE_CURVE_WITH_KNOTS ( 'NONE', 3,
 ( #485, #3908, #4254, #2806 ),
 .UNSPECIFIED., .F., .F.,
 ( 4, 4 ),
 ( 0.0000000000000000000, 1.000000000000000000 ),
 .UNSPECIFIED. ) ;
#4719 = CARTESIAN_POINT ( 'NONE',  ( -0.3140276507359212044, 4.799999999999999822, -0.3778930287801739452 ) ) ;
#4720 = CARTESIAN_POINT ( 'NONE',  ( 1.617157619070361596, 4.799949999999745920, 0.2437725745860742088 ) ) ;
#4721 = VERTEX_POINT ( 'NONE', #4107 ) ;
#4722 = CARTESIAN_POINT ( 'NONE',  ( -2.043011030001809836, 4.799949999999952865, 0.2885121259026536267 ) ) ;
#4723 = CARTESIAN_POINT ( 'NONE',  ( -0.1858902351775416628, 4.799949999999999939, 1.448704012102621119 ) ) ;
#4724 = EDGE_CURVE ( 'NONE', #806, #1360, #326, .T. ) ;
#4725 = PRESENTATION_STYLE_ASSIGNMENT (( #3223 ) ) ;
#4726 = DIRECTION ( 'NONE',  ( -0.0000000000000000000, -1.000000000000000000, -0.0000000000000000000 ) ) ;
#4727 = CARTESIAN_POINT ( 'NONE',  ( -2.022015477248394699, 4.800000000000001599, 0.3576917622133381491 ) ) ;
#4728 = ORIENTED_EDGE ( 'NONE', *, *, #84, .F. ) ;
#4729 = CARTESIAN_POINT ( 'NONE',  ( 0.1102651714482296985, 4.800000000000002487, 0.2013511577958508880 ) ) ;
#4730 = ORIENTED_EDGE ( 'NONE', *, *, #17, .T. ) ;
#4731 = B_SPLINE_CURVE_WITH_KNOTS ( 'NONE', 3,
 ( #1409, #2136, #4018, #4332 ),
 .UNSPECIFIED., .F., .F.,
 ( 4, 4 ),
 ( 0.0000000000000000000, 1.000000000000000000 ),
 .UNSPECIFIED. ) ;
#4732 = CARTESIAN_POINT ( 'NONE',  ( -3.710000000000000409, 4.790000000000000036, -3.175000000000000711 ) ) ;
#4733 = CARTESIAN_POINT ( 'NONE',  ( 0.2753737648224126033, 4.799949999999999939, -1.310345587897392639 ) ) ;
#4734 = CARTESIAN_POINT ( 'NONE',  ( -1.198112132942986463, 4.799999999999999822, 0.1482700915889282600 ) ) ;
#4735 = CARTESIAN_POINT ( 'NONE',  ( 1.588664972011538667, 4.799949999999693517, 0.3770446334096037577 ) ) ;
#4736 = VERTEX_POINT ( 'NONE', #2266 ) ;
#4737 = CARTESIAN_POINT ( 'NONE',  ( -0.2339275128037204554, 4.799999999999999822, -1.539474801807892534 ) ) ;
#4738 = B_SPLINE_CURVE_WITH_KNOTS ( 'NONE', 3,
 ( #370, #4588, #3463, #1972 ),
 .UNSPECIFIED., .F., .F.,
 ( 4, 4 ),
 ( 0.0000000000000000000, 1.000000000000000000 ),
 .UNSPECIFIED. ) ;
#4739 = CARTESIAN_POINT ( 'NONE',  ( -2.038190923256017140, 4.799999999999999822, 0.5812829873669982383 ) ) ;
#4740 = CARTESIAN_POINT ( 'NONE',  ( -0.2966471726348733906, 4.799999999999999822, 1.538500497135469214 ) ) ;
#4741 = CARTESIAN_POINT ( 'NONE',  ( 0.1302889648224214159, 4.799999999999999822, -0.6159434545640529723 ) ) ;
#4742 = ORIENTED_EDGE ( 'NONE', *, *, #3435, .T. ) ;
#4743 = DIRECTION ( 'NONE',  ( 0.0000000000000000000, 0.0000000000000000000, -1.000000000000000000 ) ) ;
#4744 = CARTESIAN_POINT ( 'NONE',  ( 0.05388576482240683974, 4.799949999999999939, -1.494851187897386691 ) ) ;
#4745 = B_SPLINE_CURVE_WITH_KNOTS ( 'NONE', 3,
 ( #3701, #1468, #2969, #1887, #4466, #366, #2262, #2598, #1862, #2234, #339, #2644, #4511, #3354, #4862, #4487, #1131, #4125, #2286 ),
 .UNSPECIFIED., .F., .F.,
 ( 4, 1, 1, 1, 2, 2, 1, 1, 1, 1, 2, 2, 4 ),
 ( 0.0000000000000000000, 0.2499999999999945599, 0.3749999999999923395, 0.4374999999999915623, 0.4687499999999908962, 0.4999999999999902300, 0.6249999999999882316, 0.6874999999999874545, 0.7187499999999871214, 0.7343749999999871214, 0.7421874999999871214, 0.7499999999999870104, 1.000000000000000000 ),
 .UNSPECIFIED. ) ;
#4746 = ORIENTED_EDGE ( 'NONE', *, *, #1879, .T. ) ;
#4747 = CARTESIAN_POINT ( 'NONE',  ( -0.1757302351775378579, 4.799949999999999939, 1.624675212102624000 ) ) ;
#4748 = CARTESIAN_POINT ( 'NONE',  ( -2.029242686074883117, 4.800000000000000711, 1.037886414861897588 ) ) ;
#4749 = CARTESIAN_POINT ( 'NONE',  ( -0.01261174207473244636, 4.800000000000000711, 0.9240471194036004032 ) ) ;
#4750 = CARTESIAN_POINT ( 'NONE',  ( -1.072342239991499468, 4.800000000000000711, -1.198755620024807955 ) ) ;
#4751 = CARTESIAN_POINT ( 'NONE',  ( -0.1468758351775412974, 4.800000000000000711, 1.529502162488252548 ) ) ;
#4752 = ORIENTED_EDGE ( 'NONE', *, *, #3549, .T. ) ;
#4753 = CARTESIAN_POINT ( 'NONE',  ( -1.045611464341287933, 4.799999999999998934, 1.078580139058872955 ) ) ;
#4754 = ORIENTED_EDGE ( 'NONE', *, *, #2646, .F. ) ;
#4755 = B_SPLINE_CURVE_WITH_KNOTS ( 'NONE', 3,
 ( #3232, #2864, #4387, #3648, #4359, #2500, #3303, #1786, #3998, #241 ),
 .UNSPECIFIED., .F., .F.,
 ( 4, 1, 1, 2, 2, 4 ),
 ( 0.0000000000000000000, 0.2500000000000006661, 0.3750000000000009992, 0.4375000000000011657, 0.5000000000000013323, 1.000000000000000000 ),
 .UNSPECIFIED. ) ;
#4756 = DIRECTION ( 'NONE',  ( -0.0000000000000000000, 0.0000000000000000000, -1.000000000000000000 ) ) ;
#4757 = UNCERTAINTY_MEASURE_WITH_UNIT (LENGTH_MEASURE( 1.000000000000000082E-05 ), #1933, 'distance_accuracy_value', 'NONE');
#4758 = CARTESIAN_POINT ( 'NONE',  ( 0.1766514008153289295, 4.800000000000000711, -0.9078818147105278680 ) ) ;
#4759 = ADVANCED_FACE ( 'NONE', ( #3724 ), #4840, .F. ) ;
#4760 = CARTESIAN_POINT ( 'NONE',  ( 1.618557103964916477, 4.800000000000000711, 0.3896918026180191674 ) ) ;
#4761 = LINE ( 'NONE', #218, #4780 ) ;
#4762 = VERTEX_POINT ( 'NONE', #4174 ) ;
#4763 = VECTOR ( 'NONE', #2223, 1000.000000000000000 ) ;
#4764 = CARTESIAN_POINT ( 'NONE',  ( -3.710000000000000409, 4.790000000000000036, -1.334999999999999742 ) ) ;
#4765 = EDGE_CURVE ( 'NONE', #3858, #4381, #419, .T. ) ;
#4766 = CARTESIAN_POINT ( 'NONE',  ( -1.043011030001810280, 4.799949999999705064, 0.3041371259026536267 ) ) ;
#4767 = VECTOR ( 'NONE', #955, 1000.000000000000000 ) ;
#4768 = CARTESIAN_POINT ( 'NONE',  ( -0.3391030351775365381, 4.799949999999999939, 1.542582412102625922 ) ) ;
#4769 = CARTESIAN_POINT ( 'NONE',  ( -0.1411965189378773244, 4.800000000000000711, 0.05591368916831272046 ) ) ;
#4770 = STYLED_ITEM ( 'NONE', ( #2949 ), #1700 ) ;
#4771 = VERTEX_POINT ( 'NONE', #4639 ) ;
#4772 = CARTESIAN_POINT ( 'NONE',  ( 0.4721859013720293152, 4.799999999999999822, -1.269568342584421083 ) ) ;
#4773 = CARTESIAN_POINT ( 'NONE',  ( -2.043011030001809392, 4.799950000000211325, -1.122103682920876366 ) ) ;
#4774 = VECTOR ( 'NONE', #710, 1000.000000000000000 ) ;
#4775 = CARTESIAN_POINT ( 'NONE',  ( 0.2155488034934507080, 4.800000000000000711, -0.7266422132787226928 ) ) ;
#4776 = CARTESIAN_POINT ( 'NONE',  ( 0.6453351900363238913, 4.799999999999999822, 0.3657207203532817918 ) ) ;
#4777 = CARTESIAN_POINT ( 'NONE',  ( -0.4930455317830871875, 4.799999999999999822, -1.349960567718776705 ) ) ;
#4778 = CARTESIAN_POINT ( 'NONE',  ( -1.990851103531222410, 4.799950000000221983, -0.3534915505679346315 ) ) ;
#4779 = ORIENTED_EDGE ( 'NONE', *, *, #583, .F. ) ;
#4780 = VECTOR ( 'NONE', #1433, 1000.000000000000000 ) ;
#4781 = ORIENTED_EDGE ( 'NONE', *, *, #3482, .F. ) ;
#4782 = CARTESIAN_POINT ( 'NONE',  ( -0.5031725180073116643, 4.799999999999999822, 0.2747297601886037333 ) ) ;
#4783 = CARTESIAN_POINT ( 'NONE',  ( -0.2123062351775898415, 4.799949999999999939, -1.502979187897381941 ) ) ;
#4784 = CARTESIAN_POINT ( 'NONE',  ( -0.2541654351775699539, 4.799949999999999939, -0.01311678789737719640 ) ) ;
#4785 = CARTESIAN_POINT ( 'NONE',  ( 1.636319500936127547, 4.799999999999999822, 0.3760149531626772457 ) ) ;
#4786 = ORIENTED_EDGE ( 'NONE', *, *, #4040, .F. ) ;
#4787 = CARTESIAN_POINT ( 'NONE',  ( -0.2240765415822250917, 4.799999999999999822, -0.9290498440226723220 ) ) ;
#4788 = EDGE_CURVE ( 'NONE', #991, #235, #89, .T. ) ;
#4789 = CARTESIAN_POINT ( 'NONE',  ( -0.2594486351775535660, 4.799949999999999939, 0.7175904121026213112 ) ) ;
#4790 = CARTESIAN_POINT ( 'NONE',  ( -0.1257430351775702670, 4.799949999999999939, -0.1208127878973811187 ) ) ;
#4791 = CARTESIAN_POINT ( 'NONE',  ( 0.6644921778938910339, 4.799950000000171357, -0.2029186018845138828 ) ) ;
#4792 = ORIENTED_EDGE ( 'NONE', *, *, #1889, .T. ) ;
#4793 = CARTESIAN_POINT ( 'NONE',  ( 0.6545932424090480373, 4.800000000000000711, 0.2346450253100318128 ) ) ;
#4794 = CARTESIAN_POINT ( 'NONE',  ( 0.1083433648224121915, 4.799949999999999939, -1.162822387897387788 ) ) ;
#4795 = FACE_OUTER_BOUND ( 'NONE', #3988, .T. ) ;
#4796 = CARTESIAN_POINT ( 'NONE',  ( -2.043011030001809392, 4.799950000000211325, 0.5249551406085357641 ) ) ;
#4797 = CARTESIAN_POINT ( 'NONE',  ( -0.4300454231019049667, 4.799999999999998934, -1.313794765419704191 ) ) ;
#4798 = CARTESIAN_POINT ( 'NONE',  ( 3.709999999999999964, 4.790000000000000036, -1.335000000000001075 ) ) ;
#4799 = ORIENTED_EDGE ( 'NONE', *, *, #4650, .F. ) ;
#4800 = CARTESIAN_POINT ( 'NONE',  ( -0.1211634181930758419, 4.800000000000000711, 0.4425051362958281054 ) ) ;
#4801 = ORIENTED_EDGE ( 'NONE', *, *, #3458, .T. ) ;
#4802 = CARTESIAN_POINT ( 'NONE',  ( 0.04935169373415704969, 4.800000000000001599, 0.1302667855523490514 ) ) ;
#4803 = B_SPLINE_CURVE_WITH_KNOTS ( 'NONE', 3,
 ( #4525, #789, #4161, #764, #3388, #11, #2005, #107, #1524 ),
 .UNSPECIFIED., .F., .F.,
 ( 4, 1, 2, 2, 4 ),
 ( 0.0000000000000000000, 0.2500000000000001665, 0.3750000000000001110, 0.5000000000000001110, 1.000000000000000000 ),
 .UNSPECIFIED. ) ;
#4804 = CARTESIAN_POINT ( 'NONE',  ( -0.5356233075667204968, 4.799999999999999822, -1.523746867439581099 ) ) ;
#4805 =( NAMED_UNIT ( * ) PLANE_ANGLE_UNIT ( ) SI_UNIT ( $, .RADIAN. ) );
#4806 = CARTESIAN_POINT ( 'NONE',  ( 1.638127164879516373, 4.799999999999999822, 0.3685815629695283202 ) ) ;
#4807 = DIRECTION ( 'NONE',  ( 1.050074743327366691E-16, -0.0000000000000000000, 1.000000000000000000 ) ) ;
#4808 = CARTESIAN_POINT ( 'NONE',  ( -0.2407542351775763256, 4.799949999999999939, -0.9084159878973813163 ) ) ;
#4809 = CARTESIAN_POINT ( 'NONE',  ( 0.2228341542748494275, 4.799999999999999822, -1.215013377545996143 ) ) ;
#4810 = EDGE_CURVE ( 'NONE', #959, #145, #1761, .T. ) ;
#4811 = CARTESIAN_POINT ( 'NONE',  ( -0.2708527602628705289, 4.800000000000000711, 1.547393442036939959 ) ) ;
#4812 = CARTESIAN_POINT ( 'NONE',  ( -1.895799020197888485, 4.799999999999999822, 0.1344067337457909572 ) ) ;
#4813 = CARTESIAN_POINT ( 'NONE',  ( -1.075274779118132296, 4.800000000000000711, -0.4563110642638365522 ) ) ;
#4814 = CARTESIAN_POINT ( 'NONE',  ( -2.039687259769467520, 4.800000000000000711, 0.2339495171207670032 ) ) ;
#4815 = EDGE_CURVE ( 'NONE', #291, #2293, #2691, .T. ) ;
#4816 = CARTESIAN_POINT ( 'NONE',  ( -0.1757302351775378579, 4.799949999999999939, 1.624675212102624000 ) ) ;
#4817 = FILL_AREA_STYLE ('',( #4375 ) ) ;
#4818 = FACE_BOUND ( 'NONE', #1764, .T. ) ;
#4819 = B_SPLINE_CURVE_WITH_KNOTS ( 'NONE', 3,
 ( #3935, #184, #1021, #1707 ),
 .UNSPECIFIED., .F., .F.,
 ( 4, 4 ),
 ( 0.0000000000000000000, 1.000000000000000000 ),
 .UNSPECIFIED. ) ;
#4820 = CARTESIAN_POINT ( 'NONE',  ( 0.1171881070976390354, 4.799999999999999822, 1.234746223686583377 ) ) ;
#4821 = ORIENTED_EDGE ( 'NONE', *, *, #4637, .F. ) ;
#4822 = CARTESIAN_POINT ( 'NONE',  ( -3.710000000000000409, 4.790000000000000036, -3.175000000000000711 ) ) ;
#4823 = VERTEX_POINT ( 'NONE', #1567 ) ;
#4824 =( NAMED_UNIT ( * ) PLANE_ANGLE_UNIT ( ) SI_UNIT ( $, .RADIAN. ) );
#4825 = CARTESIAN_POINT ( 'NONE',  ( -0.1888546983029225912, 4.799999999999999822, -1.498487190033205296 ) ) ;
#4826 = FACE_OUTER_BOUND ( 'NONE', #121, .T. ) ;
#4827 = CARTESIAN_POINT ( 'NONE',  ( 0.05022816482246408865, 4.799949999999999939, 1.826249612102622155 ) ) ;
#4828 = CARTESIAN_POINT ( 'NONE',  ( -1.050196652226933036, 4.800000000000000711, 1.186468047478589138 ) ) ;
#4829 = ORIENTED_EDGE ( 'NONE', *, *, #2596, .F. ) ;
#4830 = B_SPLINE_CURVE_WITH_KNOTS ( 'NONE', 3,
 ( #993, #565, #231, #3566 ),
 .UNSPECIFIED., .F., .F.,
 ( 4, 4 ),
 ( 0.0000000000000000000, 1.000000000000000000 ),
 .UNSPECIFIED. ) ;
#4831 = DIRECTION ( 'NONE',  ( 1.000000000000000000, -0.0000000000000000000, 1.624272917581280413E-16 ) ) ;
#4832 = CARTESIAN_POINT ( 'NONE',  ( 0.0000000000000000000, -0.1000000000000000056, 0.0000000000000000000 ) ) ;
#4833 = CARTESIAN_POINT ( 'NONE',  ( -3.710000000000000409, 2.710505431213761085E-17, -3.175000000000000711 ) ) ;
#4834 = MECHANICAL_DESIGN_GEOMETRIC_PRESENTATION_REPRESENTATION (  '', ( #1074 ), #417 ) ;
#4835 = ORIENTED_EDGE ( 'NONE', *, *, #4473, .F. ) ;
#4836 = ORIENTED_EDGE ( 'NONE', *, *, #3759, .F. ) ;
#4837 = MECHANICAL_DESIGN_GEOMETRIC_PRESENTATION_REPRESENTATION (  '', ( #4442 ), #600 ) ;
#4838 = CYLINDRICAL_SURFACE ( 'NONE', #2876, 0.2999999999999999334 ) ;
#4839 = B_SPLINE_CURVE_WITH_KNOTS ( 'NONE', 3,
 ( #1670, #879, #2453, #584 ),
 .UNSPECIFIED., .F., .F.,
 ( 4, 4 ),
 ( 0.0000000000000000000, 1.000000000000000000 ),
 .UNSPECIFIED. ) ;
#4840 = PLANE ( 'NONE',  #1722 ) ;
#4841 = VECTOR ( 'NONE', #1900, 1000.000000000000000 ) ;
#4842 = PRESENTATION_STYLE_ASSIGNMENT (( #4491 ) ) ;
#4843 = EDGE_CURVE ( 'NONE', #2182, #3837, #2982, .T. ) ;
#4844 = SURFACE_STYLE_FILL_AREA ( #3686 ) ;
#4845 = ORIENTED_EDGE ( 'NONE', *, *, #226, .T. ) ;
#4846 = CARTESIAN_POINT ( 'NONE',  ( 1.626230054566588867, 4.799999999999999822, -0.3561329367054171802 ) ) ;
#4847 = VERTEX_POINT ( 'NONE', #2748 ) ;
#4848 = DIRECTION ( 'NONE',  ( 0.0000000000000000000, 1.624272917581280166E-16, -1.000000000000000000 ) ) ;
#4849 = EDGE_CURVE ( 'NONE', #4252, #4340, #2870, .T. ) ;
#4850 = CARTESIAN_POINT ( 'NONE',  ( -3.800000000000000266, -0.09999999999999982514, 1.335000000000000631 ) ) ;
#4851 = VECTOR ( 'NONE', #1346, 1000.000000000000000 ) ;
#4852 = SURFACE_STYLE_FILL_AREA ( #1854 ) ;
#4853 = FILL_AREA_STYLE ('',( #4878 ) ) ;
#4854 = ORIENTED_EDGE ( 'NONE', *, *, #71, .T. ) ;
#4855 = CARTESIAN_POINT ( 'NONE',  ( -1.089347394993319673, 4.800000000000000711, -0.3677163134915123477 ) ) ;
#4856 = VECTOR ( 'NONE', #4179, 1000.000000000000000 ) ;
#4857 = CARTESIAN_POINT ( 'NONE',  ( 1.650000000000000133, -0.1000000000000000056, 1.335000000000001075 ) ) ;
#4858 = B_SPLINE_CURVE_WITH_KNOTS ( 'NONE', 3,
 ( #2310, #149, #2668, #3898 ),
 .UNSPECIFIED., .F., .F.,
 ( 4, 4 ),
 ( 0.0000000000000000000, 1.000000000000000000 ),
 .UNSPECIFIED. ) ;
#4859 = ORIENTED_EDGE ( 'NONE', *, *, #369, .T. ) ;
#4860 = CARTESIAN_POINT ( 'NONE',  ( -0.3179702351775743341, 4.799949999999999939, -0.3504287878973786352 ) ) ;
#4861 = ORIENTED_EDGE ( 'NONE', *, *, #4515, .F. ) ;
#4862 = CARTESIAN_POINT ( 'NONE',  ( -0.1631820402701362471, 4.799999999999999822, -1.229676020489729460 ) ) ;
#4863 = CARTESIAN_POINT ( 'NONE',  ( -0.1257430351775702670, 4.799949999999999939, -0.1208127878973811187 ) ) ;
#4864 = SURFACE_STYLE_USAGE ( .BOTH. , #3703 ) ;
#4865 = CARTESIAN_POINT ( 'NONE',  ( 0.1071852780637645303, 4.799999999999999822, 1.365202563091021393 ) ) ;
#4866 =( LENGTH_UNIT ( ) NAMED_UNIT ( * ) SI_UNIT ( .MILLI., .METRE. ) );
#4867 = FACE_BOUND ( 'NONE', #1147, .T. ) ;
#4868 = ORIENTED_EDGE ( 'NONE', *, *, #2701, .T. ) ;
#4869 = EDGE_CURVE ( 'NONE', #4014, #787, #947, .T. ) ;
#4870 = CARTESIAN_POINT ( 'NONE',  ( 0.1071241648224093013, 4.799949999999999939, -1.316441587897388299 ) ) ;
#4871 = VERTEX_POINT ( 'NONE', #2936 ) ;
#4872 = CARTESIAN_POINT ( 'NONE',  ( 0.1120526045500833956, 4.800000000000000711, -0.05097014242666410289 ) ) ;
#4873 = VERTEX_POINT ( 'NONE', #3534 ) ;
#4874 = CARTESIAN_POINT ( 'NONE',  ( -0.2423798351775946214, 4.799949999999999939, -1.596044787897382911 ) ) ;
#4875 = LINE ( 'NONE', #1504, #4841 ) ;
#4876 = DIRECTION ( 'NONE',  ( 0.0000000000000000000, -0.0000000000000000000, 1.000000000000000000 ) ) ;
#4877 = EDGE_CURVE ( 'NONE', #79, #1580, #2461, .T. ) ;
#4878 = FILL_AREA_STYLE_COLOUR ( '', #4068 ) ;
#4879 = ORIENTED_EDGE ( 'NONE', *, *, #1639, .F. ) ;
#4880 = CARTESIAN_POINT ( 'NONE',  ( -0.04799550965462439506, 4.800000000000000711, -0.4711764394176522486 ) ) ;
#4881 = VERTEX_POINT ( 'NONE', #700 ) ;
#4882 = ORIENTED_EDGE ( 'NONE', *, *, #1895, .F. ) ;
ENDSEC;
END-ISO-10303-21;
